split,image,nearest_train_image,cosine
val,predict10_scaled-A0091_frame1.png,predict9_scaled-A0038_frame142.png,0.798776
val,predict10_scaled-A0091_frame10.png,predict9_scaled-A0038_frame142.png,0.796885
val,predict10_scaled-A0091_frame100.png,predict4_scaled-A0147_frame72.png,0.755025
val,predict10_scaled-A0091_frame101.png,predict4_scaled-A0147_frame72.png,0.759361
val,predict10_scaled-A0091_frame102.png,predict4_scaled-A0147_frame72.png,0.762685
val,predict10_scaled-A0091_frame103.png,predict4_scaled-A0147_frame71.png,0.756998
val,predict10_scaled-A0091_frame104.png,predict4_scaled-A0147_frame72.png,0.768001
val,predict10_scaled-A0091_frame105.png,predict4_scaled-A0147_frame72.png,0.766351
val,predict10_scaled-A0091_frame106.png,predict4_scaled-A0147_frame72.png,0.775358
val,predict10_scaled-A0091_frame107.png,predict4_scaled-A0147_frame72.png,0.773393
val,predict10_scaled-A0091_frame108.png,predict4_scaled-A0147_frame72.png,0.769748
val,predict10_scaled-A0091_frame109.png,predict4_scaled-A0147_frame72.png,0.760311
val,predict10_scaled-A0091_frame11.png,predict9_scaled-A0038_frame142.png,0.7955
val,predict10_scaled-A0091_frame12.png,predict9_scaled-A0037_frame78.png,0.794437
val,predict10_scaled-A0091_frame13.png,predict9_scaled-A0038_frame142.png,0.793991
val,predict10_scaled-A0091_frame14.png,predict9_scaled-A0038_frame142.png,0.79164
val,predict10_scaled-A0091_frame15.png,predict9_scaled-A0037_frame77.png,0.788178
val,predict10_scaled-A0091_frame16.png,predict9_scaled-A0037_frame77.png,0.787054
val,predict10_scaled-A0091_frame17.png,predict9_scaled-A0037_frame77.png,0.785573
val,predict10_scaled-A0091_frame18.png,predict9_scaled-A0037_frame77.png,0.782257
val,predict10_scaled-A0091_frame19.png,predict9_scaled-A0038_frame128.png,0.78011
val,predict10_scaled-A0091_frame2.png,predict9_scaled-A0038_frame142.png,0.798072
val,predict10_scaled-A0091_frame20.png,predict9_scaled-A0038_frame140.png,0.774505
val,predict10_scaled-A0091_frame21.png,predict9_scaled-A0038_frame128.png,0.77116
val,predict10_scaled-A0091_frame22.png,predict9_scaled-A0038_frame96.png,0.7649
val,predict10_scaled-A0091_frame23.png,predict9_scaled-A0038_frame96.png,0.75963
val,predict10_scaled-A0091_frame24.png,predict4_scaled-A0147_frame49.png,0.753437
val,predict10_scaled-A0091_frame25.png,predict4_scaled-A0147_frame49.png,0.754785
val,predict10_scaled-A0091_frame26.png,predict4_scaled-A0147_frame50.png,0.754909
val,predict10_scaled-A0091_frame27.png,predict4_scaled-A0147_frame50.png,0.756412
val,predict10_scaled-A0091_frame28.png,predict4_scaled-A0147_frame50.png,0.756508
val,predict10_scaled-A0091_frame29.png,predict4_scaled-A0147_frame49.png,0.760615
val,predict10_scaled-A0091_frame3.png,predict9_scaled-A0037_frame78.png,0.797916
val,predict10_scaled-A0091_frame30.png,predict4_scaled-A0147_frame72.png,0.75801
val,predict10_scaled-A0091_frame31.png,predict4_scaled-A0147_frame49.png,0.760192
val,predict10_scaled-A0091_frame32.png,predict4_scaled-A0147_frame49.png,0.760573
val,predict10_scaled-A0091_frame33.png,predict4_scaled-A0147_frame50.png,0.761041
val,predict10_scaled-A0091_frame34.png,predict4_scaled-A0147_frame49.png,0.760547
val,predict10_scaled-A0091_frame35.png,predict4_scaled-A0147_frame49.png,0.757385
val,predict10_scaled-A0091_frame36.png,predict4_scaled-A0147_frame72.png,0.751588
val,predict10_scaled-A0091_frame37.png,predict9_scaled-A0038_frame126.png,0.750221
val,predict10_scaled-A0091_frame38.png,predict9_scaled-A0038_frame126.png,0.753467
val,predict10_scaled-A0091_frame39.png,predict9_scaled-A0038_frame128.png,0.758876
val,predict10_scaled-A0091_frame4.png,predict9_scaled-A0037_frame78.png,0.795443
val,predict10_scaled-A0091_frame40.png,predict9_scaled-A0038_frame128.png,0.767555
val,predict10_scaled-A0091_frame41.png,predict9_scaled-A0038_frame128.png,0.772089
val,predict10_scaled-A0091_frame42.png,predict9_scaled-A0037_frame77.png,0.768658
val,predict10_scaled-A0091_frame43.png,predict9_scaled-A0038_frame141.png,0.773381
val,predict10_scaled-A0091_frame44.png,predict9_scaled-A0038_frame143.png,0.777386
val,predict10_scaled-A0091_frame45.png,predict9_scaled-A0038_frame141.png,0.78357
val,predict10_scaled-A0091_frame46.png,predict9_scaled-A0038_frame141.png,0.784426
val,predict10_scaled-A0091_frame47.png,predict9_scaled-A0038_frame141.png,0.784281
val,predict10_scaled-A0091_frame48.png,predict9_scaled-A0038_frame141.png,0.783869
val,predict10_scaled-A0091_frame49.png,predict9_scaled-A0038_frame141.png,0.780145
val,predict10_scaled-A0091_frame5.png,predict9_scaled-A0037_frame78.png,0.795864
val,predict10_scaled-A0091_frame50.png,predict9_scaled-A0038_frame141.png,0.783386
val,predict10_scaled-A0091_frame51.png,predict9_scaled-A0038_frame141.png,0.782916
val,predict10_scaled-A0091_frame52.png,predict9_scaled-A0038_frame142.png,0.782707
val,predict10_scaled-A0091_frame53.png,predict9_scaled-A0037_frame91.png,0.778946
val,predict10_scaled-A0091_frame54.png,predict9_scaled-A0037_frame91.png,0.779354
val,predict10_scaled-A0091_frame55.png,predict9_scaled-A0037_frame91.png,0.781199
val,predict10_scaled-A0091_frame56.png,predict9_scaled-A0038_frame142.png,0.781324
val,predict10_scaled-A0091_frame57.png,predict9_scaled-A0037_frame91.png,0.781475
val,predict10_scaled-A0091_frame58.png,predict9_scaled-A0037_frame91.png,0.781322
val,predict10_scaled-A0091_frame59.png,predict9_scaled-A0038_frame142.png,0.781019
val,predict10_scaled-A0091_frame6.png,predict9_scaled-A0038_frame142.png,0.796456
val,predict10_scaled-A0091_frame60.png,predict9_scaled-A0038_frame142.png,0.779299
val,predict10_scaled-A0091_frame61.png,predict9_scaled-A0038_frame142.png,0.777657
val,predict10_scaled-A0091_frame62.png,predict9_scaled-A0038_frame142.png,0.779685
val,predict10_scaled-A0091_frame63.png,predict9_scaled-A0038_frame142.png,0.779354
val,predict10_scaled-A0091_frame64.png,predict9_scaled-A0038_frame142.png,0.778545
val,predict10_scaled-A0091_frame65.png,predict9_scaled-A0038_frame142.png,0.776417
val,predict10_scaled-A0091_frame66.png,predict9_scaled-A0038_frame141.png,0.772827
val,predict10_scaled-A0091_frame67.png,predict9_scaled-A0038_frame129.png,0.767668
val,predict10_scaled-A0091_frame68.png,predict9_scaled-A0038_frame129.png,0.768726
val,predict10_scaled-A0091_frame69.png,predict9_scaled-A0038_frame129.png,0.770422
val,predict10_scaled-A0091_frame7.png,predict9_scaled-A0038_frame142.png,0.797282
val,predict10_scaled-A0091_frame70.png,predict9_scaled-A0038_frame141.png,0.774295
val,predict10_scaled-A0091_frame71.png,predict9_scaled-A0038_frame141.png,0.773554
val,predict10_scaled-A0091_frame72.png,predict9_scaled-A0038_frame141.png,0.771754
val,predict10_scaled-A0091_frame73.png,predict9_scaled-A0038_frame129.png,0.767526
val,predict10_scaled-A0091_frame74.png,predict9_scaled-A0038_frame129.png,0.768347
val,predict10_scaled-A0091_frame75.png,predict9_scaled-A0038_frame129.png,0.769411
val,predict10_scaled-A0091_frame76.png,predict9_scaled-A0038_frame129.png,0.769807
val,predict10_scaled-A0091_frame77.png,predict9_scaled-A0038_frame129.png,0.769836
val,predict10_scaled-A0091_frame78.png,predict9_scaled-A0038_frame129.png,0.769627
val,predict10_scaled-A0091_frame79.png,predict9_scaled-A0038_frame129.png,0.76772
val,predict10_scaled-A0091_frame8.png,predict9_scaled-A0038_frame142.png,0.796734
val,predict10_scaled-A0091_frame80.png,predict9_scaled-A0038_frame129.png,0.77202
val,predict10_scaled-A0091_frame81.png,predict9_scaled-A0038_frame141.png,0.774091
val,predict10_scaled-A0091_frame82.png,predict9_scaled-A0038_frame141.png,0.773883
val,predict10_scaled-A0091_frame83.png,predict9_scaled-A0038_frame141.png,0.773546
val,predict10_scaled-A0091_frame84.png,predict9_scaled-A0038_frame129.png,0.769522
val,predict10_scaled-A0091_frame85.png,predict9_scaled-A0038_frame142.png,0.771718
val,predict10_scaled-A0091_frame86.png,predict9_scaled-A0038_frame142.png,0.769957
val,predict10_scaled-A0091_frame87.png,predict9_scaled-A0038_frame141.png,0.76882
val,predict10_scaled-A0091_frame88.png,predict9_scaled-A0038_frame141.png,0.766652
val,predict10_scaled-A0091_frame89.png,predict9_scaled-A0037_frame77.png,0.762503
val,predict10_scaled-A0091_frame9.png,predict9_scaled-A0038_frame142.png,0.796826
val,predict10_scaled-A0091_frame90.png,predict9_scaled-A0037_frame77.png,0.761179
val,predict10_scaled-A0091_frame91.png,predict9_scaled-A0037_frame77.png,0.754833
val,predict10_scaled-A0091_frame92.png,predict9_scaled-A0038_frame128.png,0.748287
val,predict10_scaled-A0091_frame93.png,predict9_scaled-A0038_frame128.png,0.743971
val,predict10_scaled-A0091_frame94.png,predict9_scaled-A0037_frame77.png,0.740534
val,predict10_scaled-A0091_frame95.png,predict9_scaled-A0038_frame128.png,0.737453
val,predict10_scaled-A0091_frame96.png,predict9_scaled-A0038_frame128.png,0.735
val,predict10_scaled-A0091_frame97.png,predict4_scaled-A0147_frame72.png,0.739823
val,predict10_scaled-A0091_frame98.png,predict4_scaled-A0147_frame72.png,0.750045
val,predict10_scaled-A0091_frame99.png,predict4_scaled-A0147_frame72.png,0.753006
val,predict11_scaled-A0112_frame101.png,predict11_scaled-A0071_frame79.png,0.526236
val,predict11_scaled-A0112_frame33.png,predict11_scaled-A0071_frame79.png,0.431921
val,predict11_scaled-A0112_frame34.png,predict11_scaled-A0071_frame79.png,0.451805
val,predict11_scaled-A0112_frame35.png,predict11_scaled-A0071_frame79.png,0.448489
val,predict11_scaled-A0112_frame36.png,predict11_scaled-A0071_frame79.png,0.447872
val,predict11_scaled-A0112_frame37.png,predict11_scaled-A0071_frame79.png,0.434464
val,predict11_scaled-A0112_frame38.png,predict11_scaled-A0071_frame79.png,0.450774
val,predict11_scaled-A0112_frame39.png,predict11_scaled-A0071_frame79.png,0.452466
val,predict11_scaled-A0112_frame90.png,predict11_scaled-A0071_frame79.png,0.502958
val,predict11_scaled-A0112_frame91.png,predict11_scaled-A0071_frame79.png,0.542879
val,scaled-A0212_frame1.png,predict12_scaled-A0057_frame96.png,0.588382
val,scaled-A0212_frame2.png,predict12_scaled-A0057_frame96.png,0.588382
val,scaled-A0212_frame3.png,predict12_scaled-A0057_frame96.png,0.588382
val,scaled-A0212_frame4.png,predict12_scaled-A0057_frame96.png,0.588382
val,scaled-A0212_frame5.png,predict12_scaled-A0057_frame96.png,0.588382
val,scaled-A0213_frame1.png,predict12_scaled-A0057_frame60.png,0.595443
val,scaled-A0213_frame2.png,predict12_scaled-A0057_frame60.png,0.595443
val,scaled-A0213_frame3.png,predict12_scaled-A0057_frame60.png,0.595443
val,scaled-A0214_frame1.png,predict12_scaled-A0057_frame41.png,0.507993
val,scaled-A0215_frame1.png,predict12_scaled-A0044_frame93.png,0.498148
val,scaled-A0217_frame1.png,predict12_scaled-A0044_frame124.png,0.570051
val,scaled-A0217_frame2.png,predict12_scaled-A0044_frame124.png,0.570051
val,scaled-A0217_frame3.png,predict12_scaled-A0044_frame124.png,0.570051
val,scaled-dicom-1472.png,scaled-dicom-1584.png,0.750845
val,scaled-dicom-1473.png,scaled-dicom-1584.png,0.755775
val,scaled-dicom-1474.png,scaled-dicom-1584.png,0.751626
val,scaled-dicom-1475.png,scaled-dicom-1584.png,0.75042
val,scaled-dicom-1476.png,scaled-dicom-1584.png,0.750371
val,scaled-dicom-1477.png,scaled-dicom-3581.png,0.743077
val,scaled-dicom-1478.png,scaled-dicom-1584.png,0.748433
val,scaled-dicom-1479.png,scaled-dicom-1584.png,0.748456
val,scaled-dicom-1480.png,scaled-dicom-1584.png,0.742515
val,scaled-dicom-1481.png,scaled-dicom-1584.png,0.749297
val,scaled-dicom-1482.png,scaled-dicom-1584.png,0.748846
val,scaled-dicom-1483.png,scaled-dicom-1584.png,0.750149
val,scaled-dicom-1484.png,scaled-dicom-1584.png,0.75547
val,scaled-dicom-1485.png,scaled-dicom-1584.png,0.754978
val,scaled-dicom-1486.png,scaled-dicom-1584.png,0.756104
val,scaled-dicom-1487.png,scaled-dicom-1581.png,0.751821
val,scaled-dicom-1488.png,scaled-dicom-1581.png,0.751599
val,scaled-dicom-1489.png,scaled-dicom-1581.png,0.751741
val,scaled-dicom-1490.png,scaled-dicom-1581.png,0.762396
val,scaled-dicom-1491.png,scaled-dicom-1581.png,0.762288
val,scaled-dicom-1492.png,scaled-dicom-1581.png,0.762542
val,scaled-dicom-1493.png,scaled-dicom-1584.png,0.769233
val,scaled-dicom-1494.png,scaled-dicom-1584.png,0.769302
val,scaled-dicom-1495.png,scaled-dicom-1584.png,0.769767
val,scaled-dicom-1496.png,scaled-dicom-1584.png,0.769322
val,scaled-dicom-1497.png,scaled-dicom-1584.png,0.769374
val,scaled-dicom-1498.png,scaled-dicom-1584.png,0.75934
val,scaled-dicom-1499.png,scaled-dicom-1584.png,0.762312
val,scaled-dicom-1500.png,scaled-dicom-1584.png,0.761836
val,scaled-dicom-1501.png,scaled-dicom-1584.png,0.762746
val,scaled-dicom-1502.png,scaled-dicom-1584.png,0.761744
val,scaled-dicom-1503.png,scaled-dicom-1584.png,0.7613
val,scaled-dicom-1504.png,scaled-dicom-1584.png,0.762525
val,scaled-dicom-1505.png,scaled-dicom-1584.png,0.760729
val,scaled-dicom-1506.png,scaled-dicom-1584.png,0.76022
val,scaled-dicom-1507.png,scaled-dicom-1584.png,0.761777
val,scaled-dicom-1508.png,scaled-dicom-1584.png,0.761324
val,scaled-dicom-1509.png,scaled-dicom-1584.png,0.760767
val,scaled-dicom-1510.png,scaled-dicom-1584.png,0.762114
val,scaled-dicom-1511.png,scaled-dicom-1584.png,0.761694
val,scaled-dicom-1512.png,scaled-dicom-1584.png,0.761206
val,scaled-dicom-1513.png,scaled-dicom-1584.png,0.762367
val,scaled-dicom-1514.png,scaled-dicom-1584.png,0.762424
val,scaled-dicom-1515.png,scaled-dicom-1584.png,0.761939
val,scaled-dicom-1516.png,scaled-dicom-1584.png,0.762936
val,scaled-dicom-1517.png,scaled-dicom-1584.png,0.771592
val,scaled-dicom-1518.png,scaled-dicom-1584.png,0.771525
val,scaled-dicom-1519.png,scaled-dicom-1273.png,0.764698
val,scaled-dicom-1520.png,scaled-dicom-1584.png,0.773538
val,scaled-dicom-1521.png,scaled-dicom-1584.png,0.773434
val,scaled-dicom-1522.png,scaled-dicom-1584.png,0.773901
val,scaled-dicom-1523.png,scaled-dicom-1203.png,0.788374
val,scaled-dicom-1524.png,scaled-dicom-1203.png,0.787865
val,scaled-dicom-1525.png,scaled-dicom-1203.png,0.789015
val,scaled-dicom-1526.png,scaled-dicom-1203.png,0.754739
val,scaled-dicom-1527.png,scaled-dicom-1203.png,0.811032
val,scaled-dicom-1528.png,scaled-dicom-1203.png,0.755865
val,scaled-dicom-1529.png,scaled-dicom-1203.png,0.809016
val,scaled-dicom-1530.png,scaled-dicom-1203.png,0.794257
val,scaled-dicom-1531.png,scaled-dicom-1203.png,0.809971
val,scaled-dicom-1532.png,scaled-dicom-5099.png,0.760421
val,scaled-dicom-1533.png,scaled-dicom-5099.png,0.761066
val,scaled-dicom-1534.png,scaled-dicom-5099.png,0.760535
val,scaled-dicom-1535.png,scaled-dicom-5102.png,0.764785
val,scaled-dicom-1536.png,scaled-dicom-5102.png,0.764927
val,scaled-dicom-1537.png,scaled-dicom-5102.png,0.764293
val,scaled-dicom-1538.png,scaled-dicom-5102.png,0.770131
val,scaled-dicom-1539.png,scaled-dicom-5100.png,0.766902
val,scaled-dicom-1540.png,scaled-dicom-5102.png,0.770179
val,scaled-dicom-1541.png,scaled-dicom-5102.png,0.761768
val,scaled-dicom-1542.png,scaled-dicom-5102.png,0.761822
val,scaled-dicom-1543.png,scaled-dicom-5102.png,0.762019
val,scaled-dicom-1544.png,scaled-dicom-1584.png,0.752559
val,scaled-dicom-1545.png,scaled-dicom-1584.png,0.752069
val,scaled-dicom-1546.png,scaled-dicom-5102.png,0.75095
val,scaled-dicom-1547.png,scaled-dicom-1584.png,0.753918
val,scaled-dicom-1548.png,scaled-dicom-1584.png,0.753416
val,scaled-dicom-1549.png,scaled-dicom-1584.png,0.748556
val,scaled-dicom-1550.png,scaled-dicom-1584.png,0.754705
val,scaled-dicom-1551.png,scaled-dicom-1584.png,0.754276
val,scaled-dicom-1552.png,scaled-dicom-1584.png,0.746476
val,scaled-dicom-1553.png,scaled-dicom-1584.png,0.757042
val,scaled-dicom-1554.png,scaled-dicom-1584.png,0.75649
val,scaled-dicom-1555.png,scaled-dicom-1273.png,0.751292
val,scaled-dicom-1556.png,scaled-dicom-1273.png,0.760709
val,scaled-dicom-1557.png,scaled-dicom-1273.png,0.760954
val,scaled-dicom-1558.png,scaled-dicom-1273.png,0.759608
val,scaled-dicom-1559.png,scaled-dicom-1584.png,0.770877
val,scaled-dicom-1560.png,scaled-dicom-1584.png,0.770857
val,scaled-dicom-1561.png,scaled-dicom-1273.png,0.771824
val,scaled-dicom-1562.png,scaled-dicom-1273.png,0.769085
val,scaled-dicom-1563.png,scaled-dicom-1584.png,0.771835
val,scaled-dicom-1564.png,scaled-dicom-5102.png,0.768674
val,scaled-dicom-1565.png,scaled-dicom-5100.png,0.76764
val,scaled-dicom-1566.png,scaled-dicom-5100.png,0.767778
val,scaled-dicom-1567.png,scaled-dicom-5099.png,0.76717
val,scaled-dicom-1568.png,scaled-dicom-5102.png,0.767183
val,scaled-dicom-1569.png,scaled-dicom-5102.png,0.767243
val,scaled-dicom-1570.png,scaled-dicom-5102.png,0.766536
val,scaled-dicom-1571.png,scaled-dicom-5102.png,0.767843
val,scaled-dicom-1572.png,scaled-dicom-5102.png,0.767817
val,scaled-dicom-1573.png,scaled-dicom-5102.png,0.764666
val,scaled-dicom-1574.png,scaled-dicom-5102.png,0.771155
val,scaled-dicom-1575.png,scaled-dicom-5102.png,0.770788
val,scaled-dicom-1576.png,scaled-dicom-5102.png,0.770564
val,scaled-dicom-1577.png,scaled-dicom-5102.png,0.77249
val,scaled-dicom-1578.png,scaled-dicom-5102.png,0.772538
val,scaled-dicom-1579.png,scaled-dicom-5102.png,0.77225
val,scaled-dicom-1580.png,scaled-dicom-5102.png,0.7707
val,scaled-dicom-4368.png,scaled-dicom-507.png,0.668196
val,scaled-dicom-4369.png,scaled-dicom-507.png,0.668643
val,scaled-dicom-4370.png,scaled-dicom-507.png,0.676707
val,scaled-dicom-4371.png,scaled-dicom-507.png,0.679047
val,scaled-dicom-4372.png,scaled-dicom-507.png,0.679205
val,scaled-dicom-4373.png,scaled-dicom-507.png,0.670874
val,scaled-dicom-4374.png,scaled-dicom-577.png,0.681961
val,scaled-dicom-4375.png,scaled-dicom-577.png,0.682155
val,scaled-dicom-4376.png,scaled-dicom-577.png,0.681578
val,scaled-dicom-4377.png,scaled-dicom-577.png,0.640236
val,scaled-dicom-4378.png,scaled-dicom-577.png,0.640085
val,scaled-dicom-4379.png,scaled-dicom-577.png,0.655042
val,scaled-dicom-4380.png,scaled-dicom-577.png,0.662066
val,scaled-dicom-4381.png,scaled-dicom-577.png,0.66223
val,scaled-dicom-4382.png,scaled-dicom-577.png,0.662076
val,scaled-dicom-4383.png,scaled-dicom-574.png,0.621256
val,scaled-dicom-4384.png,scaled-dicom-574.png,0.621013
val,scaled-dicom-4385.png,scaled-dicom-577.png,0.644411
val,scaled-dicom-4386.png,scaled-dicom-574.png,0.632587
val,scaled-dicom-4387.png,scaled-dicom-574.png,0.632287
val,scaled-dicom-4388.png,scaled-dicom-574.png,0.633433
val,scaled-dicom-4389.png,scaled-dicom-573.png,0.638317
val,scaled-dicom-4390.png,scaled-dicom-573.png,0.638149
val,scaled-dicom-4391.png,scaled-dicom-573.png,0.639021
val,scaled-dicom-4392.png,scaled-dicom-574.png,0.653868
val,scaled-dicom-4393.png,scaled-dicom-574.png,0.653886
val,scaled-dicom-4394.png,scaled-dicom-574.png,0.654047
val,scaled-dicom-4395.png,scaled-dicom-570.png,0.637104
val,scaled-dicom-4396.png,scaled-dicom-570.png,0.636985
val,scaled-dicom-4397.png,scaled-dicom-574.png,0.651756
val,scaled-dicom-4398.png,scaled-dicom-574.png,0.648014
val,scaled-dicom-4399.png,scaled-dicom-570.png,0.633176
val,scaled-dicom-4400.png,scaled-dicom-574.png,0.648935
val,scaled-dicom-4401.png,scaled-dicom-573.png,0.633264
val,scaled-dicom-4402.png,scaled-dicom-573.png,0.632983
val,scaled-dicom-4403.png,scaled-dicom-573.png,0.634455
val,scaled-dicom-4404.png,scaled-dicom-574.png,0.657445
val,scaled-dicom-4405.png,scaled-dicom-573.png,0.638033
val,scaled-dicom-4406.png,scaled-dicom-574.png,0.658193
val,scaled-dicom-4407.png,scaled-dicom-574.png,0.664996
val,scaled-dicom-4408.png,scaled-dicom-574.png,0.664914
val,scaled-dicom-4409.png,scaled-dicom-574.png,0.665397
val,scaled-dicom-4410.png,scaled-dicom-577.png,0.660093
val,scaled-dicom-4411.png,scaled-dicom-577.png,0.660043
val,scaled-dicom-4412.png,scaled-dicom-577.png,0.660856
val,scaled-dicom-4413.png,scaled-dicom-577.png,0.690295
val,scaled-dicom-4414.png,scaled-dicom-577.png,0.690705
val,scaled-dicom-4415.png,scaled-dicom-504.png,0.693362
val,scaled-dicom-4416.png,scaled-dicom-504.png,0.694579
val,scaled-dicom-4417.png,scaled-dicom-504.png,0.694952
val,scaled-dicom-4418.png,scaled-dicom-507.png,0.693659
val,scaled-dicom-4419.png,scaled-dicom-507.png,0.703037
val,scaled-dicom-4420.png,scaled-dicom-504.png,0.703327
val,scaled-dicom-4421.png,scaled-dicom-507.png,0.702583
val,scaled-dicom-4422.png,scaled-dicom-577.png,0.708203
val,scaled-dicom-4423.png,scaled-dicom-577.png,0.708676
val,scaled-dicom-4424.png,scaled-dicom-504.png,0.712821
val,scaled-dicom-4425.png,scaled-dicom-504.png,0.714673
val,scaled-dicom-4426.png,scaled-dicom-504.png,0.714923
val,scaled-dicom-4427.png,scaled-dicom-507.png,0.713981
val,scaled-dicom-4428.png,scaled-dicom-507.png,0.707865
val,scaled-dicom-4429.png,scaled-dicom-504.png,0.70647
val,scaled-dicom-4430.png,scaled-dicom-507.png,0.707439
val,scaled-dicom-4431.png,scaled-dicom-507.png,0.699476
val,scaled-dicom-4432.png,scaled-dicom-504.png,0.700196
val,scaled-dicom-4433.png,scaled-dicom-507.png,0.698502
val,scaled-dicom-4434.png,scaled-dicom-504.png,0.699925
val,scaled-dicom-4435.png,scaled-dicom-504.png,0.7
val,scaled-dicom-4436.png,scaled-dicom-504.png,0.69948
val,scaled-dicom-4437.png,scaled-dicom-577.png,0.696136
val,scaled-dicom-4438.png,scaled-dicom-504.png,0.700359
val,scaled-dicom-4439.png,scaled-dicom-577.png,0.694718
val,scaled-dicom-4440.png,scaled-dicom-507.png,0.696808
val,scaled-dicom-4441.png,scaled-dicom-507.png,0.69689
val,scaled-dicom-4442.png,scaled-dicom-505.png,0.677763
val,scaled-dicom-4443.png,scaled-dicom-507.png,0.710028
val,scaled-dicom-4444.png,scaled-dicom-507.png,0.715078
val,scaled-dicom-4445.png,scaled-dicom-507.png,0.709216
val,scaled-dicom-4446.png,scaled-dicom-507.png,0.705818
val,scaled-dicom-4447.png,scaled-dicom-507.png,0.705807
val,scaled-dicom-4448.png,scaled-dicom-507.png,0.697126
val,scaled-dicom-4449.png,scaled-dicom-507.png,0.694387
val,scaled-dicom-4450.png,scaled-dicom-507.png,0.694628
val,scaled-dicom-4451.png,scaled-dicom-507.png,0.69314
val,scaled-dicom-4452.png,scaled-dicom-507.png,0.688453
val,scaled-dicom-4453.png,scaled-dicom-507.png,0.688865
val,scaled-dicom-4454.png,scaled-dicom-507.png,0.673594
val,scaled-dicom-4455.png,scaled-dicom-507.png,0.682556
val,scaled-dicom-4456.png,scaled-dicom-507.png,0.682815
val,scaled-dicom-4457.png,scaled-dicom-507.png,0.681776
val,scaled-dicom-4458.png,scaled-dicom-577.png,0.67187
val,scaled-dicom-4459.png,scaled-dicom-577.png,0.672147
val,scaled-dicom-4460.png,scaled-dicom-501.png,0.669903
val,scaled-dicom-4461.png,scaled-dicom-501.png,0.670582
val,scaled-dicom-4462.png,scaled-dicom-577.png,0.671001
val,scaled-dicom-4463.png,scaled-dicom-501.png,0.670042
val,scaled-dicom-4464.png,scaled-dicom-505.png,0.643997
val,scaled-dicom-4465.png,scaled-dicom-505.png,0.644442
val,scaled-dicom-4466.png,scaled-dicom-507.png,0.643001
val,scaled-dicom-4467.png,scaled-dicom-505.png,0.63883
val,scaled-dicom-4468.png,scaled-dicom-505.png,0.639245
val,scaled-dicom-4469.png,scaled-dicom-507.png,0.637427
val,scaled-dicom-4470.png,scaled-dicom-507.png,0.645976
val,scaled-dicom-4471.png,scaled-dicom-506.png,0.646436
val,scaled-dicom-4472.png,scaled-dicom-505.png,0.628499
val,scaled-dicom-4473.png,scaled-dicom-505.png,0.603616
val,scaled-dicom-4474.png,scaled-dicom-505.png,0.604192
val,scaled-dicom-4475.png,scaled-dicom-505.png,0.602051
val,scaled-dicom-4476.png,scaled-dicom-505.png,0.583646
val,scaled-dicom-4477.png,predict5_scaled-A0011_frame62.png,0.67522
val,scaled-dicom-4478.png,predict5_scaled-A0011_frame62.png,0.675521
val,scaled-dicom-4479.png,predict5_scaled-A0011_frame60.png,0.674032
val,scaled-dicom-4480.png,predict5_scaled-A0011_frame60.png,0.673523
val,scaled-dicom-4481.png,predict5_scaled-A0011_frame60.png,0.673906
val,scaled-dicom-4482.png,predict5_scaled-A0011_frame62.png,0.679706
val,scaled-dicom-4483.png,predict5_scaled-A0011_frame62.png,0.68065
val,scaled-dicom-4484.png,predict5_scaled-A0011_frame62.png,0.68088
val,scaled-dicom-4485.png,predict5_scaled-A0011_frame62.png,0.680613
val,scaled-dicom-4486.png,predict5_scaled-A0011_frame62.png,0.681687
val,scaled-dicom-4487.png,predict5_scaled-A0011_frame60.png,0.677085
val,scaled-dicom-4488.png,predict5_scaled-A0011_frame60.png,0.676035
val,scaled-dicom-4489.png,predict5_scaled-A0011_frame60.png,0.684839
val,scaled-dicom-4490.png,predict5_scaled-A0011_frame60.png,0.684534
val,scaled-dicom-4491.png,predict5_scaled-A0011_frame60.png,0.684065
val,scaled-dicom-4492.png,predict5_scaled-A0010_frame8.png,0.687474
val,scaled-dicom-4493.png,predict5_scaled-A0010_frame8.png,0.687085
val,scaled-dicom-4494.png,predict5_scaled-A0010_frame8.png,0.687647
val,scaled-dicom-4495.png,predict5_scaled-A0011_frame60.png,0.690351
val,scaled-dicom-4496.png,predict5_scaled-A0011_frame60.png,0.690598
val,scaled-dicom-4497.png,predict5_scaled-A0011_frame60.png,0.688786
val,scaled-dicom-4498.png,predict5_scaled-A0010_frame10.png,0.687051
val,scaled-dicom-4499.png,predict5_scaled-A0010_frame8.png,0.688184
val,scaled-dicom-4500.png,predict5_scaled-A0010_frame10.png,0.687478
val,scaled-dicom-4501.png,predict5_scaled-A0010_frame8.png,0.678975
val,scaled-dicom-4502.png,predict5_scaled-A0010_frame8.png,0.678757
val,scaled-dicom-4503.png,predict5_scaled-A0010_frame8.png,0.678596
val,scaled-dicom-4504.png,predict5_scaled-A0011_frame66.png,0.647238
val,scaled-dicom-4505.png,predict5_scaled-A0011_frame66.png,0.647092
val,scaled-dicom-4506.png,predict5_scaled-A0011_frame66.png,0.647843
val,scaled-dicom-4507.png,predict5_scaled-A0010_frame8.png,0.644391
val,scaled-dicom-4508.png,predict5_scaled-A0010_frame8.png,0.64389
val,scaled-dicom-4509.png,predict5_scaled-A0010_frame8.png,0.646997
val,scaled-dicom-4510.png,predict5_scaled-A0010_frame8.png,0.638353
val,scaled-dicom-4511.png,predict5_scaled-A0010_frame8.png,0.637826
val,scaled-dicom-4512.png,predict5_scaled-A0010_frame8.png,0.64036
val,scaled-dicom-4513.png,predict5_scaled-A0010_frame8.png,0.640364
val,scaled-dicom-4514.png,predict5_scaled-A0010_frame8.png,0.639888
val,scaled-dicom-4515.png,predict5_scaled-A0010_frame8.png,0.642136
val,scaled-dicom-4516.png,predict5_scaled-A0010_frame8.png,0.64199
val,scaled-dicom-4517.png,predict5_scaled-A0010_frame8.png,0.641673
val,scaled-dicom-4518.png,predict5_scaled-A0010_frame8.png,0.642838
val,scaled-dicom-4519.png,predict5_scaled-A0010_frame8.png,0.645209
val,scaled-dicom-4520.png,predict5_scaled-A0010_frame8.png,0.644852
val,scaled-dicom-4521.png,predict5_scaled-A0010_frame8.png,0.646341
val,scaled-dicom-4522.png,predict5_scaled-A0010_frame8.png,0.655197
val,scaled-dicom-4523.png,predict5_scaled-A0010_frame8.png,0.654683
val,scaled-dicom-4524.png,predict5_scaled-A0010_frame8.png,0.656528
val,scaled-dicom-4525.png,predict5_scaled-A0010_frame10.png,0.663809
val,scaled-dicom-4526.png,predict5_scaled-A0010_frame10.png,0.663347
val,scaled-dicom-4527.png,predict5_scaled-A0010_frame10.png,0.665426
val,scaled-dicom-4528.png,predict5_scaled-A0010_frame10.png,0.66698
val,scaled-dicom-4529.png,predict5_scaled-A0010_frame10.png,0.666736
val,scaled-dicom-4530.png,predict5_scaled-A0010_frame10.png,0.66946
val,scaled-dicom-4531.png,predict5_scaled-A0010_frame8.png,0.684044
val,scaled-dicom-4532.png,predict5_scaled-A0010_frame8.png,0.683977
val,scaled-dicom-4533.png,predict5_scaled-A0010_frame10.png,0.679039
val,scaled-dicom-4534.png,predict5_scaled-A0010_frame8.png,0.680957
val,scaled-dicom-4535.png,predict5_scaled-A0010_frame8.png,0.680935
val,scaled-dicom-4536.png,predict5_scaled-A0010_frame8.png,0.684831
val,scaled-dicom-4537.png,predict5_scaled-A0010_frame8.png,0.678138
val,scaled-dicom-4538.png,predict5_scaled-A0010_frame8.png,0.677953
val,scaled-dicom-4539.png,predict5_scaled-A0010_frame8.png,0.678673
val,scaled-dicom-4540.png,predict5_scaled-A0010_frame10.png,0.683715
val,scaled-dicom-4541.png,predict5_scaled-A0010_frame10.png,0.682671
val,scaled-dicom-4542.png,predict5_scaled-A0011_frame60.png,0.683194
val,scaled-dicom-4543.png,predict5_scaled-A0011_frame60.png,0.688502
val,scaled-dicom-4544.png,predict5_scaled-A0011_frame60.png,0.688631
val,scaled-dicom-4545.png,predict5_scaled-A0011_frame60.png,0.689633
val,scaled-dicom-4546.png,predict5_scaled-A0010_frame10.png,0.689741
val,scaled-dicom-4547.png,predict5_scaled-A0010_frame10.png,0.689555
val,scaled-dicom-4548.png,predict5_scaled-A0010_frame10.png,0.681557
val,scaled-dicom-4549.png,predict5_scaled-A0010_frame10.png,0.685545
val,scaled-dicom-4550.png,predict5_scaled-A0010_frame10.png,0.685432
val,scaled-dicom-4551.png,predict5_scaled-A0010_frame10.png,0.686146
val,scaled-dicom-4552.png,predict5_scaled-A0010_frame8.png,0.682163
val,scaled-dicom-4553.png,predict5_scaled-A0010_frame10.png,0.68402
val,scaled-dicom-4554.png,predict5_scaled-A0010_frame10.png,0.683655
val,scaled-dicom-4555.png,predict5_scaled-A0010_frame8.png,0.67641
val,scaled-dicom-4556.png,predict5_scaled-A0010_frame8.png,0.676001
val,scaled-dicom-4557.png,predict5_scaled-A0010_frame8.png,0.678923
val,scaled-dicom-4558.png,predict5_scaled-A0010_frame8.png,0.656322
val,scaled-dicom-4559.png,predict5_scaled-A0010_frame8.png,0.655773
val,scaled-dicom-4560.png,predict5_scaled-A0010_frame8.png,0.658191
val,scaled-dicom-4561.png,predict5_scaled-A0011_frame66.png,0.641009
val,scaled-dicom-4562.png,predict5_scaled-A0011_frame66.png,0.640951
val,scaled-dicom-4563.png,predict5_scaled-A0011_frame66.png,0.641485
val,scaled-dicom-4564.png,predict5_scaled-A0011_frame66.png,0.630022
val,scaled-dicom-4565.png,predict5_scaled-A0011_frame66.png,0.629985
val,scaled-dicom-4566.png,predict5_scaled-A0011_frame66.png,0.6291
val,scaled-dicom-4567.png,predict5_scaled-A0010_frame8.png,0.610865
val,scaled-dicom-4568.png,predict5_scaled-A0010_frame8.png,0.610521
val,scaled-dicom-4569.png,predict5_scaled-A0010_frame8.png,0.608303
val,scaled-dicom-4570.png,predict5_scaled-A0010_frame8.png,0.614983
val,scaled-dicom-4571.png,predict5_scaled-A0010_frame8.png,0.614616
val,scaled-dicom-4572.png,predict5_scaled-A0010_frame8.png,0.616613
val,scaled-dicom-4573.png,predict5_scaled-A0010_frame10.png,0.608024
val,scaled-dicom-4574.png,predict5_scaled-A0010_frame10.png,0.607682
val,scaled-dicom-4575.png,predict5_scaled-A0010_frame10.png,0.610388
val,scaled-dicom-4576.png,predict5_scaled-A0010_frame8.png,0.621995
val,scaled-dicom-4577.png,predict5_scaled-A0010_frame8.png,0.622542
val,scaled-dicom-4578.png,predict5_scaled-A0010_frame8.png,0.621639
val,scaled-dicom-4579.png,predict5_scaled-A0010_frame10.png,0.636431
val,scaled-dicom-4580.png,predict5_scaled-A0010_frame10.png,0.636025
val,scaled-dicom-4581.png,predict5_scaled-A0010_frame10.png,0.631833
val,scaled-dicom-4582.png,predict5_scaled-A0010_frame10.png,0.644935
val,scaled-dicom-4583.png,predict5_scaled-A0010_frame10.png,0.644468
val,scaled-dicom-4584.png,predict5_scaled-A0010_frame10.png,0.633678
val,scaled-dicom-4585.png,predict5_scaled-A0010_frame10.png,0.653774
val,scaled-dicom-4586.png,predict5_scaled-A0010_frame10.png,0.622526
val,scaled-dicom-4587.png,predict5_scaled-A0010_frame10.png,0.607158
val,scaled-dicom-4588.png,predict5_scaled-A0010_frame10.png,0.623327
val,scaled-dicom-4589.png,predict5_scaled-A0010_frame10.png,0.587762
val,scaled-dicom-4590.png,predict5_scaled-A0010_frame10.png,0.587465
val,scaled-dicom-4591.png,predict5_scaled-A0010_frame10.png,0.588158
val,scaled-dicom-4592.png,predict5_scaled-A0010_frame10.png,0.59726
val,scaled-dicom-4593.png,predict5_scaled-A0010_frame10.png,0.597099
val,scaled-dicom-4594.png,predict5_scaled-A0010_frame10.png,0.59753
val,scaled-dicom-4595.png,predict5_scaled-A0010_frame10.png,0.626766
val,scaled-dicom-4596.png,predict5_scaled-A0010_frame10.png,0.626787
val,scaled-dicom-4597.png,predict5_scaled-A0010_frame10.png,0.600611
val,scaled-dicom-4598.png,predict5_scaled-A0011_frame60.png,0.658717
val,scaled-dicom-4599.png,predict5_scaled-A0011_frame60.png,0.658943
val,scaled-dicom-4600.png,predict5_scaled-A0011_frame60.png,0.65824
val,scaled-dicom-4601.png,predict5_scaled-A0012_frame117.png,0.675447
val,scaled-dicom-4602.png,predict5_scaled-A0011_frame60.png,0.667058
val,scaled-dicom-4603.png,predict5_scaled-A0011_frame60.png,0.666672
val,scaled-dicom-4604.png,predict5_scaled-A0012_frame117.png,0.679255
val,scaled-dicom-4605.png,predict5_scaled-A0011_frame60.png,0.672597
val,scaled-dicom-4606.png,predict5_scaled-A0011_frame60.png,0.672314
val,scaled-dicom-4607.png,predict5_scaled-A0012_frame117.png,0.668884
val,scaled-dicom-4608.png,predict5_scaled-A0012_frame117.png,0.669285
val,scaled-dicom-4609.png,predict5_scaled-A0012_frame117.png,0.667909
val,scaled-dicom-4610.png,predict5_scaled-A0011_frame60.png,0.644564
val,scaled-dicom-4611.png,predict5_scaled-A0010_frame8.png,0.63426
val,scaled-dicom-4612.png,predict5_scaled-A0011_frame60.png,0.643746
val,scaled-dicom-4613.png,predict5_scaled-A0010_frame10.png,0.627622
val,scaled-dicom-4614.png,predict5_scaled-A0010_frame10.png,0.627425
val,scaled-dicom-4615.png,predict5_scaled-A0010_frame10.png,0.628193
val,scaled-dicom-4616.png,predict5_scaled-A0010_frame10.png,0.604235
val,scaled-dicom-4617.png,predict5_scaled-A0010_frame10.png,0.604025
val,scaled-dicom-4618.png,predict5_scaled-A0010_frame10.png,0.600014
val,scaled-dicom-4619.png,predict5_scaled-A0010_frame10.png,0.573744
val,scaled-dicom-4620.png,predict5_scaled-A0010_frame10.png,0.573444
val,scaled-dicom-4621.png,predict5_scaled-A0010_frame10.png,0.588851
val,scaled-dicom-4622.png,predict5_scaled-A0010_frame10.png,0.595828
val,scaled-dicom-4623.png,predict5_scaled-A0010_frame10.png,0.595629
val,scaled-dicom-4624.png,predict5_scaled-A0010_frame10.png,0.59667
val,scaled-dicom-4625.png,predict5_scaled-A0010_frame10.png,0.587242
val,scaled-dicom-4626.png,predict5_scaled-A0010_frame10.png,0.586989
val,scaled-dicom-4627.png,predict5_scaled-A0010_frame10.png,0.587927
val,scaled-dicom-4628.png,predict5_scaled-A0010_frame10.png,0.585697
val,scaled-dicom-4629.png,predict5_scaled-A0010_frame10.png,0.58564
val,scaled-dicom-4630.png,predict5_scaled-A0010_frame10.png,0.58638
val,scaled-dicom-4631.png,predict5_scaled-A0010_frame10.png,0.602592
val,scaled-dicom-4632.png,predict5_scaled-A0010_frame10.png,0.602505
val,scaled-dicom-4633.png,predict5_scaled-A0010_frame10.png,0.603075
val,scaled-dicom-4634.png,predict5_scaled-A0011_frame60.png,0.622029
val,scaled-dicom-4635.png,predict5_scaled-A0011_frame60.png,0.622285
val,scaled-dicom-4636.png,predict5_scaled-A0011_frame60.png,0.621602
val,scaled-dicom-4637.png,predict5_scaled-A0012_frame117.png,0.659029
val,scaled-dicom-4638.png,predict5_scaled-A0012_frame117.png,0.659354
val,scaled-dicom-4639.png,predict5_scaled-A0012_frame117.png,0.658538
val,scaled-dicom-4640.png,predict5_scaled-A0012_frame117.png,0.656216
val,scaled-dicom-4641.png,predict5_scaled-A0012_frame117.png,0.656494
val,scaled-dicom-4642.png,predict5_scaled-A0012_frame117.png,0.658804
val,scaled-dicom-4643.png,predict5_scaled-A0012_frame117.png,0.65326
val,scaled-dicom-4644.png,predict5_scaled-A0012_frame117.png,0.653582
val,scaled-dicom-4645.png,predict5_scaled-A0012_frame117.png,0.653006
val,scaled-dicom-4646.png,predict5_scaled-A0012_frame117.png,0.650267
val,scaled-dicom-4647.png,predict5_scaled-A0012_frame117.png,0.650597
val,scaled-dicom-4648.png,predict5_scaled-A0012_frame117.png,0.650424
val,scaled-dicom-4649.png,predict5_scaled-A0012_frame117.png,0.658886
val,scaled-dicom-4650.png,predict5_scaled-A0012_frame117.png,0.659138
val,scaled-dicom-4651.png,predict5_scaled-A0012_frame117.png,0.652814
val,scaled-dicom-4652.png,predict5_scaled-A0012_frame117.png,0.652298
val,scaled-dicom-4653.png,predict5_scaled-A0012_frame117.png,0.652597
val,scaled-dicom-4654.png,predict5_scaled-A0012_frame117.png,0.651335
val,scaled-dicom-4655.png,predict5_scaled-A0012_frame117.png,0.65726
val,scaled-dicom-4656.png,predict5_scaled-A0012_frame117.png,0.657437
val,scaled-dicom-4657.png,predict5_scaled-A0012_frame117.png,0.656611
val,scaled-dicom-4658.png,predict5_scaled-A0012_frame117.png,0.660429
val,scaled-dicom-4659.png,predict5_scaled-A0012_frame117.png,0.660557
val,scaled-dicom-4660.png,predict5_scaled-A0012_frame117.png,0.659803
val,scaled-dicom-4661.png,predict5_scaled-A0012_frame117.png,0.660148
val,scaled-dicom-4662.png,predict5_scaled-A0012_frame117.png,0.660435
val,scaled-dicom-4663.png,predict5_scaled-A0012_frame117.png,0.657753
val,scaled-dicom-4664.png,predict5_scaled-A0012_frame118.png,0.635439
val,scaled-dicom-4665.png,predict5_scaled-A0012_frame118.png,0.635759
val,scaled-dicom-4666.png,predict5_scaled-A0012_frame118.png,0.635176
val,scaled-dicom-4667.png,predict5_scaled-A0012_frame117.png,0.619689
val,scaled-dicom-4668.png,predict5_scaled-A0012_frame117.png,0.620191
val,scaled-dicom-4669.png,predict5_scaled-A0012_frame117.png,0.618975
val,scaled-dicom-4670.png,scaled-dicom-501.png,0.591242
val,scaled-dicom-4671.png,scaled-dicom-507.png,0.591803
val,scaled-dicom-4672.png,scaled-dicom-501.png,0.591922
val,scaled-dicom-4673.png,scaled-dicom-507.png,0.597086
val,scaled-dicom-4674.png,scaled-dicom-507.png,0.597051
val,scaled-dicom-4675.png,scaled-dicom-507.png,0.597897
val,scaled-dicom-4676.png,scaled-dicom-507.png,0.577146
val,scaled-dicom-4677.png,scaled-dicom-507.png,0.577201
val,scaled-dicom-4678.png,scaled-dicom-507.png,0.577242
val,scaled-dicom-4679.png,scaled-dicom-507.png,0.576775
val,scaled-dicom-4680.png,scaled-dicom-507.png,0.576861
val,scaled-dicom-4681.png,scaled-dicom-507.png,0.588779
val,scaled-dicom-4682.png,scaled-dicom-507.png,0.586872
val,scaled-dicom-4683.png,scaled-dicom-507.png,0.586891
val,scaled-dicom-4684.png,scaled-dicom-507.png,0.587349
val,scaled-dicom-4685.png,predict5_scaled-A0010_frame10.png,0.589716
val,scaled-dicom-4686.png,predict5_scaled-A0010_frame10.png,0.589564
val,scaled-dicom-4687.png,predict5_scaled-A0010_frame10.png,0.59046
val,scaled-dicom-4688.png,predict5_scaled-A0012_frame117.png,0.630793
val,scaled-dicom-4689.png,predict5_scaled-A0012_frame117.png,0.631147
val,scaled-dicom-4690.png,predict5_scaled-A0012_frame117.png,0.629828
val,scaled-dicom-4691.png,predict5_scaled-A0012_frame117.png,0.65462
val,scaled-dicom-4692.png,predict5_scaled-A0012_frame117.png,0.655099
val,scaled-dicom-4693.png,predict5_scaled-A0012_frame117.png,0.649166
val,scaled-dicom-4694.png,predict5_scaled-A0012_frame117.png,0.663706
val,scaled-dicom-4695.png,scaled-dicom-2744.png,0.753887
val,scaled-dicom-4696.png,scaled-dicom-2744.png,0.75328
val,scaled-dicom-4697.png,scaled-dicom-2744.png,0.756303
val,scaled-dicom-4698.png,scaled-dicom-2744.png,0.756395
val,scaled-dicom-4699.png,scaled-dicom-2744.png,0.755712
val,scaled-dicom-4700.png,scaled-dicom-2744.png,0.759623
val,scaled-dicom-4701.png,scaled-dicom-2744.png,0.7594
val,scaled-dicom-4702.png,scaled-dicom-2744.png,0.758815
val,scaled-dicom-4703.png,scaled-dicom-2744.png,0.757488
val,scaled-dicom-4704.png,scaled-dicom-2744.png,0.759446
val,scaled-dicom-4705.png,scaled-dicom-2744.png,0.758773
val,scaled-dicom-4706.png,scaled-dicom-2744.png,0.764918
val,scaled-dicom-4707.png,scaled-dicom-2744.png,0.758061
val,scaled-dicom-4708.png,scaled-dicom-2744.png,0.757384
val,scaled-dicom-4709.png,scaled-dicom-2744.png,0.765458
val,scaled-dicom-4710.png,scaled-dicom-2744.png,0.757019
val,scaled-dicom-4711.png,scaled-dicom-2744.png,0.751741
val,scaled-dicom-4712.png,scaled-dicom-2744.png,0.760044
val,scaled-dicom-4713.png,scaled-dicom-2744.png,0.752096
val,scaled-dicom-4714.png,scaled-dicom-2744.png,0.751231
val,scaled-dicom-4715.png,scaled-dicom-2744.png,0.759307
val,scaled-dicom-4716.png,scaled-dicom-2744.png,0.7531
val,scaled-dicom-4717.png,scaled-dicom-2744.png,0.744817
val,scaled-dicom-4718.png,scaled-dicom-2744.png,0.755457
val,scaled-dicom-4719.png,scaled-dicom-2744.png,0.745877
val,scaled-dicom-4720.png,scaled-dicom-2744.png,0.736046
val,scaled-dicom-4721.png,scaled-dicom-2744.png,0.755442
val,scaled-dicom-4722.png,scaled-dicom-2744.png,0.746811
val,scaled-dicom-4723.png,scaled-dicom-2744.png,0.746135
val,scaled-dicom-4724.png,scaled-dicom-2744.png,0.756901
val,scaled-dicom-4725.png,scaled-dicom-2744.png,0.750784
val,scaled-dicom-4726.png,scaled-dicom-2744.png,0.740872
val,scaled-dicom-4727.png,scaled-dicom-2744.png,0.760215
val,scaled-dicom-4728.png,scaled-dicom-2744.png,0.746125
val,scaled-dicom-4729.png,scaled-dicom-2744.png,0.757162
val,scaled-dicom-4730.png,scaled-dicom-2744.png,0.755537
val,scaled-dicom-4731.png,scaled-dicom-2744.png,0.752154
val,scaled-dicom-4732.png,scaled-dicom-2744.png,0.751477
val,scaled-dicom-4733.png,scaled-dicom-2744.png,0.749387
val,scaled-dicom-4734.png,scaled-dicom-2744.png,0.742006
val,scaled-dicom-4735.png,scaled-dicom-2744.png,0.753454
val,scaled-dicom-4736.png,scaled-dicom-2744.png,0.752297
val,scaled-dicom-4737.png,scaled-dicom-2744.png,0.750961
val,scaled-dicom-4738.png,scaled-dicom-2744.png,0.750266
val,scaled-dicom-4739.png,scaled-dicom-2744.png,0.750867
val,scaled-dicom-4740.png,scaled-dicom-2744.png,0.744975
val,scaled-dicom-4741.png,scaled-dicom-2744.png,0.744199
val,scaled-dicom-4742.png,scaled-dicom-2744.png,0.756056
val,scaled-dicom-4743.png,scaled-dicom-2744.png,0.750429
val,scaled-dicom-4744.png,scaled-dicom-2744.png,0.749704
val,scaled-dicom-4745.png,scaled-dicom-2744.png,0.760213
val,scaled-dicom-4746.png,scaled-dicom-2744.png,0.754438
val,scaled-dicom-4747.png,scaled-dicom-2744.png,0.753832
val,scaled-dicom-4748.png,scaled-dicom-2744.png,0.756406
val,scaled-dicom-4749.png,scaled-dicom-2744.png,0.756926
val,scaled-dicom-4750.png,scaled-dicom-2744.png,0.751561
val,scaled-dicom-4751.png,scaled-dicom-2744.png,0.759554
val,scaled-dicom-4752.png,scaled-dicom-2744.png,0.753667
val,scaled-dicom-4753.png,scaled-dicom-2744.png,0.752889
val,scaled-dicom-4754.png,scaled-dicom-2744.png,0.756168
val,scaled-dicom-4755.png,scaled-dicom-2744.png,0.755018
val,scaled-dicom-4756.png,scaled-dicom-2744.png,0.753963
val,scaled-dicom-4757.png,scaled-dicom-2744.png,0.757327
val,scaled-dicom-4758.png,scaled-dicom-2744.png,0.751233
val,scaled-dicom-4759.png,scaled-dicom-2744.png,0.750419
val,scaled-dicom-4760.png,scaled-dicom-2744.png,0.755495
val,scaled-dicom-4761.png,scaled-dicom-2744.png,0.748088
val,scaled-dicom-4762.png,scaled-dicom-2744.png,0.746925
val,scaled-dicom-4763.png,scaled-dicom-2744.png,0.750749
val,scaled-dicom-4764.png,scaled-dicom-2744.png,0.749272
val,scaled-dicom-4765.png,scaled-dicom-2744.png,0.748553
val,scaled-dicom-4766.png,scaled-dicom-2744.png,0.754077
val,scaled-dicom-4767.png,scaled-dicom-2744.png,0.747729
val,scaled-dicom-4768.png,scaled-dicom-2744.png,0.744266
val,scaled-dicom-4769.png,scaled-dicom-2744.png,0.750266
val,scaled-dicom-4770.png,scaled-dicom-2744.png,0.752998
val,scaled-dicom-4771.png,scaled-dicom-2744.png,0.751989
val,scaled-dicom-4772.png,scaled-dicom-2744.png,0.755571
val,scaled-dicom-4773.png,scaled-dicom-2743.png,0.744322
val,scaled-dicom-4774.png,scaled-dicom-2744.png,0.751271
val,scaled-dicom-4775.png,scaled-dicom-2745.png,0.747566
val,scaled-dicom-4776.png,scaled-dicom-2743.png,0.742191
val,scaled-dicom-4777.png,scaled-dicom-2743.png,0.741255
val,scaled-dicom-4778.png,scaled-dicom-2745.png,0.746336
val,scaled-dicom-4779.png,scaled-dicom-2745.png,0.743776
val,scaled-dicom-4780.png,scaled-dicom-2745.png,0.742829
val,scaled-dicom-4781.png,scaled-dicom-2744.png,0.755117
val,scaled-dicom-4782.png,scaled-dicom-2745.png,0.745773
val,scaled-dicom-4783.png,scaled-dicom-2743.png,0.744592
val,scaled-dicom-4784.png,scaled-dicom-2745.png,0.747841
val,scaled-dicom-4785.png,scaled-dicom-2744.png,0.755167
val,scaled-dicom-4786.png,scaled-dicom-2744.png,0.754333
val,scaled-dicom-4787.png,scaled-dicom-2745.png,0.750814
val,scaled-dicom-4788.png,scaled-dicom-2744.png,0.763403
val,scaled-dicom-4789.png,scaled-dicom-2744.png,0.761792
val,scaled-dicom-4790.png,scaled-dicom-2744.png,0.766067
val,scaled-dicom-4791.png,scaled-dicom-2743.png,0.750382
val,scaled-dicom-4792.png,scaled-dicom-2743.png,0.749562
val,scaled-dicom-4793.png,scaled-dicom-2743.png,0.753731
val,scaled-dicom-4794.png,scaled-dicom-2744.png,0.731797
val,scaled-dicom-4795.png,scaled-dicom-2744.png,0.730927
val,scaled-dicom-4796.png,scaled-dicom-2744.png,0.734279
val,scaled-dicom-4797.png,scaled-dicom-2744.png,0.724894
val,scaled-dicom-4798.png,scaled-dicom-2744.png,0.723783
val,scaled-dicom-4799.png,scaled-dicom-2743.png,0.72253
val,scaled-dicom-4800.png,scaled-dicom-2744.png,0.721468
val,scaled-dicom-4801.png,scaled-dicom-2744.png,0.727732
val,scaled-dicom-4802.png,scaled-dicom-2743.png,0.721977
val,scaled-dicom-4803.png,scaled-dicom-2744.png,0.724771
val,scaled-dicom-5240.png,scaled-dicom-3280.png,0.346478
val,scaled-dicom-5241.png,scaled-dicom-3280.png,0.344258
val,scaled-dicom-5242.png,scaled-dicom-3280.png,0.351277
val,scaled-dicom-5243.png,scaled-dicom-3271.png,0.356254
val,scaled-dicom-5244.png,scaled-dicom-3271.png,0.354971
val,scaled-dicom-5245.png,scaled-dicom-3271.png,0.360287
val,scaled-dicom-5246.png,scaled-dicom-3280.png,0.330284
val,scaled-dicom-5247.png,scaled-dicom-3280.png,0.32866
val,scaled-dicom-5248.png,scaled-dicom-3280.png,0.343996
val,scaled-dicom-5249.png,scaled-dicom-3243.png,0.323855
val,scaled-dicom-5250.png,scaled-dicom-3243.png,0.322501
val,scaled-dicom-5251.png,scaled-dicom-3243.png,0.328758
val,scaled-dicom-5252.png,scaled-dicom-3334.png,0.351204
val,scaled-dicom-5253.png,scaled-dicom-3334.png,0.349956
val,scaled-dicom-5254.png,scaled-dicom-3271.png,0.332728
val,scaled-dicom-5255.png,scaled-dicom-3243.png,0.314791
val,scaled-dicom-5256.png,scaled-dicom-3243.png,0.313487
val,scaled-dicom-5257.png,scaled-dicom-3243.png,0.328095
val,scaled-dicom-5258.png,scaled-dicom-3243.png,0.312983
val,scaled-dicom-5259.png,scaled-dicom-3243.png,0.311668
val,scaled-dicom-5260.png,scaled-dicom-3280.png,0.328618
val,scaled-dicom-5261.png,scaled-dicom-3243.png,0.314554
val,scaled-dicom-5262.png,scaled-dicom-3243.png,0.313068
val,scaled-dicom-5263.png,scaled-dicom-3243.png,0.319704
val,scaled-dicom-5264.png,scaled-dicom-3280.png,0.31116
val,scaled-dicom-5265.png,scaled-dicom-3280.png,0.328338
val,scaled-dicom-5266.png,scaled-dicom-3280.png,0.316786
val,scaled-dicom-5267.png,scaled-dicom-3280.png,0.322757
val,scaled-dicom-5268.png,scaled-dicom-3280.png,0.321088
val,scaled-dicom-5269.png,scaled-dicom-3280.png,0.319971
val,scaled-dicom-5270.png,scaled-dicom-3280.png,0.323944
val,scaled-dicom-5271.png,scaled-dicom-3280.png,0.323752
val,scaled-dicom-5272.png,scaled-dicom-3280.png,0.333951
val,scaled-dicom-5273.png,scaled-dicom-3280.png,0.333089
val,scaled-dicom-5274.png,scaled-dicom-3280.png,0.331624
val,scaled-dicom-5275.png,predict9_scaled-A0003_frame57.png,0.301373
val,scaled-dicom-5276.png,scaled-dicom-3280.png,0.314226
val,scaled-dicom-5277.png,scaled-dicom-3280.png,0.311659
val,scaled-dicom-5278.png,scaled-dicom-3243.png,0.310907
val,scaled-dicom-5279.png,scaled-dicom-3213.png,0.304094
val,scaled-dicom-5280.png,scaled-dicom-3213.png,0.302675
val,scaled-dicom-5281.png,scaled-dicom-2732.png,0.302087
val,scaled-dicom-5282.png,predict9_scaled-A0003_frame57.png,0.298086
val,scaled-dicom-5283.png,predict9_scaled-A0003_frame57.png,0.298326
val,scaled-dicom-5284.png,scaled-dicom-3204.png,0.303627
val,scaled-dicom-5285.png,predict9_scaled-A0002_frame56.png,0.300452
val,scaled-dicom-5286.png,predict9_scaled-A0002_frame56.png,0.300967
val,scaled-dicom-5287.png,scaled-dicom-3204.png,0.302971
val,scaled-dicom-5288.png,scaled-dicom-3213.png,0.309329
val,scaled-dicom-5289.png,scaled-dicom-3213.png,0.30774
val,scaled-dicom-5290.png,scaled-dicom-3213.png,0.315198
val,scaled-dicom-5291.png,scaled-dicom-3213.png,0.318214
val,scaled-dicom-5292.png,scaled-dicom-3213.png,0.316304
val,scaled-dicom-5293.png,scaled-dicom-3280.png,0.348959
val,scaled-dicom-5294.png,scaled-dicom-3280.png,0.339046
val,scaled-dicom-5295.png,scaled-dicom-3280.png,0.337501
val,scaled-dicom-5296.png,scaled-dicom-3280.png,0.347067
val,scaled-dicom-5297.png,scaled-dicom-3159.png,0.326593
val,scaled-dicom-5298.png,scaled-dicom-3159.png,0.324549
val,scaled-dicom-5299.png,scaled-dicom-3280.png,0.351381
val,scaled-dicom-5300.png,scaled-dicom-3159.png,0.327636
val,scaled-dicom-5301.png,scaled-dicom-3159.png,0.325426
val,scaled-dicom-5302.png,scaled-dicom-3159.png,0.330195
val,scaled-dicom-5303.png,scaled-dicom-3159.png,0.325102
val,scaled-dicom-5304.png,scaled-dicom-3159.png,0.323258
val,scaled-dicom-5305.png,scaled-dicom-3159.png,0.327045
val,scaled-dicom-5306.png,scaled-dicom-3159.png,0.317091
val,scaled-dicom-5307.png,scaled-dicom-3159.png,0.315254
val,scaled-dicom-5308.png,scaled-dicom-3204.png,0.315791
val,scaled-dicom-5309.png,scaled-dicom-3280.png,0.341704
val,scaled-dicom-5310.png,scaled-dicom-3280.png,0.339963
val,scaled-dicom-5311.png,scaled-dicom-2732.png,0.319612
val,scaled-dicom-5312.png,predict9_scaled-A0003_frame57.png,0.324156
val,scaled-dicom-5313.png,predict9_scaled-A0003_frame57.png,0.324295
val,scaled-dicom-5314.png,predict9_scaled-A0003_frame57.png,0.33534
val,scaled-dicom-5315.png,scaled-dicom-3159.png,0.350494
val,scaled-dicom-5316.png,scaled-dicom-3159.png,0.348867
val,scaled-dicom-5317.png,scaled-dicom-3159.png,0.357277
val,scaled-dicom-5318.png,scaled-dicom-3165.png,0.373333
val,scaled-dicom-5319.png,scaled-dicom-3165.png,0.371738
val,scaled-dicom-5320.png,scaled-dicom-3165.png,0.380208
val,scaled-dicom-5321.png,scaled-dicom-3170.png,0.35843
val,scaled-dicom-5322.png,scaled-dicom-3170.png,0.357044
val,scaled-dicom-5323.png,scaled-dicom-3165.png,0.364738
val,scaled-dicom-5324.png,scaled-dicom-3165.png,0.351692
val,scaled-dicom-5325.png,scaled-dicom-3165.png,0.350027
val,scaled-dicom-5326.png,scaled-dicom-3165.png,0.358294
val,scaled-dicom-5327.png,scaled-dicom-3165.png,0.346888
val,scaled-dicom-5328.png,scaled-dicom-3165.png,0.350201
val,scaled-dicom-5329.png,scaled-dicom-3165.png,0.352739
val,scaled-dicom-5330.png,scaled-dicom-3165.png,0.327535
val,scaled-dicom-5331.png,scaled-dicom-3165.png,0.32467
val,scaled-dicom-5332.png,scaled-dicom-3165.png,0.340451
val,scaled-dicom-5333.png,scaled-dicom-3280.png,0.348352
val,scaled-dicom-5334.png,scaled-dicom-3280.png,0.345155
val,scaled-dicom-5335.png,scaled-dicom-3280.png,0.355758
val,scaled-dicom-5336.png,scaled-dicom-3280.png,0.325872
val,scaled-dicom-5337.png,scaled-dicom-3280.png,0.322659
val,scaled-dicom-5338.png,scaled-dicom-3280.png,0.329875
val,scaled-dicom-5339.png,scaled-dicom-3280.png,0.304695
val,scaled-dicom-5340.png,scaled-dicom-3280.png,0.304962
val,scaled-dicom-5341.png,scaled-dicom-3280.png,0.320112
val,scaled-dicom-5342.png,scaled-dicom-3280.png,0.319198
val,scaled-dicom-5343.png,scaled-dicom-3280.png,0.315876
val,scaled-dicom-5344.png,scaled-dicom-3280.png,0.34038
val,scaled-dicom-5345.png,scaled-dicom-3280.png,0.309167
val,scaled-dicom-5346.png,scaled-dicom-3280.png,0.320095
val,scaled-dicom-5347.png,scaled-dicom-3280.png,0.330848
val,scaled-dicom-5348.png,scaled-dicom-3280.png,0.317494
val,scaled-dicom-5349.png,scaled-dicom-3280.png,0.378539
val,scaled-dicom-5350.png,scaled-dicom-3280.png,0.376628
val,scaled-dicom-5351.png,scaled-dicom-3280.png,0.386755
val,scaled-dicom-5352.png,scaled-dicom-3280.png,0.373493
val,scaled-dicom-5353.png,scaled-dicom-3280.png,0.369704
val,scaled-dicom-5354.png,scaled-dicom-3280.png,0.363746
val,scaled-dicom-5355.png,scaled-dicom-3280.png,0.328522
val,scaled-dicom-5356.png,scaled-dicom-3280.png,0.326667
val,scaled-dicom-5357.png,scaled-dicom-3280.png,0.338779
val,scaled-dicom-5358.png,scaled-dicom-3165.png,0.31551
val,scaled-dicom-5359.png,predict7_scaled-A0069_frame1.png,0.313843
val,scaled-dicom-5360.png,scaled-dicom-3280.png,0.328131
val,scaled-dicom-5361.png,scaled-dicom-3280.png,0.350502
val,scaled-dicom-5362.png,scaled-dicom-3280.png,0.34679
val,scaled-dicom-5363.png,scaled-dicom-3280.png,0.360235
val,scaled-dicom-5364.png,scaled-dicom-3280.png,0.371798
val,scaled-dicom-5365.png,scaled-dicom-3280.png,0.369996
val,scaled-dicom-5366.png,scaled-dicom-3280.png,0.390819
val,scaled-dicom-5367.png,scaled-dicom-3170.png,0.383872
val,scaled-dicom-5368.png,scaled-dicom-3170.png,0.382266
val,scaled-dicom-5369.png,scaled-dicom-3280.png,0.391465
val,scaled-dicom-5370.png,scaled-dicom-3280.png,0.395187
val,scaled-dicom-5371.png,scaled-dicom-3280.png,0.391715
val,scaled-dicom-5372.png,scaled-dicom-3280.png,0.400751
val,scaled-dicom-5373.png,scaled-dicom-3280.png,0.384959
val,scaled-dicom-5374.png,scaled-dicom-3280.png,0.383075
val,scaled-dicom-5375.png,scaled-dicom-3280.png,0.393042
val,scaled-dicom-5376.png,scaled-dicom-3280.png,0.366272
val,scaled-dicom-5377.png,scaled-dicom-3280.png,0.364178
val,scaled-dicom-5378.png,scaled-dicom-3280.png,0.374976
val,scaled-dicom-5379.png,scaled-dicom-3280.png,0.337875
val,scaled-dicom-5380.png,scaled-dicom-3280.png,0.335997
val,scaled-dicom-5381.png,scaled-dicom-3280.png,0.346276
val,scaled-dicom-5382.png,predict7_scaled-A0069_frame86.png,0.295304
val,scaled-dicom-5383.png,predict7_scaled-A0069_frame14.png,0.294594
val,scaled-dicom-5384.png,scaled-dicom-3159.png,0.298627
val,scaled-dicom-5385.png,predict7_scaled-A0069_frame1.png,0.299893
val,scaled-dicom-5386.png,predict7_scaled-A0069_frame1.png,0.298962
val,scaled-dicom-5387.png,predict7_scaled-A0069_frame1.png,0.302692
val,scaled-dicom-5388.png,predict7_scaled-A0069_frame1.png,0.30243
val,scaled-dicom-5389.png,predict7_scaled-A0069_frame1.png,0.301654
val,scaled-dicom-5390.png,predict7_scaled-A0069_frame1.png,0.305135
val,scaled-dicom-5391.png,predict7_scaled-A0069_frame1.png,0.305302
val,scaled-dicom-5392.png,predict7_scaled-A0069_frame1.png,0.30421
val,scaled-dicom-5393.png,scaled-dicom-3159.png,0.308811
val,scaled-dicom-5394.png,predict7_scaled-A0069_frame1.png,0.30561
val,scaled-dicom-5395.png,predict7_scaled-A0069_frame1.png,0.304791
val,scaled-dicom-5396.png,scaled-dicom-3159.png,0.308441
val,scaled-dicom-5397.png,predict7_scaled-A0069_frame1.png,0.312799
val,scaled-dicom-5398.png,predict7_scaled-A0069_frame1.png,0.311744
val,scaled-dicom-5399.png,scaled-dicom-3165.png,0.326524
val,scaled-dicom-5400.png,scaled-dicom-3170.png,0.33894
val,scaled-dicom-5401.png,scaled-dicom-3170.png,0.337041
val,scaled-dicom-5402.png,scaled-dicom-3165.png,0.34749
val,scaled-dicom-5403.png,scaled-dicom-3280.png,0.363015
val,scaled-dicom-5404.png,scaled-dicom-3165.png,0.349585
val,scaled-dicom-5405.png,scaled-dicom-3280.png,0.373062
val,scaled-dicom-5406.png,scaled-dicom-3280.png,0.375262
val,scaled-dicom-5407.png,scaled-dicom-3280.png,0.376883
val,scaled-dicom-5408.png,scaled-dicom-3280.png,0.381519
val,scaled-dicom-5409.png,scaled-dicom-3280.png,0.365488
val,scaled-dicom-5410.png,scaled-dicom-3280.png,0.363901
val,scaled-dicom-5411.png,scaled-dicom-3280.png,0.37334
val,scaled-dicom-5412.png,scaled-dicom-3159.png,0.32009
val,scaled-dicom-5413.png,scaled-dicom-3159.png,0.318322
val,scaled-dicom-5414.png,scaled-dicom-3280.png,0.344846
val,scaled-dicom-5415.png,scaled-dicom-3159.png,0.297525
val,scaled-dicom-5416.png,scaled-dicom-3159.png,0.295013
val,scaled-dicom-5417.png,scaled-dicom-3159.png,0.30575
val,scaled-dicom-5418.png,scaled-dicom-3159.png,0.293041
val,scaled-dicom-5419.png,scaled-dicom-3159.png,0.290375
val,scaled-dicom-5420.png,scaled-dicom-3159.png,0.30008
val,scaled-dicom-5421.png,scaled-dicom-3159.png,0.306837
val,scaled-dicom-5422.png,scaled-dicom-3159.png,0.304064
val,scaled-dicom-5423.png,scaled-dicom-3159.png,0.314186
val,scaled-dicom-5424.png,scaled-dicom-3159.png,0.318076
val,scaled-dicom-5425.png,scaled-dicom-3159.png,0.315765
val,scaled-dicom-5426.png,scaled-dicom-3159.png,0.325559
val,scaled-dicom-5427.png,scaled-dicom-3159.png,0.314779
val,scaled-dicom-5428.png,scaled-dicom-3159.png,0.312259
val,scaled-dicom-5429.png,scaled-dicom-3159.png,0.322162
val,scaled-dicom-5430.png,scaled-dicom-3159.png,0.301931
val,scaled-dicom-5431.png,scaled-dicom-3159.png,0.3
val,scaled-dicom-5432.png,scaled-dicom-3159.png,0.309074
val,scaled-dicom-5433.png,scaled-dicom-3159.png,0.286841
val,scaled-dicom-5434.png,scaled-dicom-3159.png,0.284657
val,scaled-dicom-5435.png,scaled-dicom-3159.png,0.294178
val,scaled-dicom-5436.png,scaled-dicom-3159.png,0.279262
val,scaled-dicom-5437.png,predict7_scaled-A0070_frame4.png,0.277689
val,scaled-dicom-5438.png,scaled-dicom-3159.png,0.28982
val,scaled-dicom-5439.png,predict9_scaled-A0003_frame55.png,0.272505
val,scaled-dicom-5440.png,predict9_scaled-A0003_frame55.png,0.273557
val,scaled-dicom-5441.png,scaled-dicom-2732.png,0.272827
val,scaled-dicom-5442.png,predict9_scaled-A0003_frame55.png,0.275612
val,scaled-dicom-5443.png,predict9_scaled-A0003_frame55.png,0.276745
val,scaled-dicom-5444.png,predict9_scaled-A0003_frame55.png,0.273755
val,scaled-dicom-5445.png,scaled-dicom-3243.png,0.286968
val,scaled-dicom-5446.png,scaled-dicom-3243.png,0.283544
val,scaled-dicom-5447.png,predict7_scaled-A0070_frame4.png,0.275571
val,scaled-dicom-5448.png,scaled-dicom-3243.png,0.283997
val,scaled-dicom-5449.png,scaled-dicom-3243.png,0.282169
val,scaled-dicom-5450.png,scaled-dicom-3243.png,0.293369
val,scaled-dicom-5451.png,predict7_scaled-A0070_frame3.png,0.27641
val,scaled-dicom-5452.png,predict7_scaled-A0070_frame3.png,0.27569
val,scaled-dicom-5453.png,scaled-dicom-3243.png,0.282141
val,scaled-dicom-5454.png,scaled-dicom-3243.png,0.280149
val,scaled-dicom-5455.png,predict7_scaled-A0070_frame3.png,0.278738
val,scaled-dicom-5456.png,scaled-dicom-3243.png,0.288429
val,scaled-dicom-5457.png,predict7_scaled-A0070_frame3.png,0.278089
test,predict5_scaled-A0128_frame1.png,predict7_scaled-A0070_frame63.png,0.722118
test,predict5_scaled-A0129_frame1.png,predict5_scaled-A0010_frame87.png,0.731929
test,predict5_scaled-A0130_frame1.png,predict4_scaled-A0147_frame71.png,0.840421
test,predict5_scaled-A0139_frame1.png,predict9_scaled-A0037_frame91.png,0.689607
test,predict5_scaled-A0139_frame10.png,predict4_scaled-A0147_frame70.png,0.847337
test,predict5_scaled-A0139_frame100.png,predict4_scaled-A0147_frame74.png,0.698508
test,predict5_scaled-A0139_frame101.png,predict5_scaled-A0011_frame118.png,0.824148
test,predict5_scaled-A0139_frame102.png,predict5_scaled-A0010_frame87.png,0.890105
test,predict5_scaled-A0139_frame104.png,predict5_scaled-A0010_frame127.png,0.887547
test,predict5_scaled-A0139_frame105.png,predict5_scaled-A0010_frame130.png,0.878641
test,predict5_scaled-A0139_frame106.png,predict5_scaled-A0010_frame130.png,0.859883
test,predict5_scaled-A0139_frame107.png,predict5_scaled-A0010_frame130.png,0.835621
test,predict5_scaled-A0139_frame108.png,predict5_scaled-A0010_frame130.png,0.803364
test,predict5_scaled-A0139_frame109.png,predict5_scaled-A0010_frame130.png,0.79872
test,predict5_scaled-A0139_frame11.png,predict5_scaled-A0013_frame96.png,0.832793
test,predict5_scaled-A0139_frame12.png,predict5_scaled-A0013_frame96.png,0.787257
test,predict5_scaled-A0139_frame13.png,predict4_scaled-A0147_frame72.png,0.768405
test,predict5_scaled-A0139_frame14.png,predict4_scaled-A0147_frame74.png,0.746573
test,predict5_scaled-A0139_frame15.png,predict5_scaled-A0013_frame95.png,0.722293
test,predict5_scaled-A0139_frame16.png,predict5_scaled-A0011_frame47.png,0.737465
test,predict5_scaled-A0139_frame17.png,predict4_scaled-A0147_frame74.png,0.689829
test,predict5_scaled-A0139_frame18.png,predict4_scaled-A0147_frame74.png,0.674642
test,predict5_scaled-A0139_frame19.png,predict4_scaled-A0147_frame74.png,0.665668
test,predict5_scaled-A0139_frame2.png,predict4_scaled-A0147_frame74.png,0.702395
test,predict5_scaled-A0139_frame20.png,predict5_scaled-A0012_frame21.png,0.676254
test,predict5_scaled-A0139_frame21.png,predict4_scaled-A0147_frame74.png,0.67886
test,predict5_scaled-A0139_frame22.png,predict4_scaled-A0147_frame74.png,0.695845
test,predict5_scaled-A0139_frame23.png,predict4_scaled-A0147_frame74.png,0.71733
test,predict5_scaled-A0139_frame24.png,predict4_scaled-A0147_frame74.png,0.711173
test,predict5_scaled-A0139_frame25.png,predict4_scaled-A0147_frame74.png,0.685995
test,predict5_scaled-A0139_frame26.png,predict5_scaled-A0011_frame118.png,0.756232
test,predict5_scaled-A0139_frame27.png,predict5_scaled-A0013_frame62.png,0.831669
test,predict5_scaled-A0139_frame28.png,predict5_scaled-A0013_frame62.png,0.840986
test,predict5_scaled-A0139_frame29.png,predict5_scaled-A0013_frame62.png,0.842195
test,predict5_scaled-A0139_frame3.png,predict4_scaled-A0147_frame74.png,0.744082
test,predict5_scaled-A0139_frame31.png,predict5_scaled-A0010_frame123.png,0.879484
test,predict5_scaled-A0139_frame33.png,predict5_scaled-A0013_frame25.png,0.850706
test,predict5_scaled-A0139_frame34.png,predict5_scaled-A0010_frame84.png,0.850399
test,predict5_scaled-A0139_frame35.png,predict5_scaled-A0010_frame123.png,0.880318
test,predict5_scaled-A0139_frame36.png,predict5_scaled-A0010_frame84.png,0.876734
test,predict5_scaled-A0139_frame37.png,predict5_scaled-A0010_frame115.png,0.835535
test,predict5_scaled-A0139_frame38.png,predict5_scaled-A0011_frame118.png,0.71784
test,predict5_scaled-A0139_frame39.png,predict4_scaled-A0147_frame74.png,0.712917
test,predict5_scaled-A0139_frame4.png,predict4_scaled-A0147_frame74.png,0.776001
test,predict5_scaled-A0139_frame40.png,predict5_scaled-A0012_frame21.png,0.692302
test,predict5_scaled-A0139_frame41.png,predict5_scaled-A0013_frame24.png,0.846372
test,predict5_scaled-A0139_frame42.png,predict5_scaled-A0010_frame124.png,0.881482
test,predict5_scaled-A0139_frame44.png,predict5_scaled-A0010_frame90.png,0.887967
test,predict5_scaled-A0139_frame45.png,predict5_scaled-A0010_frame130.png,0.88063
test,predict5_scaled-A0139_frame46.png,predict5_scaled-A0010_frame130.png,0.864574
test,predict5_scaled-A0139_frame47.png,predict5_scaled-A0010_frame130.png,0.849118
test,predict5_scaled-A0139_frame48.png,predict5_scaled-A0010_frame130.png,0.845114
test,predict5_scaled-A0139_frame49.png,predict5_scaled-A0010_frame130.png,0.844061
test,predict5_scaled-A0139_frame5.png,predict4_scaled-A0147_frame74.png,0.77551
test,predict5_scaled-A0139_frame50.png,predict5_scaled-A0010_frame130.png,0.84549
test,predict5_scaled-A0139_frame51.png,predict5_scaled-A0010_frame130.png,0.849891
test,predict5_scaled-A0139_frame52.png,predict5_scaled-A0010_frame130.png,0.8759
test,predict5_scaled-A0139_frame53.png,predict5_scaled-A0010_frame130.png,0.883895
test,predict5_scaled-A0139_frame54.png,predict5_scaled-A0010_frame130.png,0.885432
test,predict5_scaled-A0139_frame55.png,predict5_scaled-A0010_frame130.png,0.874143
test,predict5_scaled-A0139_frame56.png,predict5_scaled-A0010_frame130.png,0.874227
test,predict5_scaled-A0139_frame57.png,predict5_scaled-A0010_frame130.png,0.876004
test,predict5_scaled-A0139_frame58.png,predict5_scaled-A0010_frame130.png,0.883336
test,predict5_scaled-A0139_frame59.png,predict5_scaled-A0010_frame132.png,0.862155
test,predict5_scaled-A0139_frame6.png,predict4_scaled-A0147_frame74.png,0.802654
test,predict5_scaled-A0139_frame60.png,predict5_scaled-A0010_frame132.png,0.851512
test,predict5_scaled-A0139_frame62.png,predict5_scaled-A0010_frame87.png,0.881781
test,predict5_scaled-A0139_frame64.png,predict5_scaled-A0010_frame87.png,0.852179
test,predict5_scaled-A0139_frame65.png,predict5_scaled-A0013_frame63.png,0.830039
test,predict5_scaled-A0139_frame66.png,predict5_scaled-A0013_frame62.png,0.789042
test,predict5_scaled-A0139_frame67.png,predict5_scaled-A0013_frame62.png,0.77687
test,predict5_scaled-A0139_frame68.png,predict5_scaled-A0011_frame118.png,0.768721
test,predict5_scaled-A0139_frame69.png,predict4_scaled-A0147_frame74.png,0.703124
test,predict5_scaled-A0139_frame7.png,predict4_scaled-A0147_frame73.png,0.820511
test,predict5_scaled-A0139_frame70.png,predict4_scaled-A0147_frame74.png,0.692109
test,predict5_scaled-A0139_frame71.png,predict5_scaled-A0013_frame24.png,0.851006
test,predict5_scaled-A0139_frame72.png,predict5_scaled-A0010_frame87.png,0.886608
test,predict5_scaled-A0139_frame74.png,predict5_scaled-A0010_frame130.png,0.883531
test,predict5_scaled-A0139_frame75.png,predict5_scaled-A0010_frame130.png,0.867021
test,predict5_scaled-A0139_frame76.png,predict5_scaled-A0010_frame130.png,0.849731
test,predict5_scaled-A0139_frame77.png,predict5_scaled-A0010_frame130.png,0.834344
test,predict5_scaled-A0139_frame78.png,predict5_scaled-A0010_frame130.png,0.827705
test,predict5_scaled-A0139_frame79.png,predict5_scaled-A0010_frame130.png,0.817275
test,predict5_scaled-A0139_frame8.png,predict4_scaled-A0147_frame72.png,0.842601
test,predict5_scaled-A0139_frame80.png,predict5_scaled-A0010_frame130.png,0.832205
test,predict5_scaled-A0139_frame81.png,predict5_scaled-A0010_frame130.png,0.844439
test,predict5_scaled-A0139_frame82.png,predict5_scaled-A0010_frame130.png,0.846505
test,predict5_scaled-A0139_frame83.png,predict5_scaled-A0010_frame130.png,0.861217
test,predict5_scaled-A0139_frame84.png,predict5_scaled-A0010_frame130.png,0.87518
test,predict5_scaled-A0139_frame85.png,predict5_scaled-A0010_frame129.png,0.875838
test,predict5_scaled-A0139_frame86.png,predict5_scaled-A0010_frame130.png,0.862953
test,predict5_scaled-A0139_frame87.png,predict5_scaled-A0010_frame130.png,0.872737
test,predict5_scaled-A0139_frame88.png,predict5_scaled-A0010_frame130.png,0.882421
test,predict5_scaled-A0139_frame89.png,predict5_scaled-A0010_frame130.png,0.869942
test,predict5_scaled-A0139_frame9.png,predict4_scaled-A0147_frame60.png,0.853877
test,predict5_scaled-A0139_frame90.png,predict5_scaled-A0010_frame132.png,0.847808
test,predict5_scaled-A0139_frame94.png,predict5_scaled-A0013_frame65.png,0.838947
test,predict5_scaled-A0139_frame95.png,predict5_scaled-A0013_frame65.png,0.834122
test,predict5_scaled-A0139_frame96.png,predict5_scaled-A0013_frame63.png,0.807829
test,predict5_scaled-A0139_frame97.png,predict5_scaled-A0013_frame62.png,0.80887
test,predict5_scaled-A0139_frame98.png,predict5_scaled-A0013_frame62.png,0.781785
test,predict5_scaled-A0139_frame99.png,predict9_scaled-A0037_frame91.png,0.701942
test,predict5_scaled-A0145_frame1.png,predict5_scaled-A0013_frame96.png,0.714064
test,predict5_scaled-A0145_frame10.png,predict5_scaled-A0013_frame142.png,0.771224
test,predict5_scaled-A0145_frame11.png,predict4_scaled-A0147_frame70.png,0.773351
test,predict5_scaled-A0145_frame12.png,predict4_scaled-A0147_frame61.png,0.780325
test,predict5_scaled-A0145_frame13.png,predict4_scaled-A0147_frame73.png,0.738155
test,predict5_scaled-A0145_frame14.png,predict4_scaled-A0147_frame61.png,0.75517
test,predict5_scaled-A0145_frame15.png,predict4_scaled-A0147_frame61.png,0.757621
test,predict5_scaled-A0145_frame16.png,predict4_scaled-A0147_frame73.png,0.766553
test,predict5_scaled-A0145_frame17.png,predict5_scaled-A0013_frame142.png,0.786649
test,predict5_scaled-A0145_frame18.png,predict5_scaled-A0012_frame137.png,0.779946
test,predict5_scaled-A0145_frame19.png,predict5_scaled-A0013_frame96.png,0.782825
test,predict5_scaled-A0145_frame2.png,predict5_scaled-A0013_frame96.png,0.734702
test,predict5_scaled-A0145_frame20.png,predict5_scaled-A0013_frame96.png,0.777811
test,predict5_scaled-A0145_frame21.png,predict5_scaled-A0011_frame46.png,0.808252
test,predict5_scaled-A0145_frame22.png,predict5_scaled-A0011_frame47.png,0.768071
test,predict5_scaled-A0145_frame23.png,predict5_scaled-A0011_frame47.png,0.768811
test,predict5_scaled-A0145_frame24.png,predict5_scaled-A0011_frame47.png,0.7893
test,predict5_scaled-A0145_frame25.png,predict5_scaled-A0011_frame47.png,0.774089
test,predict5_scaled-A0145_frame26.png,predict5_scaled-A0013_frame95.png,0.767489
test,predict5_scaled-A0145_frame27.png,predict5_scaled-A0013_frame96.png,0.778702
test,predict5_scaled-A0145_frame28.png,predict5_scaled-A0013_frame96.png,0.749342
test,predict5_scaled-A0145_frame29.png,predict5_scaled-A0013_frame96.png,0.738294
test,predict5_scaled-A0145_frame3.png,predict5_scaled-A0013_frame96.png,0.761578
test,predict5_scaled-A0145_frame30.png,predict5_scaled-A0013_frame96.png,0.731521
test,predict5_scaled-A0145_frame31.png,predict5_scaled-A0013_frame96.png,0.738326
test,predict5_scaled-A0145_frame32.png,predict5_scaled-A0013_frame96.png,0.721896
test,predict5_scaled-A0145_frame33.png,predict5_scaled-A0013_frame96.png,0.731754
test,predict5_scaled-A0145_frame34.png,predict5_scaled-A0013_frame96.png,0.756422
test,predict5_scaled-A0145_frame35.png,predict5_scaled-A0013_frame96.png,0.750312
test,predict5_scaled-A0145_frame36.png,predict5_scaled-A0013_frame96.png,0.761594
test,predict5_scaled-A0145_frame37.png,predict5_scaled-A0013_frame142.png,0.76336
test,predict5_scaled-A0145_frame38.png,predict5_scaled-A0013_frame142.png,0.762327
test,predict5_scaled-A0145_frame39.png,predict4_scaled-A0147_frame72.png,0.766953
test,predict5_scaled-A0145_frame4.png,predict5_scaled-A0013_frame96.png,0.781178
test,predict5_scaled-A0145_frame40.png,predict4_scaled-A0147_frame72.png,0.771708
test,predict5_scaled-A0145_frame41.png,predict4_scaled-A0147_frame72.png,0.775914
test,predict5_scaled-A0145_frame42.png,predict4_scaled-A0147_frame72.png,0.777707
test,predict5_scaled-A0145_frame43.png,predict4_scaled-A0147_frame73.png,0.757772
test,predict5_scaled-A0145_frame44.png,predict4_scaled-A0147_frame73.png,0.735125
test,predict5_scaled-A0145_frame45.png,predict4_scaled-A0147_frame61.png,0.773808
test,predict5_scaled-A0145_frame46.png,predict4_scaled-A0147_frame61.png,0.79146
test,predict5_scaled-A0145_frame47.png,predict4_scaled-A0147_frame73.png,0.759655
test,predict5_scaled-A0145_frame48.png,predict4_scaled-A0147_frame72.png,0.774613
test,predict5_scaled-A0145_frame49.png,predict5_scaled-A0012_frame137.png,0.789789
test,predict5_scaled-A0145_frame5.png,predict5_scaled-A0013_frame96.png,0.758908
test,predict5_scaled-A0145_frame50.png,predict5_scaled-A0013_frame96.png,0.767741
test,predict5_scaled-A0145_frame51.png,predict5_scaled-A0013_frame96.png,0.785435
test,predict5_scaled-A0145_frame52.png,predict5_scaled-A0011_frame46.png,0.791274
test,predict5_scaled-A0145_frame53.png,predict5_scaled-A0011_frame46.png,0.795848
test,predict5_scaled-A0145_frame54.png,predict5_scaled-A0013_frame95.png,0.738371
test,predict5_scaled-A0145_frame55.png,predict5_scaled-A0011_frame47.png,0.763946
test,predict5_scaled-A0145_frame56.png,predict5_scaled-A0013_frame95.png,0.749468
test,predict5_scaled-A0145_frame57.png,predict5_scaled-A0013_frame95.png,0.750831
test,predict5_scaled-A0145_frame58.png,predict4_scaled-A0147_frame74.png,0.700204
test,predict5_scaled-A0145_frame6.png,predict5_scaled-A0013_frame96.png,0.764732
test,predict5_scaled-A0145_frame7.png,predict5_scaled-A0013_frame142.png,0.763608
test,predict5_scaled-A0145_frame8.png,predict5_scaled-A0013_frame142.png,0.780228
test,predict5_scaled-A0145_frame9.png,predict5_scaled-A0013_frame142.png,0.778662
test,predict9_scaled-A0151_frame118.png,scaled-dicom-2227.png,0.564087
test,scaled-A0168_frame1.png,predict7_scaled-A0071_frame48.png,0.81964
test,scaled-A0168_frame2.png,predict7_scaled-A0071_frame48.png,0.81964
test,scaled-A0168_frame3.png,predict7_scaled-A0071_frame48.png,0.81964
test,scaled-A0168_frame4.png,predict7_scaled-A0071_frame48.png,0.81964
test,scaled-A0168_frame5.png,predict7_scaled-A0071_frame48.png,0.81964
test,scaled-dicom-003.png,scaled-dicom-1233.png,0.696814
test,scaled-dicom-009.png,predict8_scaled-A0004_frame86.png,0.631301
test,scaled-dicom-010.png,predict8_scaled-A0004_frame86.png,0.63163
test,scaled-dicom-011.png,predict8_scaled-A0004_frame87.png,0.627226
test,scaled-dicom-012.png,predict8_scaled-A0004_frame86.png,0.630698
test,scaled-dicom-013.png,predict8_scaled-A0004_frame86.png,0.631037
test,scaled-dicom-014.png,predict8_scaled-A0004_frame87.png,0.628672
test,scaled-dicom-015.png,predict8_scaled-A0004_frame87.png,0.63298
test,scaled-dicom-016.png,predict8_scaled-A0004_frame87.png,0.633217
test,scaled-dicom-017.png,predict8_scaled-A0004_frame87.png,0.63147
test,scaled-dicom-018.png,predict8_scaled-A0004_frame86.png,0.631575
test,scaled-dicom-019.png,predict8_scaled-A0004_frame86.png,0.631736
test,scaled-dicom-020.png,predict8_scaled-A0004_frame87.png,0.633774
test,scaled-dicom-021.png,predict8_scaled-A0004_frame87.png,0.633144
test,scaled-dicom-022.png,predict8_scaled-A0004_frame86.png,0.627781
test,scaled-dicom-023.png,predict8_scaled-A0004_frame87.png,0.632216
test,scaled-dicom-024.png,predict8_scaled-A0004_frame87.png,0.633886
test,scaled-dicom-025.png,predict8_scaled-A0004_frame86.png,0.626585
test,scaled-dicom-026.png,predict8_scaled-A0004_frame87.png,0.632554
test,scaled-dicom-027.png,predict8_scaled-A0004_frame87.png,0.633436
test,scaled-dicom-028.png,predict8_scaled-A0004_frame87.png,0.633721
test,scaled-dicom-029.png,predict8_scaled-A0004_frame87.png,0.626002
test,scaled-dicom-030.png,predict8_scaled-A0004_frame87.png,0.630647
test,scaled-dicom-031.png,predict8_scaled-A0004_frame87.png,0.631139
test,scaled-dicom-032.png,predict8_scaled-A0004_frame87.png,0.628603
test,scaled-dicom-033.png,predict8_scaled-A0004_frame87.png,0.630591
test,scaled-dicom-034.png,predict8_scaled-A0004_frame87.png,0.622574
test,scaled-dicom-035.png,predict8_scaled-A0004_frame87.png,0.628632
test,scaled-dicom-036.png,predict8_scaled-A0004_frame87.png,0.623619
test,scaled-dicom-037.png,predict8_scaled-A0004_frame87.png,0.623972
test,scaled-dicom-038.png,predict8_scaled-A0004_frame87.png,0.622604
test,scaled-dicom-039.png,predict8_scaled-A0004_frame87.png,0.635457
test,scaled-dicom-040.png,predict8_scaled-A0004_frame87.png,0.635733
test,scaled-dicom-041.png,predict8_scaled-A0004_frame87.png,0.633956
test,scaled-dicom-042.png,predict8_scaled-A0004_frame87.png,0.635519
test,scaled-dicom-043.png,predict8_scaled-A0004_frame87.png,0.635735
test,scaled-dicom-044.png,predict8_scaled-A0004_frame87.png,0.634379
test,scaled-dicom-045.png,predict8_scaled-A0004_frame87.png,0.640534
test,scaled-dicom-046.png,predict8_scaled-A0004_frame87.png,0.640983
test,scaled-dicom-047.png,predict8_scaled-A0004_frame87.png,0.638585
test,scaled-dicom-048.png,predict8_scaled-A0004_frame87.png,0.64109
test,scaled-dicom-049.png,predict8_scaled-A0004_frame87.png,0.641346
test,scaled-dicom-050.png,predict8_scaled-A0004_frame87.png,0.639658
test,scaled-dicom-051.png,predict8_scaled-A0004_frame87.png,0.641301
test,scaled-dicom-052.png,predict8_scaled-A0004_frame87.png,0.633538
test,scaled-dicom-053.png,predict8_scaled-A0004_frame87.png,0.64046
test,scaled-dicom-054.png,predict8_scaled-A0004_frame87.png,0.635503
test,scaled-dicom-055.png,predict8_scaled-A0004_frame87.png,0.641766
test,scaled-dicom-056.png,predict8_scaled-A0004_frame87.png,0.634122
test,scaled-dicom-057.png,predict8_scaled-A0004_frame87.png,0.638037
test,scaled-dicom-058.png,predict8_scaled-A0004_frame87.png,0.638195
test,scaled-dicom-059.png,predict8_scaled-A0004_frame87.png,0.637573
test,scaled-dicom-060.png,predict8_scaled-A0004_frame87.png,0.638632
test,scaled-dicom-061.png,predict8_scaled-A0004_frame87.png,0.6388
test,scaled-dicom-062.png,predict8_scaled-A0004_frame87.png,0.626215
test,scaled-dicom-063.png,predict8_scaled-A0004_frame87.png,0.626128
test,scaled-dicom-064.png,predict8_scaled-A0004_frame87.png,0.63783
test,scaled-dicom-065.png,predict8_scaled-A0004_frame87.png,0.625826
test,scaled-dicom-066.png,predict8_scaled-A0004_frame87.png,0.636417
test,scaled-dicom-067.png,predict8_scaled-A0004_frame87.png,0.636633
test,scaled-dicom-068.png,predict8_scaled-A0004_frame86.png,0.635608
test,scaled-dicom-069.png,predict8_scaled-A0004_frame86.png,0.636132
test,scaled-dicom-070.png,predict8_scaled-A0004_frame86.png,0.636459
test,scaled-dicom-071.png,predict8_scaled-A0004_frame86.png,0.634689
test,scaled-dicom-072.png,predict8_scaled-A0004_frame86.png,0.631719
test,scaled-dicom-073.png,predict8_scaled-A0004_frame86.png,0.63185
test,scaled-dicom-074.png,predict8_scaled-A0004_frame86.png,0.625736
test,scaled-dicom-075.png,predict8_scaled-A0004_frame86.png,0.623838
test,scaled-dicom-076.png,predict8_scaled-A0004_frame86.png,0.623995
test,scaled-dicom-077.png,predict8_scaled-A0004_frame86.png,0.622762
test,scaled-dicom-078.png,predict8_scaled-A0004_frame87.png,0.622186
test,scaled-dicom-079.png,predict8_scaled-A0004_frame87.png,0.622044
test,scaled-dicom-080.png,predict8_scaled-A0004_frame87.png,0.622021
test,scaled-dicom-081.png,predict5_scaled-A0010_frame8.png,0.611896
test,scaled-dicom-082.png,predict5_scaled-A0010_frame8.png,0.612301
test,scaled-dicom-083.png,predict8_scaled-A0004_frame87.png,0.615562
test,scaled-dicom-084.png,predict5_scaled-A0010_frame8.png,0.610695
test,scaled-dicom-085.png,predict5_scaled-A0010_frame8.png,0.610956
test,scaled-dicom-086.png,predict5_scaled-A0010_frame7.png,0.610595
test,scaled-dicom-087.png,predict5_scaled-A0010_frame7.png,0.609079
test,scaled-dicom-088.png,predict5_scaled-A0010_frame7.png,0.609562
test,scaled-dicom-089.png,predict5_scaled-A0010_frame8.png,0.606137
test,scaled-dicom-090.png,predict5_scaled-A0010_frame8.png,0.605614
test,scaled-dicom-091.png,predict5_scaled-A0010_frame8.png,0.606053
test,scaled-dicom-092.png,predict5_scaled-A0010_frame8.png,0.602656
test,scaled-dicom-093.png,predict5_scaled-A0010_frame10.png,0.590691
test,scaled-dicom-094.png,predict5_scaled-A0010_frame10.png,0.591119
test,scaled-dicom-095.png,predict5_scaled-A0010_frame10.png,0.587773
test,scaled-dicom-096.png,scaled-dicom-1462.png,0.609728
test,scaled-dicom-097.png,scaled-dicom-1462.png,0.609555
test,scaled-dicom-098.png,scaled-dicom-1462.png,0.60842
test,scaled-dicom-099.png,predict5_scaled-A0010_frame8.png,0.589219
test,scaled-dicom-100.png,predict5_scaled-A0010_frame8.png,0.589698
test,scaled-dicom-101.png,predict5_scaled-A0010_frame8.png,0.586098
test,scaled-dicom-102.png,scaled-dicom-1462.png,0.61215
test,scaled-dicom-103.png,scaled-dicom-1462.png,0.611919
test,scaled-dicom-104.png,scaled-dicom-1462.png,0.611539
test,scaled-dicom-105.png,scaled-dicom-1462.png,0.619812
test,scaled-dicom-106.png,scaled-dicom-1462.png,0.606439
test,scaled-dicom-107.png,scaled-dicom-1462.png,0.620115
test,scaled-dicom-108.png,scaled-dicom-1462.png,0.613517
test,scaled-dicom-109.png,scaled-dicom-1462.png,0.613429
test,scaled-dicom-110.png,scaled-dicom-1462.png,0.612623
test,scaled-dicom-111.png,scaled-dicom-1462.png,0.613552
test,scaled-dicom-112.png,scaled-dicom-1462.png,0.614388
test,scaled-dicom-113.png,scaled-dicom-1462.png,0.612857
test,scaled-dicom-114.png,scaled-dicom-1462.png,0.613234
test,scaled-dicom-1288.png,scaled-dicom-004.png,0.56861
test,scaled-dicom-1289.png,scaled-dicom-004.png,0.552057
test,scaled-dicom-1290.png,scaled-dicom-004.png,0.572748
test,scaled-dicom-1291.png,scaled-dicom-004.png,0.569943
test,scaled-dicom-1292.png,scaled-dicom-004.png,0.568881
test,scaled-dicom-1293.png,scaled-dicom-004.png,0.57511
test,scaled-dicom-1294.png,scaled-dicom-004.png,0.569579
test,scaled-dicom-1295.png,scaled-dicom-004.png,0.568781
test,scaled-dicom-1296.png,scaled-dicom-004.png,0.57308
test,scaled-dicom-1297.png,scaled-dicom-004.png,0.553089
test,scaled-dicom-1298.png,scaled-dicom-004.png,0.557188
test,scaled-dicom-1299.png,scaled-dicom-004.png,0.555398
test,scaled-dicom-1300.png,scaled-dicom-004.png,0.549312
test,scaled-dicom-1301.png,scaled-dicom-004.png,0.548843
test,scaled-dicom-1302.png,scaled-dicom-004.png,0.55173
test,scaled-dicom-1303.png,scaled-dicom-004.png,0.549372
test,scaled-dicom-1304.png,scaled-dicom-004.png,0.548695
test,scaled-dicom-1305.png,scaled-dicom-004.png,0.549374
test,scaled-dicom-1306.png,scaled-dicom-004.png,0.542317
test,scaled-dicom-1307.png,scaled-dicom-004.png,0.541436
test,scaled-dicom-1308.png,scaled-dicom-004.png,0.545953
test,scaled-dicom-1309.png,scaled-dicom-004.png,0.537265
test,scaled-dicom-1310.png,scaled-dicom-004.png,0.53638
test,scaled-dicom-1311.png,scaled-dicom-004.png,0.540055
test,scaled-dicom-1312.png,scaled-dicom-004.png,0.528898
test,scaled-dicom-1313.png,scaled-dicom-004.png,0.528163
test,scaled-dicom-1314.png,scaled-dicom-004.png,0.532189
test,scaled-dicom-1315.png,scaled-dicom-004.png,0.524831
test,scaled-dicom-1316.png,scaled-dicom-004.png,0.524287
test,scaled-dicom-1317.png,scaled-dicom-004.png,0.528832
test,scaled-dicom-1318.png,scaled-dicom-004.png,0.522447
test,scaled-dicom-1319.png,scaled-dicom-004.png,0.521419
test,scaled-dicom-1320.png,scaled-dicom-004.png,0.525674
test,scaled-dicom-1321.png,scaled-dicom-004.png,0.51738
test,scaled-dicom-1322.png,scaled-dicom-004.png,0.516568
test,scaled-dicom-1323.png,scaled-dicom-004.png,0.52234
test,scaled-dicom-1324.png,scaled-dicom-004.png,0.508198
test,scaled-dicom-1325.png,scaled-dicom-004.png,0.507155
test,scaled-dicom-1326.png,scaled-dicom-004.png,0.517609
test,scaled-dicom-1327.png,scaled-dicom-004.png,0.509171
test,scaled-dicom-1328.png,scaled-dicom-004.png,0.508088
test,scaled-dicom-1329.png,scaled-dicom-004.png,0.518678
test,scaled-dicom-1330.png,scaled-dicom-004.png,0.518204
test,scaled-dicom-1331.png,scaled-dicom-004.png,0.517256
test,scaled-dicom-1332.png,scaled-dicom-004.png,0.523518
test,scaled-dicom-1333.png,scaled-dicom-004.png,0.524529
test,scaled-dicom-1334.png,scaled-dicom-004.png,0.523738
test,scaled-dicom-1335.png,scaled-dicom-004.png,0.529387
test,scaled-dicom-1336.png,scaled-dicom-004.png,0.530049
test,scaled-dicom-2880.png,scaled-dicom-2743.png,0.673006
test,scaled-dicom-2881.png,scaled-dicom-2743.png,0.678955
test,scaled-dicom-2882.png,scaled-dicom-2743.png,0.671149
test,scaled-dicom-2883.png,scaled-dicom-2743.png,0.670214
test,scaled-dicom-2884.png,scaled-dicom-2743.png,0.674353
test,scaled-dicom-2885.png,scaled-dicom-3360.png,0.667623
test,scaled-dicom-2886.png,scaled-dicom-3360.png,0.667792
test,scaled-dicom-2887.png,scaled-dicom-3360.png,0.667566
test,scaled-dicom-2888.png,scaled-dicom-3360.png,0.669508
test,scaled-dicom-2889.png,scaled-dicom-3360.png,0.669382
test,scaled-dicom-2890.png,scaled-dicom-3360.png,0.669247
test,scaled-dicom-2891.png,scaled-dicom-3360.png,0.667344
test,scaled-dicom-2892.png,scaled-dicom-3360.png,0.667092
test,scaled-dicom-2893.png,scaled-dicom-3360.png,0.667238
test,scaled-dicom-2894.png,scaled-dicom-3360.png,0.662072
test,scaled-dicom-2895.png,scaled-dicom-3360.png,0.661988
test,scaled-dicom-2896.png,scaled-dicom-3360.png,0.661975
test,scaled-dicom-2897.png,scaled-dicom-3360.png,0.658043
test,scaled-dicom-2898.png,scaled-dicom-3360.png,0.657896
test,scaled-dicom-2899.png,scaled-dicom-3360.png,0.657809
test,scaled-dicom-2900.png,scaled-dicom-3360.png,0.649297
test,scaled-dicom-2901.png,scaled-dicom-3360.png,0.649351
test,scaled-dicom-2902.png,scaled-dicom-3360.png,0.642955
test,scaled-dicom-2903.png,scaled-dicom-3360.png,0.639508
test,scaled-dicom-2904.png,scaled-dicom-3360.png,0.639845
test,scaled-dicom-2905.png,scaled-dicom-3360.png,0.63782
test,scaled-dicom-2906.png,scaled-dicom-3780.png,0.640804
test,scaled-dicom-2907.png,scaled-dicom-3780.png,0.64115
test,scaled-dicom-2908.png,scaled-dicom-3780.png,0.639863
test,scaled-dicom-2909.png,scaled-dicom-3780.png,0.643361
test,scaled-dicom-2910.png,scaled-dicom-3780.png,0.643621
test,scaled-dicom-2911.png,scaled-dicom-3780.png,0.64264
test,scaled-dicom-2912.png,scaled-dicom-3360.png,0.652363
test,scaled-dicom-2913.png,scaled-dicom-3360.png,0.652695
test,scaled-dicom-2914.png,scaled-dicom-3360.png,0.651115
test,scaled-dicom-2915.png,scaled-dicom-3360.png,0.6521
test,scaled-dicom-2916.png,scaled-dicom-3360.png,0.652453
test,scaled-dicom-2917.png,scaled-dicom-3360.png,0.650905
test,scaled-dicom-2918.png,scaled-dicom-3360.png,0.645179
test,scaled-dicom-2919.png,scaled-dicom-3360.png,0.645447
test,scaled-dicom-2920.png,scaled-dicom-3360.png,0.657253
test,scaled-dicom-2921.png,scaled-dicom-3360.png,0.681325
test,scaled-dicom-2922.png,scaled-dicom-3360.png,0.681497
test,scaled-dicom-2923.png,scaled-dicom-3360.png,0.680123
test,scaled-dicom-2924.png,scaled-dicom-3360.png,0.68478
test,scaled-dicom-2925.png,scaled-dicom-3360.png,0.685164
test,scaled-dicom-2926.png,scaled-dicom-3360.png,0.683163
test,scaled-dicom-2927.png,scaled-dicom-2743.png,0.730915
test,scaled-dicom-2928.png,scaled-dicom-2743.png,0.730399
test,scaled-dicom-2929.png,scaled-dicom-2743.png,0.732812
test,scaled-dicom-2930.png,scaled-dicom-2743.png,0.749686
test,scaled-dicom-2931.png,scaled-dicom-2744.png,0.744489
test,scaled-dicom-2932.png,scaled-dicom-2743.png,0.750979
test,scaled-dicom-2933.png,scaled-dicom-2744.png,0.761282
test,scaled-dicom-2934.png,scaled-dicom-2744.png,0.760713
test,scaled-dicom-2935.png,scaled-dicom-2744.png,0.763171
test,scaled-dicom-2936.png,scaled-dicom-2743.png,0.791758
test,scaled-dicom-2937.png,scaled-dicom-2743.png,0.791231
test,scaled-dicom-2938.png,scaled-dicom-2743.png,0.793339
test,scaled-dicom-2939.png,scaled-dicom-2743.png,0.811435
test,scaled-dicom-4076.png,predict8_scaled-A0006_frame139.png,0.564628
test,scaled-dicom-4077.png,predict8_scaled-A0006_frame139.png,0.564767
test,scaled-dicom-4078.png,predict8_scaled-A0006_frame139.png,0.563662
test,scaled-dicom-4079.png,predict8_scaled-A0006_frame139.png,0.570561
test,scaled-dicom-4080.png,predict8_scaled-A0006_frame139.png,0.570457
test,scaled-dicom-4081.png,predict8_scaled-A0006_frame139.png,0.5697
test,scaled-dicom-4082.png,predict8_scaled-A0006_frame139.png,0.569965
test,scaled-dicom-4083.png,predict8_scaled-A0006_frame139.png,0.569917
test,scaled-dicom-4084.png,predict8_scaled-A0006_frame139.png,0.56987
test,scaled-dicom-4085.png,predict8_scaled-A0006_frame139.png,0.573137
test,scaled-dicom-4086.png,predict8_scaled-A0006_frame139.png,0.573175
test,scaled-dicom-4087.png,predict8_scaled-A0006_frame139.png,0.572739
test,scaled-dicom-4088.png,predict8_scaled-A0006_frame139.png,0.572951
test,scaled-dicom-4089.png,predict8_scaled-A0006_frame139.png,0.572914
test,scaled-dicom-4090.png,predict8_scaled-A0006_frame139.png,0.573608
test,scaled-dicom-4091.png,predict8_scaled-A0006_frame140.png,0.576509
test,scaled-dicom-4092.png,predict8_scaled-A0006_frame140.png,0.576397
test,scaled-dicom-4093.png,predict8_scaled-A0006_frame139.png,0.572195
test,scaled-dicom-4094.png,predict8_scaled-A0006_frame139.png,0.56614
test,scaled-dicom-4095.png,predict8_scaled-A0006_frame140.png,0.568197
test,scaled-dicom-4096.png,predict8_scaled-A0006_frame139.png,0.566162
test,scaled-dicom-4097.png,predict8_scaled-A0006_frame135.png,0.558885
test,scaled-dicom-4098.png,predict8_scaled-A0006_frame135.png,0.558678
test,scaled-dicom-4099.png,predict8_scaled-A0004_frame85.png,0.558356
test,scaled-dicom-4100.png,predict8_scaled-A0004_frame85.png,0.550386
test,scaled-dicom-4101.png,predict8_scaled-A0006_frame133.png,0.553629
test,scaled-dicom-4102.png,predict8_scaled-A0004_frame85.png,0.551396
test,scaled-dicom-4103.png,predict8_scaled-A0006_frame135.png,0.546025
test,scaled-dicom-4104.png,predict8_scaled-A0006_frame135.png,0.545769
test,scaled-dicom-4105.png,predict8_scaled-A0006_frame135.png,0.547787
test,scaled-dicom-4106.png,predict8_scaled-A0006_frame133.png,0.538795
test,scaled-dicom-4107.png,predict8_scaled-A0006_frame133.png,0.538543
test,scaled-dicom-4108.png,predict8_scaled-A0006_frame133.png,0.540181
test,scaled-dicom-4109.png,predict8_scaled-A0004_frame85.png,0.532155
test,scaled-dicom-4110.png,predict8_scaled-A0004_frame85.png,0.531846
test,scaled-dicom-4111.png,predict8_scaled-A0004_frame85.png,0.53349
test,scaled-dicom-4112.png,predict8_scaled-A0004_frame85.png,0.527545
test,scaled-dicom-4113.png,predict8_scaled-A0004_frame85.png,0.52743
test,scaled-dicom-4114.png,predict8_scaled-A0004_frame85.png,0.529385
test,scaled-dicom-4115.png,predict8_scaled-A0004_frame82.png,0.527857
test,scaled-dicom-4116.png,predict8_scaled-A0004_frame82.png,0.52778
test,scaled-dicom-4117.png,predict8_scaled-A0004_frame81.png,0.52487
test,scaled-dicom-4118.png,predict8_scaled-A0004_frame82.png,0.522385
test,scaled-dicom-4119.png,predict8_scaled-A0004_frame82.png,0.522153
test,scaled-dicom-4120.png,predict8_scaled-A0004_frame81.png,0.515458
test,scaled-dicom-4121.png,predict8_scaled-A0004_frame81.png,0.51291
test,scaled-dicom-4122.png,predict8_scaled-A0004_frame81.png,0.521657
test,scaled-dicom-4123.png,predict8_scaled-A0004_frame81.png,0.5126
test,scaled-dicom-4124.png,predict8_scaled-A0004_frame81.png,0.527358
test,scaled-dicom-4125.png,predict8_scaled-A0004_frame81.png,0.527255
test,scaled-dicom-4126.png,predict8_scaled-A0004_frame81.png,0.528267
test,scaled-dicom-4127.png,predict8_scaled-A0004_frame81.png,0.538208
test,scaled-dicom-4128.png,predict8_scaled-A0004_frame81.png,0.538043
test,scaled-dicom-4129.png,predict8_scaled-A0004_frame81.png,0.52408
test,scaled-dicom-4130.png,predict8_scaled-A0004_frame81.png,0.531352
test,scaled-dicom-4131.png,predict8_scaled-A0004_frame81.png,0.546108
test,scaled-dicom-4132.png,predict8_scaled-A0004_frame81.png,0.53107
test,scaled-dicom-4133.png,predict8_scaled-A0004_frame58.png,0.550602
test,scaled-dicom-4134.png,predict8_scaled-A0004_frame58.png,0.550287
test,scaled-dicom-4135.png,predict8_scaled-A0004_frame81.png,0.551751
test,scaled-dicom-4136.png,predict8_scaled-A0006_frame129.png,0.554244
test,scaled-dicom-4137.png,predict8_scaled-A0006_frame129.png,0.554139
test,scaled-dicom-4138.png,predict8_scaled-A0004_frame58.png,0.554722
test,scaled-dicom-4139.png,predict8_scaled-A0004_frame59.png,0.558523
test,scaled-dicom-4140.png,predict8_scaled-A0004_frame59.png,0.558004
test,scaled-dicom-4141.png,predict8_scaled-A0004_frame58.png,0.560143
test,scaled-dicom-4142.png,predict8_scaled-A0006_frame129.png,0.557233
test,scaled-dicom-4143.png,predict8_scaled-A0006_frame129.png,0.556792
test,scaled-dicom-4144.png,predict8_scaled-A0004_frame58.png,0.557864
test,scaled-dicom-4145.png,predict8_scaled-A0006_frame128.png,0.559881
test,scaled-dicom-4146.png,predict8_scaled-A0006_frame128.png,0.559775
test,scaled-dicom-4147.png,predict8_scaled-A0006_frame131.png,0.561037
test,scaled-dicom-4148.png,predict8_scaled-A0006_frame130.png,0.560336
test,scaled-dicom-4149.png,predict8_scaled-A0006_frame130.png,0.560165
test,scaled-dicom-4150.png,predict8_scaled-A0006_frame129.png,0.561673
test,scaled-dicom-4151.png,predict8_scaled-A0006_frame129.png,0.560756
test,scaled-dicom-4152.png,predict8_scaled-A0006_frame129.png,0.560509
test,scaled-dicom-4153.png,predict8_scaled-A0006_frame129.png,0.56201
test,scaled-dicom-4154.png,predict8_scaled-A0006_frame130.png,0.563249
test,scaled-dicom-4155.png,predict8_scaled-A0006_frame130.png,0.563107
test,scaled-dicom-4156.png,predict8_scaled-A0006_frame129.png,0.564741
test,scaled-dicom-4157.png,predict8_scaled-A0006_frame129.png,0.564991
test,scaled-dicom-4158.png,predict8_scaled-A0006_frame129.png,0.565009
test,scaled-dicom-4159.png,predict8_scaled-A0004_frame81.png,0.564705
test,scaled-dicom-4160.png,predict8_scaled-A0006_frame127.png,0.563132
test,scaled-dicom-4161.png,predict8_scaled-A0006_frame127.png,0.563054
test,scaled-dicom-4162.png,predict8_scaled-A0004_frame58.png,0.560716
test,scaled-dicom-4163.png,predict8_scaled-A0006_frame127.png,0.559568
test,scaled-dicom-4164.png,predict8_scaled-A0006_frame127.png,0.559209
test,scaled-dicom-4165.png,predict8_scaled-A0004_frame58.png,0.556635
test,scaled-dicom-4166.png,predict8_scaled-A0006_frame128.png,0.555234
test,scaled-dicom-4167.png,predict8_scaled-A0006_frame128.png,0.55513
test,scaled-dicom-4168.png,predict8_scaled-A0006_frame129.png,0.55654
test,scaled-dicom-4169.png,predict8_scaled-A0006_frame128.png,0.549171
test,scaled-dicom-4170.png,predict8_scaled-A0006_frame128.png,0.548981
test,scaled-dicom-4171.png,predict8_scaled-A0006_frame127.png,0.54794
test,scaled-dicom-4172.png,predict8_scaled-A0004_frame81.png,0.535214
test,scaled-dicom-4173.png,predict8_scaled-A0004_frame81.png,0.535096
test,scaled-dicom-4174.png,predict8_scaled-A0004_frame81.png,0.536584
test,scaled-dicom-4175.png,predict8_scaled-A0004_frame81.png,0.515872
test,scaled-dicom-4176.png,predict8_scaled-A0004_frame81.png,0.515902
test,scaled-dicom-4177.png,predict8_scaled-A0004_frame81.png,0.517051
test,scaled-dicom-4178.png,predict8_scaled-A0004_frame82.png,0.502965
test,scaled-dicom-4179.png,predict8_scaled-A0004_frame82.png,0.502906
test,scaled-dicom-4180.png,predict8_scaled-A0004_frame81.png,0.497216
test,scaled-dicom-4181.png,predict8_scaled-A0004_frame85.png,0.496809
test,scaled-dicom-4182.png,predict8_scaled-A0004_frame85.png,0.497064
test,scaled-dicom-4183.png,predict8_scaled-A0004_frame82.png,0.496054
test,scaled-dicom-4184.png,predict8_scaled-A0004_frame85.png,0.496247
test,scaled-dicom-4185.png,predict8_scaled-A0004_frame85.png,0.496452
test,scaled-dicom-4186.png,predict8_scaled-A0004_frame85.png,0.496257
test,scaled-dicom-4187.png,predict8_scaled-A0004_frame85.png,0.502269
test,scaled-dicom-4188.png,predict8_scaled-A0004_frame85.png,0.498429
test,scaled-dicom-4189.png,predict8_scaled-A0004_frame85.png,0.502322
test,scaled-dicom-4190.png,predict8_scaled-A0004_frame85.png,0.506549
test,scaled-dicom-4191.png,predict8_scaled-A0004_frame85.png,0.50667
test,scaled-dicom-4192.png,predict8_scaled-A0004_frame86.png,0.50668
test,scaled-dicom-4193.png,predict8_scaled-A0004_frame87.png,0.502523
test,scaled-dicom-4194.png,predict8_scaled-A0004_frame87.png,0.502258
test,scaled-dicom-4195.png,predict8_scaled-A0004_frame86.png,0.508507
test,scaled-dicom-4196.png,predict8_scaled-A0004_frame87.png,0.507506
test,scaled-dicom-4197.png,predict8_scaled-A0004_frame87.png,0.507253
test,scaled-dicom-4198.png,predict8_scaled-A0004_frame87.png,0.509881
test,scaled-dicom-4199.png,predict8_scaled-A0004_frame86.png,0.514856
test,scaled-dicom-4200.png,predict8_scaled-A0004_frame87.png,0.51435
test,scaled-dicom-4201.png,predict8_scaled-A0004_frame86.png,0.518248
test,scaled-dicom-4202.png,predict8_scaled-A0004_frame85.png,0.524622
test,scaled-dicom-4203.png,predict8_scaled-A0004_frame85.png,0.524499
test,scaled-dicom-4204.png,predict8_scaled-A0004_frame86.png,0.526309
test,scaled-dicom-4205.png,predict8_scaled-A0004_frame85.png,0.526551
test,scaled-dicom-4206.png,predict8_scaled-A0004_frame85.png,0.526657
test,scaled-dicom-4207.png,predict8_scaled-A0004_frame86.png,0.527864
test,scaled-dicom-4208.png,predict8_scaled-A0004_frame85.png,0.525417
test,scaled-dicom-4209.png,predict8_scaled-A0004_frame85.png,0.525505
test,scaled-dicom-4210.png,predict8_scaled-A0004_frame85.png,0.526975
test,scaled-dicom-4211.png,predict8_scaled-A0004_frame85.png,0.527804
test,scaled-dicom-4212.png,predict8_scaled-A0004_frame85.png,0.527908
test,scaled-dicom-4213.png,predict8_scaled-A0004_frame86.png,0.529766
test,scaled-dicom-4214.png,predict8_scaled-A0004_frame87.png,0.526934
test,scaled-dicom-4215.png,predict8_scaled-A0004_frame87.png,0.526766
test,scaled-dicom-4216.png,predict8_scaled-A0004_frame87.png,0.528668
test,scaled-dicom-4217.png,predict8_scaled-A0004_frame85.png,0.532272
test,scaled-dicom-4218.png,predict8_scaled-A0004_frame85.png,0.532552
test,scaled-dicom-4219.png,predict8_scaled-A0004_frame86.png,0.534755
test,scaled-dicom-4220.png,predict8_scaled-A0004_frame86.png,0.530575
test,scaled-dicom-4221.png,predict8_scaled-A0006_frame141.png,0.555267
test,scaled-dicom-4222.png,predict8_scaled-A0006_frame141.png,0.555297
test,scaled-dicom-4223.png,predict8_scaled-A0006_frame141.png,0.553882
test,scaled-dicom-4224.png,predict8_scaled-A0006_frame139.png,0.545052
test,scaled-dicom-4225.png,predict8_scaled-A0006_frame140.png,0.551268
test,scaled-dicom-4226.png,predict8_scaled-A0006_frame139.png,0.545164
test,scaled-dicom-4227.png,predict8_scaled-A0006_frame140.png,0.550256
test,scaled-dicom-4228.png,predict8_scaled-A0006_frame140.png,0.550493
test,scaled-dicom-4229.png,predict8_scaled-A0006_frame140.png,0.547724
test,scaled-dicom-4230.png,predict8_scaled-A0006_frame139.png,0.542374
test,scaled-dicom-4231.png,predict8_scaled-A0006_frame140.png,0.548734
test,scaled-dicom-4232.png,predict8_scaled-A0006_frame139.png,0.541571
test,scaled-dicom-4233.png,scaled-dicom-577.png,0.54777
test,scaled-dicom-4234.png,scaled-dicom-577.png,0.54802
test,scaled-dicom-4235.png,scaled-dicom-577.png,0.54308
test,scaled-dicom-4236.png,scaled-dicom-577.png,0.543659
test,scaled-dicom-4237.png,scaled-dicom-577.png,0.543831
test,scaled-dicom-4238.png,scaled-dicom-577.png,0.543732
test,scaled-dicom-4239.png,scaled-dicom-577.png,0.549988
test,scaled-dicom-4240.png,scaled-dicom-577.png,0.550204
test,scaled-dicom-4241.png,scaled-dicom-577.png,0.549761
test,scaled-dicom-4242.png,scaled-dicom-577.png,0.559106
test,scaled-dicom-4243.png,scaled-dicom-577.png,0.559398
test,scaled-dicom-4244.png,scaled-dicom-577.png,0.559459
test,scaled-dicom-4245.png,scaled-dicom-577.png,0.571066
test,scaled-dicom-4246.png,scaled-dicom-577.png,0.571414
test,scaled-dicom-4247.png,scaled-dicom-500.png,0.566175
test,scaled-dicom-4248.png,scaled-dicom-500.png,0.570651
test,scaled-dicom-4249.png,scaled-dicom-500.png,0.571137
test,scaled-dicom-4250.png,scaled-dicom-500.png,0.570999
test,scaled-dicom-4251.png,scaled-dicom-500.png,0.566979
test,scaled-dicom-4252.png,scaled-dicom-500.png,0.567231
test,scaled-dicom-4253.png,scaled-dicom-506.png,0.567647
test,scaled-dicom-4254.png,scaled-dicom-500.png,0.567166
test,scaled-dicom-4255.png,scaled-dicom-500.png,0.567517
test,scaled-dicom-4256.png,scaled-dicom-506.png,0.566472
test,scaled-dicom-4257.png,scaled-dicom-506.png,0.574635
test,scaled-dicom-4258.png,scaled-dicom-506.png,0.574936
test,scaled-dicom-4259.png,scaled-dicom-506.png,0.57547
test,scaled-dicom-4260.png,scaled-dicom-500.png,0.592182
test,scaled-dicom-4261.png,scaled-dicom-500.png,0.592573
test,scaled-dicom-4262.png,scaled-dicom-500.png,0.591702
test,scaled-dicom-4263.png,scaled-dicom-576.png,0.594239
test,scaled-dicom-4264.png,scaled-dicom-576.png,0.594728
test,scaled-dicom-4265.png,scaled-dicom-576.png,0.593847
test,scaled-dicom-4266.png,scaled-dicom-500.png,0.590143
test,scaled-dicom-4267.png,scaled-dicom-500.png,0.590666
test,scaled-dicom-4268.png,scaled-dicom-500.png,0.590064
test,scaled-dicom-4269.png,scaled-dicom-576.png,0.594309
test,scaled-dicom-4270.png,scaled-dicom-576.png,0.594715
test,scaled-dicom-4271.png,scaled-dicom-500.png,0.594841
test,scaled-dicom-4272.png,scaled-dicom-500.png,0.596791
test,scaled-dicom-4273.png,scaled-dicom-500.png,0.597276
test,scaled-dicom-4274.png,scaled-dicom-506.png,0.593053
test,scaled-dicom-4275.png,scaled-dicom-500.png,0.589795
test,scaled-dicom-4276.png,scaled-dicom-500.png,0.590168
test,scaled-dicom-4277.png,scaled-dicom-500.png,0.590786
test,scaled-dicom-4278.png,scaled-dicom-500.png,0.584843
test,scaled-dicom-4279.png,scaled-dicom-500.png,0.585254
test,scaled-dicom-4280.png,scaled-dicom-500.png,0.585569
test,scaled-dicom-4281.png,scaled-dicom-500.png,0.589617
test,scaled-dicom-4282.png,scaled-dicom-500.png,0.589952
test,scaled-dicom-4283.png,scaled-dicom-500.png,0.590362
test,scaled-dicom-4284.png,scaled-dicom-577.png,0.589332
test,scaled-dicom-4285.png,scaled-dicom-577.png,0.589657
test,scaled-dicom-4286.png,scaled-dicom-506.png,0.586131
test,scaled-dicom-4287.png,scaled-dicom-500.png,0.591619
test,scaled-dicom-4288.png,scaled-dicom-500.png,0.592015
test,scaled-dicom-4289.png,scaled-dicom-506.png,0.587004
test,scaled-dicom-4290.png,scaled-dicom-506.png,0.593565
test,scaled-dicom-4291.png,scaled-dicom-506.png,0.593929
test,scaled-dicom-4292.png,scaled-dicom-506.png,0.59329
test,scaled-dicom-4293.png,scaled-dicom-506.png,0.593632
test,scaled-dicom-4294.png,scaled-dicom-506.png,0.594229
test,scaled-dicom-4295.png,scaled-dicom-506.png,0.59244
test,scaled-dicom-4296.png,scaled-dicom-506.png,0.589759
test,scaled-dicom-4297.png,scaled-dicom-506.png,0.590412
test,scaled-dicom-4298.png,scaled-dicom-506.png,0.589229
test,scaled-dicom-4299.png,scaled-dicom-506.png,0.58196
test,scaled-dicom-4300.png,scaled-dicom-506.png,0.582703
test,scaled-dicom-4301.png,scaled-dicom-506.png,0.580508
test,scaled-dicom-4302.png,scaled-dicom-506.png,0.590553
test,scaled-dicom-4303.png,scaled-dicom-506.png,0.591126
test,scaled-dicom-4304.png,scaled-dicom-506.png,0.589256
test,scaled-dicom-4305.png,scaled-dicom-506.png,0.598729
test,scaled-dicom-4306.png,scaled-dicom-506.png,0.599365
test,scaled-dicom-4307.png,scaled-dicom-506.png,0.596118
test,scaled-dicom-4308.png,scaled-dicom-576.png,0.602998
test,scaled-dicom-4309.png,scaled-dicom-576.png,0.60385
test,scaled-dicom-4310.png,scaled-dicom-506.png,0.597388
test,scaled-dicom-4311.png,scaled-dicom-509.png,0.59334
test,scaled-dicom-4312.png,scaled-dicom-509.png,0.594213
test,scaled-dicom-4313.png,scaled-dicom-506.png,0.587417
test,scaled-dicom-4314.png,scaled-dicom-506.png,0.573801
test,scaled-dicom-4315.png,scaled-dicom-506.png,0.574882
test,scaled-dicom-4316.png,scaled-dicom-505.png,0.570538
test,scaled-dicom-4317.png,scaled-dicom-506.png,0.576172
test,scaled-dicom-4318.png,scaled-dicom-506.png,0.577309
test,scaled-dicom-4319.png,scaled-dicom-505.png,0.573019
test,scaled-dicom-4320.png,scaled-dicom-505.png,0.579742
test,scaled-dicom-4321.png,scaled-dicom-505.png,0.580584
test,scaled-dicom-4322.png,scaled-dicom-505.png,0.576167
test,scaled-dicom-4323.png,scaled-dicom-505.png,0.578379
test,scaled-dicom-4324.png,scaled-dicom-505.png,0.579362
test,scaled-dicom-4325.png,scaled-dicom-505.png,0.574758
test,scaled-dicom-4326.png,scaled-dicom-505.png,0.572968
test,scaled-dicom-4327.png,scaled-dicom-505.png,0.555467
test,scaled-dicom-4328.png,scaled-dicom-505.png,0.550664
test,scaled-dicom-4332.png,scaled-dicom-505.png,0.568369
test,scaled-dicom-4333.png,scaled-dicom-505.png,0.568982
test,scaled-dicom-4334.png,scaled-dicom-505.png,0.564109
test,scaled-dicom-4335.png,scaled-dicom-505.png,0.55467
test,scaled-dicom-4336.png,scaled-dicom-505.png,0.555589
test,scaled-dicom-4337.png,scaled-dicom-505.png,0.549547
test,scaled-dicom-4338.png,scaled-dicom-505.png,0.557984
test,scaled-dicom-4339.png,scaled-dicom-505.png,0.558752
test,scaled-dicom-4340.png,scaled-dicom-505.png,0.553228
test,scaled-dicom-4341.png,scaled-dicom-505.png,0.557295
test,scaled-dicom-4342.png,scaled-dicom-505.png,0.557891
test,scaled-dicom-4343.png,scaled-dicom-505.png,0.552575
test,scaled-dicom-4344.png,scaled-dicom-505.png,0.515032
test,scaled-dicom-4345.png,scaled-dicom-505.png,0.544005
test,scaled-dicom-4346.png,scaled-dicom-505.png,0.538565
test,scaled-dicom-4353.png,scaled-dicom-505.png,0.505961
test,scaled-dicom-4354.png,scaled-dicom-505.png,0.506713
test,scaled-dicom-4355.png,scaled-dicom-505.png,0.499203
test,scaled-dicom-4356.png,scaled-dicom-505.png,0.491751
test,scaled-dicom-4357.png,scaled-dicom-505.png,0.492456
test,scaled-dicom-4358.png,scaled-dicom-505.png,0.484545
test,scaled-dicom-4359.png,scaled-dicom-505.png,0.50369
test,scaled-dicom-4360.png,scaled-dicom-505.png,0.504477
test,scaled-dicom-4366.png,scaled-dicom-577.png,0.523469
test,scaled-dicom-4367.png,scaled-dicom-575.png,0.455602
