asset_id,local_file,evidence_type,dataset,dataset_doi,source_article_doi,source_institution,licence,subject_id,scan_id,modality,protocol,frame_id,original_frame_path,annotation_source_file,annotation_type,annotation_semantics,annotator,annotator_qualification,transformation,cropping,resizing,overlay_colours,original_or_derived,redistribution_permitted,paper_use_permitted,attribution_text,selection_reason,notes
URS08_H1_f0237::raw,visuals/ultrasound/real_human_lumbar/raw/URS08_H1_f0237.png,A,KU Leuven / Balgrist lumbar spine ultrasound,doi:10.48804/3XPCAE,10.1038/s41597-025-06047-9,KU Leuven (Robot-Assisted Surgery) + Balgrist University Hospital / University of Zurich,CC-BY-4.0,URS08,H1,HUS,handheld,237,US/URS08_H1/HUS/1430.png,US/US_labels/URS08_H1.zip,"binary pixel mask, thin contour (MetaImage .mhd/.raw, zlib)","EXPERT-ANNOTATED VISIBLE BONE SURFACE (label value 2 of {1,2}). NOT a puncture target, entry point, trajectory, interspace choice or safety window.","one physician (publication author N.A.C.), who also acquired the handheld scans","physician; single annotator, so NO inter-rater agreement exists","decoded from MetaImage, flipped vertically (source is bottom-up), cropped","cropped to the live ultrasound sector, rows 150-960 cols 530-960 of the 1920x1080 screen capture; removes scanner UI, depth ruler and the burned-in study/date banner",none (native sector resolution 810x430),none (greyscale),original,"yes, with attribution (CC-BY-4.0)","yes, with attribution","Cavalcanti NA et al. A large, paired dataset of robotic and handheld lumbar spine ultrasound with ground-truth CT benchmarking. KU Leuven RDR, doi:10.48804/3XPCAE. Licensed CC-BY-4.0.",quantile,Real human in-vivo transcutaneous lumbar ultrasound frame.
URS08_H1_f0237::label,visuals/ultrasound/real_human_lumbar/expert_labels/URS08_H1_f0237.png,B,KU Leuven / Balgrist lumbar spine ultrasound,doi:10.48804/3XPCAE,10.1038/s41597-025-06047-9,KU Leuven (Robot-Assisted Surgery) + Balgrist University Hospital / University of Zurich,CC-BY-4.0,URS08,H1,HUS,handheld,237,US/URS08_H1/HUS/1430.png,US/US_labels/URS08_H1.zip,"binary pixel mask, thin contour (MetaImage .mhd/.raw, zlib)","EXPERT-ANNOTATED VISIBLE BONE SURFACE (label value 2 of {1,2}). NOT a puncture target, entry point, trajectory, interspace choice or safety window.","one physician (publication author N.A.C.), who also acquired the handheld scans","physician; single annotator, so NO inter-rater agreement exists",label value 2 rendered white on black; flipped and cropped identically to the frame,"cropped to the live ultrasound sector, rows 150-960 cols 530-960 of the 1920x1080 screen capture; removes scanner UI, depth ruler and the burned-in study/date banner",none (native sector resolution 810x430),white on black,original,"yes, with attribution (CC-BY-4.0)","yes, with attribution","Cavalcanti NA et al. A large, paired dataset of robotic and handheld lumbar spine ultrasound with ground-truth CT benchmarking. KU Leuven RDR, doi:10.48804/3XPCAE. Licensed CC-BY-4.0.",quantile,"The source expert annotation, unmodified in content."
URS08_H1_f0237::overlay,visuals/ultrasound/real_human_lumbar/expert_overlays/URS08_H1_f0237.png,D,KU Leuven / Balgrist lumbar spine ultrasound,doi:10.48804/3XPCAE,10.1038/s41597-025-06047-9,KU Leuven (Robot-Assisted Surgery) + Balgrist University Hospital / University of Zurich,CC-BY-4.0,URS08,H1,HUS,handheld,237,US/URS08_H1/HUS/1430.png,US/US_labels/URS08_H1.zip,"binary pixel mask, thin contour (MetaImage .mhd/.raw, zlib)","EXPERT-ANNOTATED VISIBLE BONE SURFACE (label value 2 of {1,2}). NOT a puncture target, entry point, trajectory, interspace choice or safety window.","one physician (publication author N.A.C.), who also acquired the handheld scans","physician; single annotator, so NO inter-rater agreement exists",expert mask dilated by 1 px for visibility and painted over the frame,"cropped to the live ultrasound sector, rows 150-960 cols 530-960 of the 1920x1080 screen capture; removes scanner UI, depth ruler and the burned-in study/date banner",none (native sector resolution 810x430),red = expert bone surface,derived,"yes, with attribution (CC-BY-4.0)","yes, with attribution","Cavalcanti NA et al. A large, paired dataset of robotic and handheld lumbar spine ultrasound with ground-truth CT benchmarking. KU Leuven RDR, doi:10.48804/3XPCAE. Licensed CC-BY-4.0.",quantile,Dilation is for display only; metrics never use the dilated mask.
URS08_H1_f0237::sidebyside,visuals/ultrasound/real_human_lumbar/side_by_side/URS08_H1_f0237.png,D,KU Leuven / Balgrist lumbar spine ultrasound,doi:10.48804/3XPCAE,10.1038/s41597-025-06047-9,KU Leuven (Robot-Assisted Surgery) + Balgrist University Hospital / University of Zurich,CC-BY-4.0,URS08,H1,HUS,handheld,237,US/URS08_H1/HUS/1430.png,US/US_labels/URS08_H1.zip,"binary pixel mask, thin contour (MetaImage .mhd/.raw, zlib)","EXPERT-ANNOTATED VISIBLE BONE SURFACE (label value 2 of {1,2}). NOT a puncture target, entry point, trajectory, interspace choice or safety window.","one physician (publication author N.A.C.), who also acquired the handheld scans","physician; single annotator, so NO inter-rater agreement exists",three-panel composite: raw | expert label | overlay,"cropped to the live ultrasound sector, rows 150-960 cols 530-960 of the 1920x1080 screen capture; removes scanner UI, depth ruler and the burned-in study/date banner",none (native sector resolution 810x430),red = expert bone surface,derived,"yes, with attribution (CC-BY-4.0)","yes, with attribution","Cavalcanti NA et al. A large, paired dataset of robotic and handheld lumbar spine ultrasound with ground-truth CT benchmarking. KU Leuven RDR, doi:10.48804/3XPCAE. Licensed CC-BY-4.0.",quantile,
URS08_H1_f0244::raw,visuals/ultrasound/real_human_lumbar/raw/URS08_H1_f0244.png,A,KU Leuven / Balgrist lumbar spine ultrasound,doi:10.48804/3XPCAE,10.1038/s41597-025-06047-9,KU Leuven (Robot-Assisted Surgery) + Balgrist University Hospital / University of Zurich,CC-BY-4.0,URS08,H1,HUS,handheld,244,US/URS08_H1/HUS/1437.png,US/US_labels/URS08_H1.zip,"binary pixel mask, thin contour (MetaImage .mhd/.raw, zlib)","EXPERT-ANNOTATED VISIBLE BONE SURFACE (label value 2 of {1,2}). NOT a puncture target, entry point, trajectory, interspace choice or safety window.","one physician (publication author N.A.C.), who also acquired the handheld scans","physician; single annotator, so NO inter-rater agreement exists","decoded from MetaImage, flipped vertically (source is bottom-up), cropped","cropped to the live ultrasound sector, rows 150-960 cols 530-960 of the 1920x1080 screen capture; removes scanner UI, depth ruler and the burned-in study/date banner",none (native sector resolution 810x430),none (greyscale),original,"yes, with attribution (CC-BY-4.0)","yes, with attribution","Cavalcanti NA et al. A large, paired dataset of robotic and handheld lumbar spine ultrasound with ground-truth CT benchmarking. KU Leuven RDR, doi:10.48804/3XPCAE. Licensed CC-BY-4.0.",quantile,Real human in-vivo transcutaneous lumbar ultrasound frame.
URS08_H1_f0244::label,visuals/ultrasound/real_human_lumbar/expert_labels/URS08_H1_f0244.png,B,KU Leuven / Balgrist lumbar spine ultrasound,doi:10.48804/3XPCAE,10.1038/s41597-025-06047-9,KU Leuven (Robot-Assisted Surgery) + Balgrist University Hospital / University of Zurich,CC-BY-4.0,URS08,H1,HUS,handheld,244,US/URS08_H1/HUS/1437.png,US/US_labels/URS08_H1.zip,"binary pixel mask, thin contour (MetaImage .mhd/.raw, zlib)","EXPERT-ANNOTATED VISIBLE BONE SURFACE (label value 2 of {1,2}). NOT a puncture target, entry point, trajectory, interspace choice or safety window.","one physician (publication author N.A.C.), who also acquired the handheld scans","physician; single annotator, so NO inter-rater agreement exists",label value 2 rendered white on black; flipped and cropped identically to the frame,"cropped to the live ultrasound sector, rows 150-960 cols 530-960 of the 1920x1080 screen capture; removes scanner UI, depth ruler and the burned-in study/date banner",none (native sector resolution 810x430),white on black,original,"yes, with attribution (CC-BY-4.0)","yes, with attribution","Cavalcanti NA et al. A large, paired dataset of robotic and handheld lumbar spine ultrasound with ground-truth CT benchmarking. KU Leuven RDR, doi:10.48804/3XPCAE. Licensed CC-BY-4.0.",quantile,"The source expert annotation, unmodified in content."
URS08_H1_f0244::overlay,visuals/ultrasound/real_human_lumbar/expert_overlays/URS08_H1_f0244.png,D,KU Leuven / Balgrist lumbar spine ultrasound,doi:10.48804/3XPCAE,10.1038/s41597-025-06047-9,KU Leuven (Robot-Assisted Surgery) + Balgrist University Hospital / University of Zurich,CC-BY-4.0,URS08,H1,HUS,handheld,244,US/URS08_H1/HUS/1437.png,US/US_labels/URS08_H1.zip,"binary pixel mask, thin contour (MetaImage .mhd/.raw, zlib)","EXPERT-ANNOTATED VISIBLE BONE SURFACE (label value 2 of {1,2}). NOT a puncture target, entry point, trajectory, interspace choice or safety window.","one physician (publication author N.A.C.), who also acquired the handheld scans","physician; single annotator, so NO inter-rater agreement exists",expert mask dilated by 1 px for visibility and painted over the frame,"cropped to the live ultrasound sector, rows 150-960 cols 530-960 of the 1920x1080 screen capture; removes scanner UI, depth ruler and the burned-in study/date banner",none (native sector resolution 810x430),red = expert bone surface,derived,"yes, with attribution (CC-BY-4.0)","yes, with attribution","Cavalcanti NA et al. A large, paired dataset of robotic and handheld lumbar spine ultrasound with ground-truth CT benchmarking. KU Leuven RDR, doi:10.48804/3XPCAE. Licensed CC-BY-4.0.",quantile,Dilation is for display only; metrics never use the dilated mask.
URS08_H1_f0244::sidebyside,visuals/ultrasound/real_human_lumbar/side_by_side/URS08_H1_f0244.png,D,KU Leuven / Balgrist lumbar spine ultrasound,doi:10.48804/3XPCAE,10.1038/s41597-025-06047-9,KU Leuven (Robot-Assisted Surgery) + Balgrist University Hospital / University of Zurich,CC-BY-4.0,URS08,H1,HUS,handheld,244,US/URS08_H1/HUS/1437.png,US/US_labels/URS08_H1.zip,"binary pixel mask, thin contour (MetaImage .mhd/.raw, zlib)","EXPERT-ANNOTATED VISIBLE BONE SURFACE (label value 2 of {1,2}). NOT a puncture target, entry point, trajectory, interspace choice or safety window.","one physician (publication author N.A.C.), who also acquired the handheld scans","physician; single annotator, so NO inter-rater agreement exists",three-panel composite: raw | expert label | overlay,"cropped to the live ultrasound sector, rows 150-960 cols 530-960 of the 1920x1080 screen capture; removes scanner UI, depth ruler and the burned-in study/date banner",none (native sector resolution 810x430),red = expert bone surface,derived,"yes, with attribution (CC-BY-4.0)","yes, with attribution","Cavalcanti NA et al. A large, paired dataset of robotic and handheld lumbar spine ultrasound with ground-truth CT benchmarking. KU Leuven RDR, doi:10.48804/3XPCAE. Licensed CC-BY-4.0.",quantile,
URS08_H1_f0275::raw,visuals/ultrasound/real_human_lumbar/raw/URS08_H1_f0275.png,A,KU Leuven / Balgrist lumbar spine ultrasound,doi:10.48804/3XPCAE,10.1038/s41597-025-06047-9,KU Leuven (Robot-Assisted Surgery) + Balgrist University Hospital / University of Zurich,CC-BY-4.0,URS08,H1,HUS,handheld,275,US/URS08_H1/HUS/1467.png,US/US_labels/URS08_H1.zip,"binary pixel mask, thin contour (MetaImage .mhd/.raw, zlib)","EXPERT-ANNOTATED VISIBLE BONE SURFACE (label value 2 of {1,2}). NOT a puncture target, entry point, trajectory, interspace choice or safety window.","one physician (publication author N.A.C.), who also acquired the handheld scans","physician; single annotator, so NO inter-rater agreement exists","decoded from MetaImage, flipped vertically (source is bottom-up), cropped","cropped to the live ultrasound sector, rows 150-960 cols 530-960 of the 1920x1080 screen capture; removes scanner UI, depth ruler and the burned-in study/date banner",none (native sector resolution 810x430),none (greyscale),original,"yes, with attribution (CC-BY-4.0)","yes, with attribution","Cavalcanti NA et al. A large, paired dataset of robotic and handheld lumbar spine ultrasound with ground-truth CT benchmarking. KU Leuven RDR, doi:10.48804/3XPCAE. Licensed CC-BY-4.0.",quantile,Real human in-vivo transcutaneous lumbar ultrasound frame.
URS08_H1_f0275::label,visuals/ultrasound/real_human_lumbar/expert_labels/URS08_H1_f0275.png,B,KU Leuven / Balgrist lumbar spine ultrasound,doi:10.48804/3XPCAE,10.1038/s41597-025-06047-9,KU Leuven (Robot-Assisted Surgery) + Balgrist University Hospital / University of Zurich,CC-BY-4.0,URS08,H1,HUS,handheld,275,US/URS08_H1/HUS/1467.png,US/US_labels/URS08_H1.zip,"binary pixel mask, thin contour (MetaImage .mhd/.raw, zlib)","EXPERT-ANNOTATED VISIBLE BONE SURFACE (label value 2 of {1,2}). NOT a puncture target, entry point, trajectory, interspace choice or safety window.","one physician (publication author N.A.C.), who also acquired the handheld scans","physician; single annotator, so NO inter-rater agreement exists",label value 2 rendered white on black; flipped and cropped identically to the frame,"cropped to the live ultrasound sector, rows 150-960 cols 530-960 of the 1920x1080 screen capture; removes scanner UI, depth ruler and the burned-in study/date banner",none (native sector resolution 810x430),white on black,original,"yes, with attribution (CC-BY-4.0)","yes, with attribution","Cavalcanti NA et al. A large, paired dataset of robotic and handheld lumbar spine ultrasound with ground-truth CT benchmarking. KU Leuven RDR, doi:10.48804/3XPCAE. Licensed CC-BY-4.0.",quantile,"The source expert annotation, unmodified in content."
URS08_H1_f0275::overlay,visuals/ultrasound/real_human_lumbar/expert_overlays/URS08_H1_f0275.png,D,KU Leuven / Balgrist lumbar spine ultrasound,doi:10.48804/3XPCAE,10.1038/s41597-025-06047-9,KU Leuven (Robot-Assisted Surgery) + Balgrist University Hospital / University of Zurich,CC-BY-4.0,URS08,H1,HUS,handheld,275,US/URS08_H1/HUS/1467.png,US/US_labels/URS08_H1.zip,"binary pixel mask, thin contour (MetaImage .mhd/.raw, zlib)","EXPERT-ANNOTATED VISIBLE BONE SURFACE (label value 2 of {1,2}). NOT a puncture target, entry point, trajectory, interspace choice or safety window.","one physician (publication author N.A.C.), who also acquired the handheld scans","physician; single annotator, so NO inter-rater agreement exists",expert mask dilated by 1 px for visibility and painted over the frame,"cropped to the live ultrasound sector, rows 150-960 cols 530-960 of the 1920x1080 screen capture; removes scanner UI, depth ruler and the burned-in study/date banner",none (native sector resolution 810x430),red = expert bone surface,derived,"yes, with attribution (CC-BY-4.0)","yes, with attribution","Cavalcanti NA et al. A large, paired dataset of robotic and handheld lumbar spine ultrasound with ground-truth CT benchmarking. KU Leuven RDR, doi:10.48804/3XPCAE. Licensed CC-BY-4.0.",quantile,Dilation is for display only; metrics never use the dilated mask.
URS08_H1_f0275::sidebyside,visuals/ultrasound/real_human_lumbar/side_by_side/URS08_H1_f0275.png,D,KU Leuven / Balgrist lumbar spine ultrasound,doi:10.48804/3XPCAE,10.1038/s41597-025-06047-9,KU Leuven (Robot-Assisted Surgery) + Balgrist University Hospital / University of Zurich,CC-BY-4.0,URS08,H1,HUS,handheld,275,US/URS08_H1/HUS/1467.png,US/US_labels/URS08_H1.zip,"binary pixel mask, thin contour (MetaImage .mhd/.raw, zlib)","EXPERT-ANNOTATED VISIBLE BONE SURFACE (label value 2 of {1,2}). NOT a puncture target, entry point, trajectory, interspace choice or safety window.","one physician (publication author N.A.C.), who also acquired the handheld scans","physician; single annotator, so NO inter-rater agreement exists",three-panel composite: raw | expert label | overlay,"cropped to the live ultrasound sector, rows 150-960 cols 530-960 of the 1920x1080 screen capture; removes scanner UI, depth ruler and the burned-in study/date banner",none (native sector resolution 810x430),red = expert bone surface,derived,"yes, with attribution (CC-BY-4.0)","yes, with attribution","Cavalcanti NA et al. A large, paired dataset of robotic and handheld lumbar spine ultrasound with ground-truth CT benchmarking. KU Leuven RDR, doi:10.48804/3XPCAE. Licensed CC-BY-4.0.",quantile,
URS08_H1_f0288::raw,visuals/ultrasound/real_human_lumbar/raw/URS08_H1_f0288.png,A,KU Leuven / Balgrist lumbar spine ultrasound,doi:10.48804/3XPCAE,10.1038/s41597-025-06047-9,KU Leuven (Robot-Assisted Surgery) + Balgrist University Hospital / University of Zurich,CC-BY-4.0,URS08,H1,HUS,handheld,288,US/URS08_H1/HUS/1858.png,US/US_labels/URS08_H1.zip,"binary pixel mask, thin contour (MetaImage .mhd/.raw, zlib)","EXPERT-ANNOTATED VISIBLE BONE SURFACE (label value 2 of {1,2}). NOT a puncture target, entry point, trajectory, interspace choice or safety window.","one physician (publication author N.A.C.), who also acquired the handheld scans","physician; single annotator, so NO inter-rater agreement exists","decoded from MetaImage, flipped vertically (source is bottom-up), cropped","cropped to the live ultrasound sector, rows 150-960 cols 530-960 of the 1920x1080 screen capture; removes scanner UI, depth ruler and the burned-in study/date banner",none (native sector resolution 810x430),none (greyscale),original,"yes, with attribution (CC-BY-4.0)","yes, with attribution","Cavalcanti NA et al. A large, paired dataset of robotic and handheld lumbar spine ultrasound with ground-truth CT benchmarking. KU Leuven RDR, doi:10.48804/3XPCAE. Licensed CC-BY-4.0.",quantile,Real human in-vivo transcutaneous lumbar ultrasound frame.
URS08_H1_f0288::label,visuals/ultrasound/real_human_lumbar/expert_labels/URS08_H1_f0288.png,B,KU Leuven / Balgrist lumbar spine ultrasound,doi:10.48804/3XPCAE,10.1038/s41597-025-06047-9,KU Leuven (Robot-Assisted Surgery) + Balgrist University Hospital / University of Zurich,CC-BY-4.0,URS08,H1,HUS,handheld,288,US/URS08_H1/HUS/1858.png,US/US_labels/URS08_H1.zip,"binary pixel mask, thin contour (MetaImage .mhd/.raw, zlib)","EXPERT-ANNOTATED VISIBLE BONE SURFACE (label value 2 of {1,2}). NOT a puncture target, entry point, trajectory, interspace choice or safety window.","one physician (publication author N.A.C.), who also acquired the handheld scans","physician; single annotator, so NO inter-rater agreement exists",label value 2 rendered white on black; flipped and cropped identically to the frame,"cropped to the live ultrasound sector, rows 150-960 cols 530-960 of the 1920x1080 screen capture; removes scanner UI, depth ruler and the burned-in study/date banner",none (native sector resolution 810x430),white on black,original,"yes, with attribution (CC-BY-4.0)","yes, with attribution","Cavalcanti NA et al. A large, paired dataset of robotic and handheld lumbar spine ultrasound with ground-truth CT benchmarking. KU Leuven RDR, doi:10.48804/3XPCAE. Licensed CC-BY-4.0.",quantile,"The source expert annotation, unmodified in content."
URS08_H1_f0288::overlay,visuals/ultrasound/real_human_lumbar/expert_overlays/URS08_H1_f0288.png,D,KU Leuven / Balgrist lumbar spine ultrasound,doi:10.48804/3XPCAE,10.1038/s41597-025-06047-9,KU Leuven (Robot-Assisted Surgery) + Balgrist University Hospital / University of Zurich,CC-BY-4.0,URS08,H1,HUS,handheld,288,US/URS08_H1/HUS/1858.png,US/US_labels/URS08_H1.zip,"binary pixel mask, thin contour (MetaImage .mhd/.raw, zlib)","EXPERT-ANNOTATED VISIBLE BONE SURFACE (label value 2 of {1,2}). NOT a puncture target, entry point, trajectory, interspace choice or safety window.","one physician (publication author N.A.C.), who also acquired the handheld scans","physician; single annotator, so NO inter-rater agreement exists",expert mask dilated by 1 px for visibility and painted over the frame,"cropped to the live ultrasound sector, rows 150-960 cols 530-960 of the 1920x1080 screen capture; removes scanner UI, depth ruler and the burned-in study/date banner",none (native sector resolution 810x430),red = expert bone surface,derived,"yes, with attribution (CC-BY-4.0)","yes, with attribution","Cavalcanti NA et al. A large, paired dataset of robotic and handheld lumbar spine ultrasound with ground-truth CT benchmarking. KU Leuven RDR, doi:10.48804/3XPCAE. Licensed CC-BY-4.0.",quantile,Dilation is for display only; metrics never use the dilated mask.
URS08_H1_f0288::sidebyside,visuals/ultrasound/real_human_lumbar/side_by_side/URS08_H1_f0288.png,D,KU Leuven / Balgrist lumbar spine ultrasound,doi:10.48804/3XPCAE,10.1038/s41597-025-06047-9,KU Leuven (Robot-Assisted Surgery) + Balgrist University Hospital / University of Zurich,CC-BY-4.0,URS08,H1,HUS,handheld,288,US/URS08_H1/HUS/1858.png,US/US_labels/URS08_H1.zip,"binary pixel mask, thin contour (MetaImage .mhd/.raw, zlib)","EXPERT-ANNOTATED VISIBLE BONE SURFACE (label value 2 of {1,2}). NOT a puncture target, entry point, trajectory, interspace choice or safety window.","one physician (publication author N.A.C.), who also acquired the handheld scans","physician; single annotator, so NO inter-rater agreement exists",three-panel composite: raw | expert label | overlay,"cropped to the live ultrasound sector, rows 150-960 cols 530-960 of the 1920x1080 screen capture; removes scanner UI, depth ruler and the burned-in study/date banner",none (native sector resolution 810x430),red = expert bone surface,derived,"yes, with attribution (CC-BY-4.0)","yes, with attribution","Cavalcanti NA et al. A large, paired dataset of robotic and handheld lumbar spine ultrasound with ground-truth CT benchmarking. KU Leuven RDR, doi:10.48804/3XPCAE. Licensed CC-BY-4.0.",quantile,
URS08_H1_f0292::raw,visuals/ultrasound/real_human_lumbar/raw/URS08_H1_f0292.png,A,KU Leuven / Balgrist lumbar spine ultrasound,doi:10.48804/3XPCAE,10.1038/s41597-025-06047-9,KU Leuven (Robot-Assisted Surgery) + Balgrist University Hospital / University of Zurich,CC-BY-4.0,URS08,H1,HUS,handheld,292,US/URS08_H1/HUS/201.png,US/US_labels/URS08_H1.zip,"binary pixel mask, thin contour (MetaImage .mhd/.raw, zlib)","EXPERT-ANNOTATED VISIBLE BONE SURFACE (label value 2 of {1,2}). NOT a puncture target, entry point, trajectory, interspace choice or safety window.","one physician (publication author N.A.C.), who also acquired the handheld scans","physician; single annotator, so NO inter-rater agreement exists","decoded from MetaImage, flipped vertically (source is bottom-up), cropped","cropped to the live ultrasound sector, rows 150-960 cols 530-960 of the 1920x1080 screen capture; removes scanner UI, depth ruler and the burned-in study/date banner",none (native sector resolution 810x430),none (greyscale),original,"yes, with attribution (CC-BY-4.0)","yes, with attribution","Cavalcanti NA et al. A large, paired dataset of robotic and handheld lumbar spine ultrasound with ground-truth CT benchmarking. KU Leuven RDR, doi:10.48804/3XPCAE. Licensed CC-BY-4.0.",expert_left_empty,Real human in-vivo transcutaneous lumbar ultrasound frame.
URS08_H1_f0292::label,visuals/ultrasound/real_human_lumbar/expert_labels/URS08_H1_f0292.png,B,KU Leuven / Balgrist lumbar spine ultrasound,doi:10.48804/3XPCAE,10.1038/s41597-025-06047-9,KU Leuven (Robot-Assisted Surgery) + Balgrist University Hospital / University of Zurich,CC-BY-4.0,URS08,H1,HUS,handheld,292,US/URS08_H1/HUS/201.png,US/US_labels/URS08_H1.zip,"binary pixel mask, thin contour (MetaImage .mhd/.raw, zlib)","EXPERT-ANNOTATED VISIBLE BONE SURFACE (label value 2 of {1,2}). NOT a puncture target, entry point, trajectory, interspace choice or safety window.","one physician (publication author N.A.C.), who also acquired the handheld scans","physician; single annotator, so NO inter-rater agreement exists",label value 2 rendered white on black; flipped and cropped identically to the frame,"cropped to the live ultrasound sector, rows 150-960 cols 530-960 of the 1920x1080 screen capture; removes scanner UI, depth ruler and the burned-in study/date banner",none (native sector resolution 810x430),white on black,original,"yes, with attribution (CC-BY-4.0)","yes, with attribution","Cavalcanti NA et al. A large, paired dataset of robotic and handheld lumbar spine ultrasound with ground-truth CT benchmarking. KU Leuven RDR, doi:10.48804/3XPCAE. Licensed CC-BY-4.0.",expert_left_empty,"The source expert annotation, unmodified in content."
URS08_H1_f0292::overlay,visuals/ultrasound/real_human_lumbar/expert_overlays/URS08_H1_f0292.png,D,KU Leuven / Balgrist lumbar spine ultrasound,doi:10.48804/3XPCAE,10.1038/s41597-025-06047-9,KU Leuven (Robot-Assisted Surgery) + Balgrist University Hospital / University of Zurich,CC-BY-4.0,URS08,H1,HUS,handheld,292,US/URS08_H1/HUS/201.png,US/US_labels/URS08_H1.zip,"binary pixel mask, thin contour (MetaImage .mhd/.raw, zlib)","EXPERT-ANNOTATED VISIBLE BONE SURFACE (label value 2 of {1,2}). NOT a puncture target, entry point, trajectory, interspace choice or safety window.","one physician (publication author N.A.C.), who also acquired the handheld scans","physician; single annotator, so NO inter-rater agreement exists",expert mask dilated by 1 px for visibility and painted over the frame,"cropped to the live ultrasound sector, rows 150-960 cols 530-960 of the 1920x1080 screen capture; removes scanner UI, depth ruler and the burned-in study/date banner",none (native sector resolution 810x430),red = expert bone surface,derived,"yes, with attribution (CC-BY-4.0)","yes, with attribution","Cavalcanti NA et al. A large, paired dataset of robotic and handheld lumbar spine ultrasound with ground-truth CT benchmarking. KU Leuven RDR, doi:10.48804/3XPCAE. Licensed CC-BY-4.0.",expert_left_empty,Dilation is for display only; metrics never use the dilated mask.
URS08_H1_f0292::sidebyside,visuals/ultrasound/real_human_lumbar/side_by_side/URS08_H1_f0292.png,D,KU Leuven / Balgrist lumbar spine ultrasound,doi:10.48804/3XPCAE,10.1038/s41597-025-06047-9,KU Leuven (Robot-Assisted Surgery) + Balgrist University Hospital / University of Zurich,CC-BY-4.0,URS08,H1,HUS,handheld,292,US/URS08_H1/HUS/201.png,US/US_labels/URS08_H1.zip,"binary pixel mask, thin contour (MetaImage .mhd/.raw, zlib)","EXPERT-ANNOTATED VISIBLE BONE SURFACE (label value 2 of {1,2}). NOT a puncture target, entry point, trajectory, interspace choice or safety window.","one physician (publication author N.A.C.), who also acquired the handheld scans","physician; single annotator, so NO inter-rater agreement exists",three-panel composite: raw | expert label | overlay,"cropped to the live ultrasound sector, rows 150-960 cols 530-960 of the 1920x1080 screen capture; removes scanner UI, depth ruler and the burned-in study/date banner",none (native sector resolution 810x430),red = expert bone surface,derived,"yes, with attribution (CC-BY-4.0)","yes, with attribution","Cavalcanti NA et al. A large, paired dataset of robotic and handheld lumbar spine ultrasound with ground-truth CT benchmarking. KU Leuven RDR, doi:10.48804/3XPCAE. Licensed CC-BY-4.0.",expert_left_empty,
URS08_R2_f0279::raw,visuals/ultrasound/real_human_lumbar/raw/URS08_R2_f0279.png,A,KU Leuven / Balgrist lumbar spine ultrasound,doi:10.48804/3XPCAE,10.1038/s41597-025-06047-9,KU Leuven (Robot-Assisted Surgery) + Balgrist University Hospital / University of Zurich,CC-BY-4.0,URS08,R2,RUS,robotic_perpendicular,279,URS08_R2/RUS/2264.png,US/US_labels/URS08_R2.zip,"binary pixel mask, thin contour (MetaImage .mhd/.raw, zlib)","EXPERT-ANNOTATED VISIBLE BONE SURFACE (label value 2 of {1,2}). NOT a puncture target, entry point, trajectory, interspace choice or safety window.","one physician (publication author N.A.C.), who also acquired the handheld scans","physician; single annotator, so NO inter-rater agreement exists","decoded from MetaImage, flipped vertically (source is bottom-up), cropped","cropped to the live ultrasound sector, rows 150-960 cols 530-960 of the 1920x1080 screen capture; removes scanner UI, depth ruler and the burned-in study/date banner",none (native sector resolution 810x430),none (greyscale),original,"yes, with attribution (CC-BY-4.0)","yes, with attribution","Cavalcanti NA et al. A large, paired dataset of robotic and handheld lumbar spine ultrasound with ground-truth CT benchmarking. KU Leuven RDR, doi:10.48804/3XPCAE. Licensed CC-BY-4.0.",quantile,Real human in-vivo transcutaneous lumbar ultrasound frame.
URS08_R2_f0279::label,visuals/ultrasound/real_human_lumbar/expert_labels/URS08_R2_f0279.png,B,KU Leuven / Balgrist lumbar spine ultrasound,doi:10.48804/3XPCAE,10.1038/s41597-025-06047-9,KU Leuven (Robot-Assisted Surgery) + Balgrist University Hospital / University of Zurich,CC-BY-4.0,URS08,R2,RUS,robotic_perpendicular,279,URS08_R2/RUS/2264.png,US/US_labels/URS08_R2.zip,"binary pixel mask, thin contour (MetaImage .mhd/.raw, zlib)","EXPERT-ANNOTATED VISIBLE BONE SURFACE (label value 2 of {1,2}). NOT a puncture target, entry point, trajectory, interspace choice or safety window.","one physician (publication author N.A.C.), who also acquired the handheld scans","physician; single annotator, so NO inter-rater agreement exists",label value 2 rendered white on black; flipped and cropped identically to the frame,"cropped to the live ultrasound sector, rows 150-960 cols 530-960 of the 1920x1080 screen capture; removes scanner UI, depth ruler and the burned-in study/date banner",none (native sector resolution 810x430),white on black,original,"yes, with attribution (CC-BY-4.0)","yes, with attribution","Cavalcanti NA et al. A large, paired dataset of robotic and handheld lumbar spine ultrasound with ground-truth CT benchmarking. KU Leuven RDR, doi:10.48804/3XPCAE. Licensed CC-BY-4.0.",quantile,"The source expert annotation, unmodified in content."
URS08_R2_f0279::overlay,visuals/ultrasound/real_human_lumbar/expert_overlays/URS08_R2_f0279.png,D,KU Leuven / Balgrist lumbar spine ultrasound,doi:10.48804/3XPCAE,10.1038/s41597-025-06047-9,KU Leuven (Robot-Assisted Surgery) + Balgrist University Hospital / University of Zurich,CC-BY-4.0,URS08,R2,RUS,robotic_perpendicular,279,URS08_R2/RUS/2264.png,US/US_labels/URS08_R2.zip,"binary pixel mask, thin contour (MetaImage .mhd/.raw, zlib)","EXPERT-ANNOTATED VISIBLE BONE SURFACE (label value 2 of {1,2}). NOT a puncture target, entry point, trajectory, interspace choice or safety window.","one physician (publication author N.A.C.), who also acquired the handheld scans","physician; single annotator, so NO inter-rater agreement exists",expert mask dilated by 1 px for visibility and painted over the frame,"cropped to the live ultrasound sector, rows 150-960 cols 530-960 of the 1920x1080 screen capture; removes scanner UI, depth ruler and the burned-in study/date banner",none (native sector resolution 810x430),red = expert bone surface,derived,"yes, with attribution (CC-BY-4.0)","yes, with attribution","Cavalcanti NA et al. A large, paired dataset of robotic and handheld lumbar spine ultrasound with ground-truth CT benchmarking. KU Leuven RDR, doi:10.48804/3XPCAE. Licensed CC-BY-4.0.",quantile,Dilation is for display only; metrics never use the dilated mask.
URS08_R2_f0279::sidebyside,visuals/ultrasound/real_human_lumbar/side_by_side/URS08_R2_f0279.png,D,KU Leuven / Balgrist lumbar spine ultrasound,doi:10.48804/3XPCAE,10.1038/s41597-025-06047-9,KU Leuven (Robot-Assisted Surgery) + Balgrist University Hospital / University of Zurich,CC-BY-4.0,URS08,R2,RUS,robotic_perpendicular,279,URS08_R2/RUS/2264.png,US/US_labels/URS08_R2.zip,"binary pixel mask, thin contour (MetaImage .mhd/.raw, zlib)","EXPERT-ANNOTATED VISIBLE BONE SURFACE (label value 2 of {1,2}). NOT a puncture target, entry point, trajectory, interspace choice or safety window.","one physician (publication author N.A.C.), who also acquired the handheld scans","physician; single annotator, so NO inter-rater agreement exists",three-panel composite: raw | expert label | overlay,"cropped to the live ultrasound sector, rows 150-960 cols 530-960 of the 1920x1080 screen capture; removes scanner UI, depth ruler and the burned-in study/date banner",none (native sector resolution 810x430),red = expert bone surface,derived,"yes, with attribution (CC-BY-4.0)","yes, with attribution","Cavalcanti NA et al. A large, paired dataset of robotic and handheld lumbar spine ultrasound with ground-truth CT benchmarking. KU Leuven RDR, doi:10.48804/3XPCAE. Licensed CC-BY-4.0.",quantile,
URS08_R2_f0205::raw,visuals/ultrasound/real_human_lumbar/raw/URS08_R2_f0205.png,A,KU Leuven / Balgrist lumbar spine ultrasound,doi:10.48804/3XPCAE,10.1038/s41597-025-06047-9,KU Leuven (Robot-Assisted Surgery) + Balgrist University Hospital / University of Zurich,CC-BY-4.0,URS08,R2,RUS,robotic_perpendicular,205,URS08_R2/RUS/2186.png,US/US_labels/URS08_R2.zip,"binary pixel mask, thin contour (MetaImage .mhd/.raw, zlib)","EXPERT-ANNOTATED VISIBLE BONE SURFACE (label value 2 of {1,2}). NOT a puncture target, entry point, trajectory, interspace choice or safety window.","one physician (publication author N.A.C.), who also acquired the handheld scans","physician; single annotator, so NO inter-rater agreement exists","decoded from MetaImage, flipped vertically (source is bottom-up), cropped","cropped to the live ultrasound sector, rows 150-960 cols 530-960 of the 1920x1080 screen capture; removes scanner UI, depth ruler and the burned-in study/date banner",none (native sector resolution 810x430),none (greyscale),original,"yes, with attribution (CC-BY-4.0)","yes, with attribution","Cavalcanti NA et al. A large, paired dataset of robotic and handheld lumbar spine ultrasound with ground-truth CT benchmarking. KU Leuven RDR, doi:10.48804/3XPCAE. Licensed CC-BY-4.0.",quantile,Real human in-vivo transcutaneous lumbar ultrasound frame.
URS08_R2_f0205::label,visuals/ultrasound/real_human_lumbar/expert_labels/URS08_R2_f0205.png,B,KU Leuven / Balgrist lumbar spine ultrasound,doi:10.48804/3XPCAE,10.1038/s41597-025-06047-9,KU Leuven (Robot-Assisted Surgery) + Balgrist University Hospital / University of Zurich,CC-BY-4.0,URS08,R2,RUS,robotic_perpendicular,205,URS08_R2/RUS/2186.png,US/US_labels/URS08_R2.zip,"binary pixel mask, thin contour (MetaImage .mhd/.raw, zlib)","EXPERT-ANNOTATED VISIBLE BONE SURFACE (label value 2 of {1,2}). NOT a puncture target, entry point, trajectory, interspace choice or safety window.","one physician (publication author N.A.C.), who also acquired the handheld scans","physician; single annotator, so NO inter-rater agreement exists",label value 2 rendered white on black; flipped and cropped identically to the frame,"cropped to the live ultrasound sector, rows 150-960 cols 530-960 of the 1920x1080 screen capture; removes scanner UI, depth ruler and the burned-in study/date banner",none (native sector resolution 810x430),white on black,original,"yes, with attribution (CC-BY-4.0)","yes, with attribution","Cavalcanti NA et al. A large, paired dataset of robotic and handheld lumbar spine ultrasound with ground-truth CT benchmarking. KU Leuven RDR, doi:10.48804/3XPCAE. Licensed CC-BY-4.0.",quantile,"The source expert annotation, unmodified in content."
URS08_R2_f0205::overlay,visuals/ultrasound/real_human_lumbar/expert_overlays/URS08_R2_f0205.png,D,KU Leuven / Balgrist lumbar spine ultrasound,doi:10.48804/3XPCAE,10.1038/s41597-025-06047-9,KU Leuven (Robot-Assisted Surgery) + Balgrist University Hospital / University of Zurich,CC-BY-4.0,URS08,R2,RUS,robotic_perpendicular,205,URS08_R2/RUS/2186.png,US/US_labels/URS08_R2.zip,"binary pixel mask, thin contour (MetaImage .mhd/.raw, zlib)","EXPERT-ANNOTATED VISIBLE BONE SURFACE (label value 2 of {1,2}). NOT a puncture target, entry point, trajectory, interspace choice or safety window.","one physician (publication author N.A.C.), who also acquired the handheld scans","physician; single annotator, so NO inter-rater agreement exists",expert mask dilated by 1 px for visibility and painted over the frame,"cropped to the live ultrasound sector, rows 150-960 cols 530-960 of the 1920x1080 screen capture; removes scanner UI, depth ruler and the burned-in study/date banner",none (native sector resolution 810x430),red = expert bone surface,derived,"yes, with attribution (CC-BY-4.0)","yes, with attribution","Cavalcanti NA et al. A large, paired dataset of robotic and handheld lumbar spine ultrasound with ground-truth CT benchmarking. KU Leuven RDR, doi:10.48804/3XPCAE. Licensed CC-BY-4.0.",quantile,Dilation is for display only; metrics never use the dilated mask.
URS08_R2_f0205::sidebyside,visuals/ultrasound/real_human_lumbar/side_by_side/URS08_R2_f0205.png,D,KU Leuven / Balgrist lumbar spine ultrasound,doi:10.48804/3XPCAE,10.1038/s41597-025-06047-9,KU Leuven (Robot-Assisted Surgery) + Balgrist University Hospital / University of Zurich,CC-BY-4.0,URS08,R2,RUS,robotic_perpendicular,205,URS08_R2/RUS/2186.png,US/US_labels/URS08_R2.zip,"binary pixel mask, thin contour (MetaImage .mhd/.raw, zlib)","EXPERT-ANNOTATED VISIBLE BONE SURFACE (label value 2 of {1,2}). NOT a puncture target, entry point, trajectory, interspace choice or safety window.","one physician (publication author N.A.C.), who also acquired the handheld scans","physician; single annotator, so NO inter-rater agreement exists",three-panel composite: raw | expert label | overlay,"cropped to the live ultrasound sector, rows 150-960 cols 530-960 of the 1920x1080 screen capture; removes scanner UI, depth ruler and the burned-in study/date banner",none (native sector resolution 810x430),red = expert bone surface,derived,"yes, with attribution (CC-BY-4.0)","yes, with attribution","Cavalcanti NA et al. A large, paired dataset of robotic and handheld lumbar spine ultrasound with ground-truth CT benchmarking. KU Leuven RDR, doi:10.48804/3XPCAE. Licensed CC-BY-4.0.",quantile,
URS08_R2_f0050::raw,visuals/ultrasound/real_human_lumbar/raw/URS08_R2_f0050.png,A,KU Leuven / Balgrist lumbar spine ultrasound,doi:10.48804/3XPCAE,10.1038/s41597-025-06047-9,KU Leuven (Robot-Assisted Surgery) + Balgrist University Hospital / University of Zurich,CC-BY-4.0,URS08,R2,RUS,robotic_perpendicular,50,URS08_R2/RUS/1986.png,US/US_labels/URS08_R2.zip,"binary pixel mask, thin contour (MetaImage .mhd/.raw, zlib)","EXPERT-ANNOTATED VISIBLE BONE SURFACE (label value 2 of {1,2}). NOT a puncture target, entry point, trajectory, interspace choice or safety window.","one physician (publication author N.A.C.), who also acquired the handheld scans","physician; single annotator, so NO inter-rater agreement exists","decoded from MetaImage, flipped vertically (source is bottom-up), cropped","cropped to the live ultrasound sector, rows 150-960 cols 530-960 of the 1920x1080 screen capture; removes scanner UI, depth ruler and the burned-in study/date banner",none (native sector resolution 810x430),none (greyscale),original,"yes, with attribution (CC-BY-4.0)","yes, with attribution","Cavalcanti NA et al. A large, paired dataset of robotic and handheld lumbar spine ultrasound with ground-truth CT benchmarking. KU Leuven RDR, doi:10.48804/3XPCAE. Licensed CC-BY-4.0.",quantile,Real human in-vivo transcutaneous lumbar ultrasound frame.
URS08_R2_f0050::label,visuals/ultrasound/real_human_lumbar/expert_labels/URS08_R2_f0050.png,B,KU Leuven / Balgrist lumbar spine ultrasound,doi:10.48804/3XPCAE,10.1038/s41597-025-06047-9,KU Leuven (Robot-Assisted Surgery) + Balgrist University Hospital / University of Zurich,CC-BY-4.0,URS08,R2,RUS,robotic_perpendicular,50,URS08_R2/RUS/1986.png,US/US_labels/URS08_R2.zip,"binary pixel mask, thin contour (MetaImage .mhd/.raw, zlib)","EXPERT-ANNOTATED VISIBLE BONE SURFACE (label value 2 of {1,2}). NOT a puncture target, entry point, trajectory, interspace choice or safety window.","one physician (publication author N.A.C.), who also acquired the handheld scans","physician; single annotator, so NO inter-rater agreement exists",label value 2 rendered white on black; flipped and cropped identically to the frame,"cropped to the live ultrasound sector, rows 150-960 cols 530-960 of the 1920x1080 screen capture; removes scanner UI, depth ruler and the burned-in study/date banner",none (native sector resolution 810x430),white on black,original,"yes, with attribution (CC-BY-4.0)","yes, with attribution","Cavalcanti NA et al. A large, paired dataset of robotic and handheld lumbar spine ultrasound with ground-truth CT benchmarking. KU Leuven RDR, doi:10.48804/3XPCAE. Licensed CC-BY-4.0.",quantile,"The source expert annotation, unmodified in content."
URS08_R2_f0050::overlay,visuals/ultrasound/real_human_lumbar/expert_overlays/URS08_R2_f0050.png,D,KU Leuven / Balgrist lumbar spine ultrasound,doi:10.48804/3XPCAE,10.1038/s41597-025-06047-9,KU Leuven (Robot-Assisted Surgery) + Balgrist University Hospital / University of Zurich,CC-BY-4.0,URS08,R2,RUS,robotic_perpendicular,50,URS08_R2/RUS/1986.png,US/US_labels/URS08_R2.zip,"binary pixel mask, thin contour (MetaImage .mhd/.raw, zlib)","EXPERT-ANNOTATED VISIBLE BONE SURFACE (label value 2 of {1,2}). NOT a puncture target, entry point, trajectory, interspace choice or safety window.","one physician (publication author N.A.C.), who also acquired the handheld scans","physician; single annotator, so NO inter-rater agreement exists",expert mask dilated by 1 px for visibility and painted over the frame,"cropped to the live ultrasound sector, rows 150-960 cols 530-960 of the 1920x1080 screen capture; removes scanner UI, depth ruler and the burned-in study/date banner",none (native sector resolution 810x430),red = expert bone surface,derived,"yes, with attribution (CC-BY-4.0)","yes, with attribution","Cavalcanti NA et al. A large, paired dataset of robotic and handheld lumbar spine ultrasound with ground-truth CT benchmarking. KU Leuven RDR, doi:10.48804/3XPCAE. Licensed CC-BY-4.0.",quantile,Dilation is for display only; metrics never use the dilated mask.
URS08_R2_f0050::sidebyside,visuals/ultrasound/real_human_lumbar/side_by_side/URS08_R2_f0050.png,D,KU Leuven / Balgrist lumbar spine ultrasound,doi:10.48804/3XPCAE,10.1038/s41597-025-06047-9,KU Leuven (Robot-Assisted Surgery) + Balgrist University Hospital / University of Zurich,CC-BY-4.0,URS08,R2,RUS,robotic_perpendicular,50,URS08_R2/RUS/1986.png,US/US_labels/URS08_R2.zip,"binary pixel mask, thin contour (MetaImage .mhd/.raw, zlib)","EXPERT-ANNOTATED VISIBLE BONE SURFACE (label value 2 of {1,2}). NOT a puncture target, entry point, trajectory, interspace choice or safety window.","one physician (publication author N.A.C.), who also acquired the handheld scans","physician; single annotator, so NO inter-rater agreement exists",three-panel composite: raw | expert label | overlay,"cropped to the live ultrasound sector, rows 150-960 cols 530-960 of the 1920x1080 screen capture; removes scanner UI, depth ruler and the burned-in study/date banner",none (native sector resolution 810x430),red = expert bone surface,derived,"yes, with attribution (CC-BY-4.0)","yes, with attribution","Cavalcanti NA et al. A large, paired dataset of robotic and handheld lumbar spine ultrasound with ground-truth CT benchmarking. KU Leuven RDR, doi:10.48804/3XPCAE. Licensed CC-BY-4.0.",quantile,
URS08_R2_f0137::raw,visuals/ultrasound/real_human_lumbar/raw/URS08_R2_f0137.png,A,KU Leuven / Balgrist lumbar spine ultrasound,doi:10.48804/3XPCAE,10.1038/s41597-025-06047-9,KU Leuven (Robot-Assisted Surgery) + Balgrist University Hospital / University of Zurich,CC-BY-4.0,URS08,R2,RUS,robotic_perpendicular,137,URS08_R2/RUS/2118.png,US/US_labels/URS08_R2.zip,"binary pixel mask, thin contour (MetaImage .mhd/.raw, zlib)","EXPERT-ANNOTATED VISIBLE BONE SURFACE (label value 2 of {1,2}). NOT a puncture target, entry point, trajectory, interspace choice or safety window.","one physician (publication author N.A.C.), who also acquired the handheld scans","physician; single annotator, so NO inter-rater agreement exists","decoded from MetaImage, flipped vertically (source is bottom-up), cropped","cropped to the live ultrasound sector, rows 150-960 cols 530-960 of the 1920x1080 screen capture; removes scanner UI, depth ruler and the burned-in study/date banner",none (native sector resolution 810x430),none (greyscale),original,"yes, with attribution (CC-BY-4.0)","yes, with attribution","Cavalcanti NA et al. A large, paired dataset of robotic and handheld lumbar spine ultrasound with ground-truth CT benchmarking. KU Leuven RDR, doi:10.48804/3XPCAE. Licensed CC-BY-4.0.",quantile,Real human in-vivo transcutaneous lumbar ultrasound frame.
URS08_R2_f0137::label,visuals/ultrasound/real_human_lumbar/expert_labels/URS08_R2_f0137.png,B,KU Leuven / Balgrist lumbar spine ultrasound,doi:10.48804/3XPCAE,10.1038/s41597-025-06047-9,KU Leuven (Robot-Assisted Surgery) + Balgrist University Hospital / University of Zurich,CC-BY-4.0,URS08,R2,RUS,robotic_perpendicular,137,URS08_R2/RUS/2118.png,US/US_labels/URS08_R2.zip,"binary pixel mask, thin contour (MetaImage .mhd/.raw, zlib)","EXPERT-ANNOTATED VISIBLE BONE SURFACE (label value 2 of {1,2}). NOT a puncture target, entry point, trajectory, interspace choice or safety window.","one physician (publication author N.A.C.), who also acquired the handheld scans","physician; single annotator, so NO inter-rater agreement exists",label value 2 rendered white on black; flipped and cropped identically to the frame,"cropped to the live ultrasound sector, rows 150-960 cols 530-960 of the 1920x1080 screen capture; removes scanner UI, depth ruler and the burned-in study/date banner",none (native sector resolution 810x430),white on black,original,"yes, with attribution (CC-BY-4.0)","yes, with attribution","Cavalcanti NA et al. A large, paired dataset of robotic and handheld lumbar spine ultrasound with ground-truth CT benchmarking. KU Leuven RDR, doi:10.48804/3XPCAE. Licensed CC-BY-4.0.",quantile,"The source expert annotation, unmodified in content."
URS08_R2_f0137::overlay,visuals/ultrasound/real_human_lumbar/expert_overlays/URS08_R2_f0137.png,D,KU Leuven / Balgrist lumbar spine ultrasound,doi:10.48804/3XPCAE,10.1038/s41597-025-06047-9,KU Leuven (Robot-Assisted Surgery) + Balgrist University Hospital / University of Zurich,CC-BY-4.0,URS08,R2,RUS,robotic_perpendicular,137,URS08_R2/RUS/2118.png,US/US_labels/URS08_R2.zip,"binary pixel mask, thin contour (MetaImage .mhd/.raw, zlib)","EXPERT-ANNOTATED VISIBLE BONE SURFACE (label value 2 of {1,2}). NOT a puncture target, entry point, trajectory, interspace choice or safety window.","one physician (publication author N.A.C.), who also acquired the handheld scans","physician; single annotator, so NO inter-rater agreement exists",expert mask dilated by 1 px for visibility and painted over the frame,"cropped to the live ultrasound sector, rows 150-960 cols 530-960 of the 1920x1080 screen capture; removes scanner UI, depth ruler and the burned-in study/date banner",none (native sector resolution 810x430),red = expert bone surface,derived,"yes, with attribution (CC-BY-4.0)","yes, with attribution","Cavalcanti NA et al. A large, paired dataset of robotic and handheld lumbar spine ultrasound with ground-truth CT benchmarking. KU Leuven RDR, doi:10.48804/3XPCAE. Licensed CC-BY-4.0.",quantile,Dilation is for display only; metrics never use the dilated mask.
URS08_R2_f0137::sidebyside,visuals/ultrasound/real_human_lumbar/side_by_side/URS08_R2_f0137.png,D,KU Leuven / Balgrist lumbar spine ultrasound,doi:10.48804/3XPCAE,10.1038/s41597-025-06047-9,KU Leuven (Robot-Assisted Surgery) + Balgrist University Hospital / University of Zurich,CC-BY-4.0,URS08,R2,RUS,robotic_perpendicular,137,URS08_R2/RUS/2118.png,US/US_labels/URS08_R2.zip,"binary pixel mask, thin contour (MetaImage .mhd/.raw, zlib)","EXPERT-ANNOTATED VISIBLE BONE SURFACE (label value 2 of {1,2}). NOT a puncture target, entry point, trajectory, interspace choice or safety window.","one physician (publication author N.A.C.), who also acquired the handheld scans","physician; single annotator, so NO inter-rater agreement exists",three-panel composite: raw | expert label | overlay,"cropped to the live ultrasound sector, rows 150-960 cols 530-960 of the 1920x1080 screen capture; removes scanner UI, depth ruler and the burned-in study/date banner",none (native sector resolution 810x430),red = expert bone surface,derived,"yes, with attribution (CC-BY-4.0)","yes, with attribution","Cavalcanti NA et al. A large, paired dataset of robotic and handheld lumbar spine ultrasound with ground-truth CT benchmarking. KU Leuven RDR, doi:10.48804/3XPCAE. Licensed CC-BY-4.0.",quantile,
URS08_R2_f0289::raw,visuals/ultrasound/real_human_lumbar/raw/URS08_R2_f0289.png,A,KU Leuven / Balgrist lumbar spine ultrasound,doi:10.48804/3XPCAE,10.1038/s41597-025-06047-9,KU Leuven (Robot-Assisted Surgery) + Balgrist University Hospital / University of Zurich,CC-BY-4.0,URS08,R2,RUS,robotic_perpendicular,289,URS08_R2/RUS/2410.png,US/US_labels/URS08_R2.zip,"binary pixel mask, thin contour (MetaImage .mhd/.raw, zlib)","EXPERT-ANNOTATED VISIBLE BONE SURFACE (label value 2 of {1,2}). NOT a puncture target, entry point, trajectory, interspace choice or safety window.","one physician (publication author N.A.C.), who also acquired the handheld scans","physician; single annotator, so NO inter-rater agreement exists","decoded from MetaImage, flipped vertically (source is bottom-up), cropped","cropped to the live ultrasound sector, rows 150-960 cols 530-960 of the 1920x1080 screen capture; removes scanner UI, depth ruler and the burned-in study/date banner",none (native sector resolution 810x430),none (greyscale),original,"yes, with attribution (CC-BY-4.0)","yes, with attribution","Cavalcanti NA et al. A large, paired dataset of robotic and handheld lumbar spine ultrasound with ground-truth CT benchmarking. KU Leuven RDR, doi:10.48804/3XPCAE. Licensed CC-BY-4.0.",expert_left_empty,Real human in-vivo transcutaneous lumbar ultrasound frame.
URS08_R2_f0289::label,visuals/ultrasound/real_human_lumbar/expert_labels/URS08_R2_f0289.png,B,KU Leuven / Balgrist lumbar spine ultrasound,doi:10.48804/3XPCAE,10.1038/s41597-025-06047-9,KU Leuven (Robot-Assisted Surgery) + Balgrist University Hospital / University of Zurich,CC-BY-4.0,URS08,R2,RUS,robotic_perpendicular,289,URS08_R2/RUS/2410.png,US/US_labels/URS08_R2.zip,"binary pixel mask, thin contour (MetaImage .mhd/.raw, zlib)","EXPERT-ANNOTATED VISIBLE BONE SURFACE (label value 2 of {1,2}). NOT a puncture target, entry point, trajectory, interspace choice or safety window.","one physician (publication author N.A.C.), who also acquired the handheld scans","physician; single annotator, so NO inter-rater agreement exists",label value 2 rendered white on black; flipped and cropped identically to the frame,"cropped to the live ultrasound sector, rows 150-960 cols 530-960 of the 1920x1080 screen capture; removes scanner UI, depth ruler and the burned-in study/date banner",none (native sector resolution 810x430),white on black,original,"yes, with attribution (CC-BY-4.0)","yes, with attribution","Cavalcanti NA et al. A large, paired dataset of robotic and handheld lumbar spine ultrasound with ground-truth CT benchmarking. KU Leuven RDR, doi:10.48804/3XPCAE. Licensed CC-BY-4.0.",expert_left_empty,"The source expert annotation, unmodified in content."
URS08_R2_f0289::overlay,visuals/ultrasound/real_human_lumbar/expert_overlays/URS08_R2_f0289.png,D,KU Leuven / Balgrist lumbar spine ultrasound,doi:10.48804/3XPCAE,10.1038/s41597-025-06047-9,KU Leuven (Robot-Assisted Surgery) + Balgrist University Hospital / University of Zurich,CC-BY-4.0,URS08,R2,RUS,robotic_perpendicular,289,URS08_R2/RUS/2410.png,US/US_labels/URS08_R2.zip,"binary pixel mask, thin contour (MetaImage .mhd/.raw, zlib)","EXPERT-ANNOTATED VISIBLE BONE SURFACE (label value 2 of {1,2}). NOT a puncture target, entry point, trajectory, interspace choice or safety window.","one physician (publication author N.A.C.), who also acquired the handheld scans","physician; single annotator, so NO inter-rater agreement exists",expert mask dilated by 1 px for visibility and painted over the frame,"cropped to the live ultrasound sector, rows 150-960 cols 530-960 of the 1920x1080 screen capture; removes scanner UI, depth ruler and the burned-in study/date banner",none (native sector resolution 810x430),red = expert bone surface,derived,"yes, with attribution (CC-BY-4.0)","yes, with attribution","Cavalcanti NA et al. A large, paired dataset of robotic and handheld lumbar spine ultrasound with ground-truth CT benchmarking. KU Leuven RDR, doi:10.48804/3XPCAE. Licensed CC-BY-4.0.",expert_left_empty,Dilation is for display only; metrics never use the dilated mask.
URS08_R2_f0289::sidebyside,visuals/ultrasound/real_human_lumbar/side_by_side/URS08_R2_f0289.png,D,KU Leuven / Balgrist lumbar spine ultrasound,doi:10.48804/3XPCAE,10.1038/s41597-025-06047-9,KU Leuven (Robot-Assisted Surgery) + Balgrist University Hospital / University of Zurich,CC-BY-4.0,URS08,R2,RUS,robotic_perpendicular,289,URS08_R2/RUS/2410.png,US/US_labels/URS08_R2.zip,"binary pixel mask, thin contour (MetaImage .mhd/.raw, zlib)","EXPERT-ANNOTATED VISIBLE BONE SURFACE (label value 2 of {1,2}). NOT a puncture target, entry point, trajectory, interspace choice or safety window.","one physician (publication author N.A.C.), who also acquired the handheld scans","physician; single annotator, so NO inter-rater agreement exists",three-panel composite: raw | expert label | overlay,"cropped to the live ultrasound sector, rows 150-960 cols 530-960 of the 1920x1080 screen capture; removes scanner UI, depth ruler and the burned-in study/date banner",none (native sector resolution 810x430),red = expert bone surface,derived,"yes, with attribution (CC-BY-4.0)","yes, with attribution","Cavalcanti NA et al. A large, paired dataset of robotic and handheld lumbar spine ultrasound with ground-truth CT benchmarking. KU Leuven RDR, doi:10.48804/3XPCAE. Licensed CC-BY-4.0.",expert_left_empty,
URS16_H3_f0197::raw,visuals/ultrasound/real_human_lumbar/raw/URS16_H3_f0197.png,A,KU Leuven / Balgrist lumbar spine ultrasound,doi:10.48804/3XPCAE,10.1038/s41597-025-06047-9,KU Leuven (Robot-Assisted Surgery) + Balgrist University Hospital / University of Zurich,CC-BY-4.0,URS16,H3,HUS,handheld,197,US/URS16_H3/HUS/2278.png,US/US_labels/URS16_H3.zip,"binary pixel mask, thin contour (MetaImage .mhd/.raw, zlib)","EXPERT-ANNOTATED VISIBLE BONE SURFACE (label value 2 of {1,2}). NOT a puncture target, entry point, trajectory, interspace choice or safety window.","one physician (publication author N.A.C.), who also acquired the handheld scans","physician; single annotator, so NO inter-rater agreement exists","decoded from MetaImage, flipped vertically (source is bottom-up), cropped","cropped to the live ultrasound sector, rows 150-960 cols 530-960 of the 1920x1080 screen capture; removes scanner UI, depth ruler and the burned-in study/date banner",none (native sector resolution 810x430),none (greyscale),original,"yes, with attribution (CC-BY-4.0)","yes, with attribution","Cavalcanti NA et al. A large, paired dataset of robotic and handheld lumbar spine ultrasound with ground-truth CT benchmarking. KU Leuven RDR, doi:10.48804/3XPCAE. Licensed CC-BY-4.0.",quantile,Real human in-vivo transcutaneous lumbar ultrasound frame.
URS16_H3_f0197::label,visuals/ultrasound/real_human_lumbar/expert_labels/URS16_H3_f0197.png,B,KU Leuven / Balgrist lumbar spine ultrasound,doi:10.48804/3XPCAE,10.1038/s41597-025-06047-9,KU Leuven (Robot-Assisted Surgery) + Balgrist University Hospital / University of Zurich,CC-BY-4.0,URS16,H3,HUS,handheld,197,US/URS16_H3/HUS/2278.png,US/US_labels/URS16_H3.zip,"binary pixel mask, thin contour (MetaImage .mhd/.raw, zlib)","EXPERT-ANNOTATED VISIBLE BONE SURFACE (label value 2 of {1,2}). NOT a puncture target, entry point, trajectory, interspace choice or safety window.","one physician (publication author N.A.C.), who also acquired the handheld scans","physician; single annotator, so NO inter-rater agreement exists",label value 2 rendered white on black; flipped and cropped identically to the frame,"cropped to the live ultrasound sector, rows 150-960 cols 530-960 of the 1920x1080 screen capture; removes scanner UI, depth ruler and the burned-in study/date banner",none (native sector resolution 810x430),white on black,original,"yes, with attribution (CC-BY-4.0)","yes, with attribution","Cavalcanti NA et al. A large, paired dataset of robotic and handheld lumbar spine ultrasound with ground-truth CT benchmarking. KU Leuven RDR, doi:10.48804/3XPCAE. Licensed CC-BY-4.0.",quantile,"The source expert annotation, unmodified in content."
URS16_H3_f0197::overlay,visuals/ultrasound/real_human_lumbar/expert_overlays/URS16_H3_f0197.png,D,KU Leuven / Balgrist lumbar spine ultrasound,doi:10.48804/3XPCAE,10.1038/s41597-025-06047-9,KU Leuven (Robot-Assisted Surgery) + Balgrist University Hospital / University of Zurich,CC-BY-4.0,URS16,H3,HUS,handheld,197,US/URS16_H3/HUS/2278.png,US/US_labels/URS16_H3.zip,"binary pixel mask, thin contour (MetaImage .mhd/.raw, zlib)","EXPERT-ANNOTATED VISIBLE BONE SURFACE (label value 2 of {1,2}). NOT a puncture target, entry point, trajectory, interspace choice or safety window.","one physician (publication author N.A.C.), who also acquired the handheld scans","physician; single annotator, so NO inter-rater agreement exists",expert mask dilated by 1 px for visibility and painted over the frame,"cropped to the live ultrasound sector, rows 150-960 cols 530-960 of the 1920x1080 screen capture; removes scanner UI, depth ruler and the burned-in study/date banner",none (native sector resolution 810x430),red = expert bone surface,derived,"yes, with attribution (CC-BY-4.0)","yes, with attribution","Cavalcanti NA et al. A large, paired dataset of robotic and handheld lumbar spine ultrasound with ground-truth CT benchmarking. KU Leuven RDR, doi:10.48804/3XPCAE. Licensed CC-BY-4.0.",quantile,Dilation is for display only; metrics never use the dilated mask.
URS16_H3_f0197::sidebyside,visuals/ultrasound/real_human_lumbar/side_by_side/URS16_H3_f0197.png,D,KU Leuven / Balgrist lumbar spine ultrasound,doi:10.48804/3XPCAE,10.1038/s41597-025-06047-9,KU Leuven (Robot-Assisted Surgery) + Balgrist University Hospital / University of Zurich,CC-BY-4.0,URS16,H3,HUS,handheld,197,US/URS16_H3/HUS/2278.png,US/US_labels/URS16_H3.zip,"binary pixel mask, thin contour (MetaImage .mhd/.raw, zlib)","EXPERT-ANNOTATED VISIBLE BONE SURFACE (label value 2 of {1,2}). NOT a puncture target, entry point, trajectory, interspace choice or safety window.","one physician (publication author N.A.C.), who also acquired the handheld scans","physician; single annotator, so NO inter-rater agreement exists",three-panel composite: raw | expert label | overlay,"cropped to the live ultrasound sector, rows 150-960 cols 530-960 of the 1920x1080 screen capture; removes scanner UI, depth ruler and the burned-in study/date banner",none (native sector resolution 810x430),red = expert bone surface,derived,"yes, with attribution (CC-BY-4.0)","yes, with attribution","Cavalcanti NA et al. A large, paired dataset of robotic and handheld lumbar spine ultrasound with ground-truth CT benchmarking. KU Leuven RDR, doi:10.48804/3XPCAE. Licensed CC-BY-4.0.",quantile,
URS16_H3_f0085::raw,visuals/ultrasound/real_human_lumbar/raw/URS16_H3_f0085.png,A,KU Leuven / Balgrist lumbar spine ultrasound,doi:10.48804/3XPCAE,10.1038/s41597-025-06047-9,KU Leuven (Robot-Assisted Surgery) + Balgrist University Hospital / University of Zurich,CC-BY-4.0,URS16,H3,HUS,handheld,85,US/URS16_H3/HUS/1895.png,US/US_labels/URS16_H3.zip,"binary pixel mask, thin contour (MetaImage .mhd/.raw, zlib)","EXPERT-ANNOTATED VISIBLE BONE SURFACE (label value 2 of {1,2}). NOT a puncture target, entry point, trajectory, interspace choice or safety window.","one physician (publication author N.A.C.), who also acquired the handheld scans","physician; single annotator, so NO inter-rater agreement exists","decoded from MetaImage, flipped vertically (source is bottom-up), cropped","cropped to the live ultrasound sector, rows 150-960 cols 530-960 of the 1920x1080 screen capture; removes scanner UI, depth ruler and the burned-in study/date banner",none (native sector resolution 810x430),none (greyscale),original,"yes, with attribution (CC-BY-4.0)","yes, with attribution","Cavalcanti NA et al. A large, paired dataset of robotic and handheld lumbar spine ultrasound with ground-truth CT benchmarking. KU Leuven RDR, doi:10.48804/3XPCAE. Licensed CC-BY-4.0.",quantile,Real human in-vivo transcutaneous lumbar ultrasound frame.
URS16_H3_f0085::label,visuals/ultrasound/real_human_lumbar/expert_labels/URS16_H3_f0085.png,B,KU Leuven / Balgrist lumbar spine ultrasound,doi:10.48804/3XPCAE,10.1038/s41597-025-06047-9,KU Leuven (Robot-Assisted Surgery) + Balgrist University Hospital / University of Zurich,CC-BY-4.0,URS16,H3,HUS,handheld,85,US/URS16_H3/HUS/1895.png,US/US_labels/URS16_H3.zip,"binary pixel mask, thin contour (MetaImage .mhd/.raw, zlib)","EXPERT-ANNOTATED VISIBLE BONE SURFACE (label value 2 of {1,2}). NOT a puncture target, entry point, trajectory, interspace choice or safety window.","one physician (publication author N.A.C.), who also acquired the handheld scans","physician; single annotator, so NO inter-rater agreement exists",label value 2 rendered white on black; flipped and cropped identically to the frame,"cropped to the live ultrasound sector, rows 150-960 cols 530-960 of the 1920x1080 screen capture; removes scanner UI, depth ruler and the burned-in study/date banner",none (native sector resolution 810x430),white on black,original,"yes, with attribution (CC-BY-4.0)","yes, with attribution","Cavalcanti NA et al. A large, paired dataset of robotic and handheld lumbar spine ultrasound with ground-truth CT benchmarking. KU Leuven RDR, doi:10.48804/3XPCAE. Licensed CC-BY-4.0.",quantile,"The source expert annotation, unmodified in content."
URS16_H3_f0085::overlay,visuals/ultrasound/real_human_lumbar/expert_overlays/URS16_H3_f0085.png,D,KU Leuven / Balgrist lumbar spine ultrasound,doi:10.48804/3XPCAE,10.1038/s41597-025-06047-9,KU Leuven (Robot-Assisted Surgery) + Balgrist University Hospital / University of Zurich,CC-BY-4.0,URS16,H3,HUS,handheld,85,US/URS16_H3/HUS/1895.png,US/US_labels/URS16_H3.zip,"binary pixel mask, thin contour (MetaImage .mhd/.raw, zlib)","EXPERT-ANNOTATED VISIBLE BONE SURFACE (label value 2 of {1,2}). NOT a puncture target, entry point, trajectory, interspace choice or safety window.","one physician (publication author N.A.C.), who also acquired the handheld scans","physician; single annotator, so NO inter-rater agreement exists",expert mask dilated by 1 px for visibility and painted over the frame,"cropped to the live ultrasound sector, rows 150-960 cols 530-960 of the 1920x1080 screen capture; removes scanner UI, depth ruler and the burned-in study/date banner",none (native sector resolution 810x430),red = expert bone surface,derived,"yes, with attribution (CC-BY-4.0)","yes, with attribution","Cavalcanti NA et al. A large, paired dataset of robotic and handheld lumbar spine ultrasound with ground-truth CT benchmarking. KU Leuven RDR, doi:10.48804/3XPCAE. Licensed CC-BY-4.0.",quantile,Dilation is for display only; metrics never use the dilated mask.
URS16_H3_f0085::sidebyside,visuals/ultrasound/real_human_lumbar/side_by_side/URS16_H3_f0085.png,D,KU Leuven / Balgrist lumbar spine ultrasound,doi:10.48804/3XPCAE,10.1038/s41597-025-06047-9,KU Leuven (Robot-Assisted Surgery) + Balgrist University Hospital / University of Zurich,CC-BY-4.0,URS16,H3,HUS,handheld,85,US/URS16_H3/HUS/1895.png,US/US_labels/URS16_H3.zip,"binary pixel mask, thin contour (MetaImage .mhd/.raw, zlib)","EXPERT-ANNOTATED VISIBLE BONE SURFACE (label value 2 of {1,2}). NOT a puncture target, entry point, trajectory, interspace choice or safety window.","one physician (publication author N.A.C.), who also acquired the handheld scans","physician; single annotator, so NO inter-rater agreement exists",three-panel composite: raw | expert label | overlay,"cropped to the live ultrasound sector, rows 150-960 cols 530-960 of the 1920x1080 screen capture; removes scanner UI, depth ruler and the burned-in study/date banner",none (native sector resolution 810x430),red = expert bone surface,derived,"yes, with attribution (CC-BY-4.0)","yes, with attribution","Cavalcanti NA et al. A large, paired dataset of robotic and handheld lumbar spine ultrasound with ground-truth CT benchmarking. KU Leuven RDR, doi:10.48804/3XPCAE. Licensed CC-BY-4.0.",quantile,
URS16_H3_f0086::raw,visuals/ultrasound/real_human_lumbar/raw/URS16_H3_f0086.png,A,KU Leuven / Balgrist lumbar spine ultrasound,doi:10.48804/3XPCAE,10.1038/s41597-025-06047-9,KU Leuven (Robot-Assisted Surgery) + Balgrist University Hospital / University of Zurich,CC-BY-4.0,URS16,H3,HUS,handheld,86,US/URS16_H3/HUS/1896.png,US/US_labels/URS16_H3.zip,"binary pixel mask, thin contour (MetaImage .mhd/.raw, zlib)","EXPERT-ANNOTATED VISIBLE BONE SURFACE (label value 2 of {1,2}). NOT a puncture target, entry point, trajectory, interspace choice or safety window.","one physician (publication author N.A.C.), who also acquired the handheld scans","physician; single annotator, so NO inter-rater agreement exists","decoded from MetaImage, flipped vertically (source is bottom-up), cropped","cropped to the live ultrasound sector, rows 150-960 cols 530-960 of the 1920x1080 screen capture; removes scanner UI, depth ruler and the burned-in study/date banner",none (native sector resolution 810x430),none (greyscale),original,"yes, with attribution (CC-BY-4.0)","yes, with attribution","Cavalcanti NA et al. A large, paired dataset of robotic and handheld lumbar spine ultrasound with ground-truth CT benchmarking. KU Leuven RDR, doi:10.48804/3XPCAE. Licensed CC-BY-4.0.",quantile,Real human in-vivo transcutaneous lumbar ultrasound frame.
URS16_H3_f0086::label,visuals/ultrasound/real_human_lumbar/expert_labels/URS16_H3_f0086.png,B,KU Leuven / Balgrist lumbar spine ultrasound,doi:10.48804/3XPCAE,10.1038/s41597-025-06047-9,KU Leuven (Robot-Assisted Surgery) + Balgrist University Hospital / University of Zurich,CC-BY-4.0,URS16,H3,HUS,handheld,86,US/URS16_H3/HUS/1896.png,US/US_labels/URS16_H3.zip,"binary pixel mask, thin contour (MetaImage .mhd/.raw, zlib)","EXPERT-ANNOTATED VISIBLE BONE SURFACE (label value 2 of {1,2}). NOT a puncture target, entry point, trajectory, interspace choice or safety window.","one physician (publication author N.A.C.), who also acquired the handheld scans","physician; single annotator, so NO inter-rater agreement exists",label value 2 rendered white on black; flipped and cropped identically to the frame,"cropped to the live ultrasound sector, rows 150-960 cols 530-960 of the 1920x1080 screen capture; removes scanner UI, depth ruler and the burned-in study/date banner",none (native sector resolution 810x430),white on black,original,"yes, with attribution (CC-BY-4.0)","yes, with attribution","Cavalcanti NA et al. A large, paired dataset of robotic and handheld lumbar spine ultrasound with ground-truth CT benchmarking. KU Leuven RDR, doi:10.48804/3XPCAE. Licensed CC-BY-4.0.",quantile,"The source expert annotation, unmodified in content."
URS16_H3_f0086::overlay,visuals/ultrasound/real_human_lumbar/expert_overlays/URS16_H3_f0086.png,D,KU Leuven / Balgrist lumbar spine ultrasound,doi:10.48804/3XPCAE,10.1038/s41597-025-06047-9,KU Leuven (Robot-Assisted Surgery) + Balgrist University Hospital / University of Zurich,CC-BY-4.0,URS16,H3,HUS,handheld,86,US/URS16_H3/HUS/1896.png,US/US_labels/URS16_H3.zip,"binary pixel mask, thin contour (MetaImage .mhd/.raw, zlib)","EXPERT-ANNOTATED VISIBLE BONE SURFACE (label value 2 of {1,2}). NOT a puncture target, entry point, trajectory, interspace choice or safety window.","one physician (publication author N.A.C.), who also acquired the handheld scans","physician; single annotator, so NO inter-rater agreement exists",expert mask dilated by 1 px for visibility and painted over the frame,"cropped to the live ultrasound sector, rows 150-960 cols 530-960 of the 1920x1080 screen capture; removes scanner UI, depth ruler and the burned-in study/date banner",none (native sector resolution 810x430),red = expert bone surface,derived,"yes, with attribution (CC-BY-4.0)","yes, with attribution","Cavalcanti NA et al. A large, paired dataset of robotic and handheld lumbar spine ultrasound with ground-truth CT benchmarking. KU Leuven RDR, doi:10.48804/3XPCAE. Licensed CC-BY-4.0.",quantile,Dilation is for display only; metrics never use the dilated mask.
URS16_H3_f0086::sidebyside,visuals/ultrasound/real_human_lumbar/side_by_side/URS16_H3_f0086.png,D,KU Leuven / Balgrist lumbar spine ultrasound,doi:10.48804/3XPCAE,10.1038/s41597-025-06047-9,KU Leuven (Robot-Assisted Surgery) + Balgrist University Hospital / University of Zurich,CC-BY-4.0,URS16,H3,HUS,handheld,86,US/URS16_H3/HUS/1896.png,US/US_labels/URS16_H3.zip,"binary pixel mask, thin contour (MetaImage .mhd/.raw, zlib)","EXPERT-ANNOTATED VISIBLE BONE SURFACE (label value 2 of {1,2}). NOT a puncture target, entry point, trajectory, interspace choice or safety window.","one physician (publication author N.A.C.), who also acquired the handheld scans","physician; single annotator, so NO inter-rater agreement exists",three-panel composite: raw | expert label | overlay,"cropped to the live ultrasound sector, rows 150-960 cols 530-960 of the 1920x1080 screen capture; removes scanner UI, depth ruler and the burned-in study/date banner",none (native sector resolution 810x430),red = expert bone surface,derived,"yes, with attribution (CC-BY-4.0)","yes, with attribution","Cavalcanti NA et al. A large, paired dataset of robotic and handheld lumbar spine ultrasound with ground-truth CT benchmarking. KU Leuven RDR, doi:10.48804/3XPCAE. Licensed CC-BY-4.0.",quantile,
URS16_H3_f0031::raw,visuals/ultrasound/real_human_lumbar/raw/URS16_H3_f0031.png,A,KU Leuven / Balgrist lumbar spine ultrasound,doi:10.48804/3XPCAE,10.1038/s41597-025-06047-9,KU Leuven (Robot-Assisted Surgery) + Balgrist University Hospital / University of Zurich,CC-BY-4.0,URS16,H3,HUS,handheld,31,US/URS16_H3/HUS/1603.png,US/US_labels/URS16_H3.zip,"binary pixel mask, thin contour (MetaImage .mhd/.raw, zlib)","EXPERT-ANNOTATED VISIBLE BONE SURFACE (label value 2 of {1,2}). NOT a puncture target, entry point, trajectory, interspace choice or safety window.","one physician (publication author N.A.C.), who also acquired the handheld scans","physician; single annotator, so NO inter-rater agreement exists","decoded from MetaImage, flipped vertically (source is bottom-up), cropped","cropped to the live ultrasound sector, rows 150-960 cols 530-960 of the 1920x1080 screen capture; removes scanner UI, depth ruler and the burned-in study/date banner",none (native sector resolution 810x430),none (greyscale),original,"yes, with attribution (CC-BY-4.0)","yes, with attribution","Cavalcanti NA et al. A large, paired dataset of robotic and handheld lumbar spine ultrasound with ground-truth CT benchmarking. KU Leuven RDR, doi:10.48804/3XPCAE. Licensed CC-BY-4.0.",quantile,Real human in-vivo transcutaneous lumbar ultrasound frame.
URS16_H3_f0031::label,visuals/ultrasound/real_human_lumbar/expert_labels/URS16_H3_f0031.png,B,KU Leuven / Balgrist lumbar spine ultrasound,doi:10.48804/3XPCAE,10.1038/s41597-025-06047-9,KU Leuven (Robot-Assisted Surgery) + Balgrist University Hospital / University of Zurich,CC-BY-4.0,URS16,H3,HUS,handheld,31,US/URS16_H3/HUS/1603.png,US/US_labels/URS16_H3.zip,"binary pixel mask, thin contour (MetaImage .mhd/.raw, zlib)","EXPERT-ANNOTATED VISIBLE BONE SURFACE (label value 2 of {1,2}). NOT a puncture target, entry point, trajectory, interspace choice or safety window.","one physician (publication author N.A.C.), who also acquired the handheld scans","physician; single annotator, so NO inter-rater agreement exists",label value 2 rendered white on black; flipped and cropped identically to the frame,"cropped to the live ultrasound sector, rows 150-960 cols 530-960 of the 1920x1080 screen capture; removes scanner UI, depth ruler and the burned-in study/date banner",none (native sector resolution 810x430),white on black,original,"yes, with attribution (CC-BY-4.0)","yes, with attribution","Cavalcanti NA et al. A large, paired dataset of robotic and handheld lumbar spine ultrasound with ground-truth CT benchmarking. KU Leuven RDR, doi:10.48804/3XPCAE. Licensed CC-BY-4.0.",quantile,"The source expert annotation, unmodified in content."
URS16_H3_f0031::overlay,visuals/ultrasound/real_human_lumbar/expert_overlays/URS16_H3_f0031.png,D,KU Leuven / Balgrist lumbar spine ultrasound,doi:10.48804/3XPCAE,10.1038/s41597-025-06047-9,KU Leuven (Robot-Assisted Surgery) + Balgrist University Hospital / University of Zurich,CC-BY-4.0,URS16,H3,HUS,handheld,31,US/URS16_H3/HUS/1603.png,US/US_labels/URS16_H3.zip,"binary pixel mask, thin contour (MetaImage .mhd/.raw, zlib)","EXPERT-ANNOTATED VISIBLE BONE SURFACE (label value 2 of {1,2}). NOT a puncture target, entry point, trajectory, interspace choice or safety window.","one physician (publication author N.A.C.), who also acquired the handheld scans","physician; single annotator, so NO inter-rater agreement exists",expert mask dilated by 1 px for visibility and painted over the frame,"cropped to the live ultrasound sector, rows 150-960 cols 530-960 of the 1920x1080 screen capture; removes scanner UI, depth ruler and the burned-in study/date banner",none (native sector resolution 810x430),red = expert bone surface,derived,"yes, with attribution (CC-BY-4.0)","yes, with attribution","Cavalcanti NA et al. A large, paired dataset of robotic and handheld lumbar spine ultrasound with ground-truth CT benchmarking. KU Leuven RDR, doi:10.48804/3XPCAE. Licensed CC-BY-4.0.",quantile,Dilation is for display only; metrics never use the dilated mask.
URS16_H3_f0031::sidebyside,visuals/ultrasound/real_human_lumbar/side_by_side/URS16_H3_f0031.png,D,KU Leuven / Balgrist lumbar spine ultrasound,doi:10.48804/3XPCAE,10.1038/s41597-025-06047-9,KU Leuven (Robot-Assisted Surgery) + Balgrist University Hospital / University of Zurich,CC-BY-4.0,URS16,H3,HUS,handheld,31,US/URS16_H3/HUS/1603.png,US/US_labels/URS16_H3.zip,"binary pixel mask, thin contour (MetaImage .mhd/.raw, zlib)","EXPERT-ANNOTATED VISIBLE BONE SURFACE (label value 2 of {1,2}). NOT a puncture target, entry point, trajectory, interspace choice or safety window.","one physician (publication author N.A.C.), who also acquired the handheld scans","physician; single annotator, so NO inter-rater agreement exists",three-panel composite: raw | expert label | overlay,"cropped to the live ultrasound sector, rows 150-960 cols 530-960 of the 1920x1080 screen capture; removes scanner UI, depth ruler and the burned-in study/date banner",none (native sector resolution 810x430),red = expert bone surface,derived,"yes, with attribution (CC-BY-4.0)","yes, with attribution","Cavalcanti NA et al. A large, paired dataset of robotic and handheld lumbar spine ultrasound with ground-truth CT benchmarking. KU Leuven RDR, doi:10.48804/3XPCAE. Licensed CC-BY-4.0.",quantile,
URS16_H3_f0296::raw,visuals/ultrasound/real_human_lumbar/raw/URS16_H3_f0296.png,A,KU Leuven / Balgrist lumbar spine ultrasound,doi:10.48804/3XPCAE,10.1038/s41597-025-06047-9,KU Leuven (Robot-Assisted Surgery) + Balgrist University Hospital / University of Zurich,CC-BY-4.0,URS16,H3,HUS,handheld,296,US/URS16_H3/HUS/451.png,US/US_labels/URS16_H3.zip,"binary pixel mask, thin contour (MetaImage .mhd/.raw, zlib)","EXPERT-ANNOTATED VISIBLE BONE SURFACE (label value 2 of {1,2}). NOT a puncture target, entry point, trajectory, interspace choice or safety window.","one physician (publication author N.A.C.), who also acquired the handheld scans","physician; single annotator, so NO inter-rater agreement exists","decoded from MetaImage, flipped vertically (source is bottom-up), cropped","cropped to the live ultrasound sector, rows 150-960 cols 530-960 of the 1920x1080 screen capture; removes scanner UI, depth ruler and the burned-in study/date banner",none (native sector resolution 810x430),none (greyscale),original,"yes, with attribution (CC-BY-4.0)","yes, with attribution","Cavalcanti NA et al. A large, paired dataset of robotic and handheld lumbar spine ultrasound with ground-truth CT benchmarking. KU Leuven RDR, doi:10.48804/3XPCAE. Licensed CC-BY-4.0.",expert_left_empty,Real human in-vivo transcutaneous lumbar ultrasound frame.
URS16_H3_f0296::label,visuals/ultrasound/real_human_lumbar/expert_labels/URS16_H3_f0296.png,B,KU Leuven / Balgrist lumbar spine ultrasound,doi:10.48804/3XPCAE,10.1038/s41597-025-06047-9,KU Leuven (Robot-Assisted Surgery) + Balgrist University Hospital / University of Zurich,CC-BY-4.0,URS16,H3,HUS,handheld,296,US/URS16_H3/HUS/451.png,US/US_labels/URS16_H3.zip,"binary pixel mask, thin contour (MetaImage .mhd/.raw, zlib)","EXPERT-ANNOTATED VISIBLE BONE SURFACE (label value 2 of {1,2}). NOT a puncture target, entry point, trajectory, interspace choice or safety window.","one physician (publication author N.A.C.), who also acquired the handheld scans","physician; single annotator, so NO inter-rater agreement exists",label value 2 rendered white on black; flipped and cropped identically to the frame,"cropped to the live ultrasound sector, rows 150-960 cols 530-960 of the 1920x1080 screen capture; removes scanner UI, depth ruler and the burned-in study/date banner",none (native sector resolution 810x430),white on black,original,"yes, with attribution (CC-BY-4.0)","yes, with attribution","Cavalcanti NA et al. A large, paired dataset of robotic and handheld lumbar spine ultrasound with ground-truth CT benchmarking. KU Leuven RDR, doi:10.48804/3XPCAE. Licensed CC-BY-4.0.",expert_left_empty,"The source expert annotation, unmodified in content."
URS16_H3_f0296::overlay,visuals/ultrasound/real_human_lumbar/expert_overlays/URS16_H3_f0296.png,D,KU Leuven / Balgrist lumbar spine ultrasound,doi:10.48804/3XPCAE,10.1038/s41597-025-06047-9,KU Leuven (Robot-Assisted Surgery) + Balgrist University Hospital / University of Zurich,CC-BY-4.0,URS16,H3,HUS,handheld,296,US/URS16_H3/HUS/451.png,US/US_labels/URS16_H3.zip,"binary pixel mask, thin contour (MetaImage .mhd/.raw, zlib)","EXPERT-ANNOTATED VISIBLE BONE SURFACE (label value 2 of {1,2}). NOT a puncture target, entry point, trajectory, interspace choice or safety window.","one physician (publication author N.A.C.), who also acquired the handheld scans","physician; single annotator, so NO inter-rater agreement exists",expert mask dilated by 1 px for visibility and painted over the frame,"cropped to the live ultrasound sector, rows 150-960 cols 530-960 of the 1920x1080 screen capture; removes scanner UI, depth ruler and the burned-in study/date banner",none (native sector resolution 810x430),red = expert bone surface,derived,"yes, with attribution (CC-BY-4.0)","yes, with attribution","Cavalcanti NA et al. A large, paired dataset of robotic and handheld lumbar spine ultrasound with ground-truth CT benchmarking. KU Leuven RDR, doi:10.48804/3XPCAE. Licensed CC-BY-4.0.",expert_left_empty,Dilation is for display only; metrics never use the dilated mask.
URS16_H3_f0296::sidebyside,visuals/ultrasound/real_human_lumbar/side_by_side/URS16_H3_f0296.png,D,KU Leuven / Balgrist lumbar spine ultrasound,doi:10.48804/3XPCAE,10.1038/s41597-025-06047-9,KU Leuven (Robot-Assisted Surgery) + Balgrist University Hospital / University of Zurich,CC-BY-4.0,URS16,H3,HUS,handheld,296,US/URS16_H3/HUS/451.png,US/US_labels/URS16_H3.zip,"binary pixel mask, thin contour (MetaImage .mhd/.raw, zlib)","EXPERT-ANNOTATED VISIBLE BONE SURFACE (label value 2 of {1,2}). NOT a puncture target, entry point, trajectory, interspace choice or safety window.","one physician (publication author N.A.C.), who also acquired the handheld scans","physician; single annotator, so NO inter-rater agreement exists",three-panel composite: raw | expert label | overlay,"cropped to the live ultrasound sector, rows 150-960 cols 530-960 of the 1920x1080 screen capture; removes scanner UI, depth ruler and the burned-in study/date banner",none (native sector resolution 810x430),red = expert bone surface,derived,"yes, with attribution (CC-BY-4.0)","yes, with attribution","Cavalcanti NA et al. A large, paired dataset of robotic and handheld lumbar spine ultrasound with ground-truth CT benchmarking. KU Leuven RDR, doi:10.48804/3XPCAE. Licensed CC-BY-4.0.",expert_left_empty,
URS16_R1_f0295::raw,visuals/ultrasound/real_human_lumbar/raw/URS16_R1_f0295.png,A,KU Leuven / Balgrist lumbar spine ultrasound,doi:10.48804/3XPCAE,10.1038/s41597-025-06047-9,KU Leuven (Robot-Assisted Surgery) + Balgrist University Hospital / University of Zurich,CC-BY-4.0,URS16,R1,RUS,robotic_perpendicular,295,US/URS16_R1/RUS/1625.png,US/US_labels/URS16_R1.zip,"binary pixel mask, thin contour (MetaImage .mhd/.raw, zlib)","EXPERT-ANNOTATED VISIBLE BONE SURFACE (label value 2 of {1,2}). NOT a puncture target, entry point, trajectory, interspace choice or safety window.","one physician (publication author N.A.C.), who also acquired the handheld scans","physician; single annotator, so NO inter-rater agreement exists","decoded from MetaImage, flipped vertically (source is bottom-up), cropped","cropped to the live ultrasound sector, rows 150-960 cols 530-960 of the 1920x1080 screen capture; removes scanner UI, depth ruler and the burned-in study/date banner",none (native sector resolution 810x430),none (greyscale),original,"yes, with attribution (CC-BY-4.0)","yes, with attribution","Cavalcanti NA et al. A large, paired dataset of robotic and handheld lumbar spine ultrasound with ground-truth CT benchmarking. KU Leuven RDR, doi:10.48804/3XPCAE. Licensed CC-BY-4.0.",quantile,Real human in-vivo transcutaneous lumbar ultrasound frame.
URS16_R1_f0295::label,visuals/ultrasound/real_human_lumbar/expert_labels/URS16_R1_f0295.png,B,KU Leuven / Balgrist lumbar spine ultrasound,doi:10.48804/3XPCAE,10.1038/s41597-025-06047-9,KU Leuven (Robot-Assisted Surgery) + Balgrist University Hospital / University of Zurich,CC-BY-4.0,URS16,R1,RUS,robotic_perpendicular,295,US/URS16_R1/RUS/1625.png,US/US_labels/URS16_R1.zip,"binary pixel mask, thin contour (MetaImage .mhd/.raw, zlib)","EXPERT-ANNOTATED VISIBLE BONE SURFACE (label value 2 of {1,2}). NOT a puncture target, entry point, trajectory, interspace choice or safety window.","one physician (publication author N.A.C.), who also acquired the handheld scans","physician; single annotator, so NO inter-rater agreement exists",label value 2 rendered white on black; flipped and cropped identically to the frame,"cropped to the live ultrasound sector, rows 150-960 cols 530-960 of the 1920x1080 screen capture; removes scanner UI, depth ruler and the burned-in study/date banner",none (native sector resolution 810x430),white on black,original,"yes, with attribution (CC-BY-4.0)","yes, with attribution","Cavalcanti NA et al. A large, paired dataset of robotic and handheld lumbar spine ultrasound with ground-truth CT benchmarking. KU Leuven RDR, doi:10.48804/3XPCAE. Licensed CC-BY-4.0.",quantile,"The source expert annotation, unmodified in content."
URS16_R1_f0295::overlay,visuals/ultrasound/real_human_lumbar/expert_overlays/URS16_R1_f0295.png,D,KU Leuven / Balgrist lumbar spine ultrasound,doi:10.48804/3XPCAE,10.1038/s41597-025-06047-9,KU Leuven (Robot-Assisted Surgery) + Balgrist University Hospital / University of Zurich,CC-BY-4.0,URS16,R1,RUS,robotic_perpendicular,295,US/URS16_R1/RUS/1625.png,US/US_labels/URS16_R1.zip,"binary pixel mask, thin contour (MetaImage .mhd/.raw, zlib)","EXPERT-ANNOTATED VISIBLE BONE SURFACE (label value 2 of {1,2}). NOT a puncture target, entry point, trajectory, interspace choice or safety window.","one physician (publication author N.A.C.), who also acquired the handheld scans","physician; single annotator, so NO inter-rater agreement exists",expert mask dilated by 1 px for visibility and painted over the frame,"cropped to the live ultrasound sector, rows 150-960 cols 530-960 of the 1920x1080 screen capture; removes scanner UI, depth ruler and the burned-in study/date banner",none (native sector resolution 810x430),red = expert bone surface,derived,"yes, with attribution (CC-BY-4.0)","yes, with attribution","Cavalcanti NA et al. A large, paired dataset of robotic and handheld lumbar spine ultrasound with ground-truth CT benchmarking. KU Leuven RDR, doi:10.48804/3XPCAE. Licensed CC-BY-4.0.",quantile,Dilation is for display only; metrics never use the dilated mask.
URS16_R1_f0295::sidebyside,visuals/ultrasound/real_human_lumbar/side_by_side/URS16_R1_f0295.png,D,KU Leuven / Balgrist lumbar spine ultrasound,doi:10.48804/3XPCAE,10.1038/s41597-025-06047-9,KU Leuven (Robot-Assisted Surgery) + Balgrist University Hospital / University of Zurich,CC-BY-4.0,URS16,R1,RUS,robotic_perpendicular,295,US/URS16_R1/RUS/1625.png,US/US_labels/URS16_R1.zip,"binary pixel mask, thin contour (MetaImage .mhd/.raw, zlib)","EXPERT-ANNOTATED VISIBLE BONE SURFACE (label value 2 of {1,2}). NOT a puncture target, entry point, trajectory, interspace choice or safety window.","one physician (publication author N.A.C.), who also acquired the handheld scans","physician; single annotator, so NO inter-rater agreement exists",three-panel composite: raw | expert label | overlay,"cropped to the live ultrasound sector, rows 150-960 cols 530-960 of the 1920x1080 screen capture; removes scanner UI, depth ruler and the burned-in study/date banner",none (native sector resolution 810x430),red = expert bone surface,derived,"yes, with attribution (CC-BY-4.0)","yes, with attribution","Cavalcanti NA et al. A large, paired dataset of robotic and handheld lumbar spine ultrasound with ground-truth CT benchmarking. KU Leuven RDR, doi:10.48804/3XPCAE. Licensed CC-BY-4.0.",quantile,
URS16_R1_f0220::raw,visuals/ultrasound/real_human_lumbar/raw/URS16_R1_f0220.png,A,KU Leuven / Balgrist lumbar spine ultrasound,doi:10.48804/3XPCAE,10.1038/s41597-025-06047-9,KU Leuven (Robot-Assisted Surgery) + Balgrist University Hospital / University of Zurich,CC-BY-4.0,URS16,R1,RUS,robotic_perpendicular,220,US/URS16_R1/RUS/1550.png,US/US_labels/URS16_R1.zip,"binary pixel mask, thin contour (MetaImage .mhd/.raw, zlib)","EXPERT-ANNOTATED VISIBLE BONE SURFACE (label value 2 of {1,2}). NOT a puncture target, entry point, trajectory, interspace choice or safety window.","one physician (publication author N.A.C.), who also acquired the handheld scans","physician; single annotator, so NO inter-rater agreement exists","decoded from MetaImage, flipped vertically (source is bottom-up), cropped","cropped to the live ultrasound sector, rows 150-960 cols 530-960 of the 1920x1080 screen capture; removes scanner UI, depth ruler and the burned-in study/date banner",none (native sector resolution 810x430),none (greyscale),original,"yes, with attribution (CC-BY-4.0)","yes, with attribution","Cavalcanti NA et al. A large, paired dataset of robotic and handheld lumbar spine ultrasound with ground-truth CT benchmarking. KU Leuven RDR, doi:10.48804/3XPCAE. Licensed CC-BY-4.0.",quantile,Real human in-vivo transcutaneous lumbar ultrasound frame.
URS16_R1_f0220::label,visuals/ultrasound/real_human_lumbar/expert_labels/URS16_R1_f0220.png,B,KU Leuven / Balgrist lumbar spine ultrasound,doi:10.48804/3XPCAE,10.1038/s41597-025-06047-9,KU Leuven (Robot-Assisted Surgery) + Balgrist University Hospital / University of Zurich,CC-BY-4.0,URS16,R1,RUS,robotic_perpendicular,220,US/URS16_R1/RUS/1550.png,US/US_labels/URS16_R1.zip,"binary pixel mask, thin contour (MetaImage .mhd/.raw, zlib)","EXPERT-ANNOTATED VISIBLE BONE SURFACE (label value 2 of {1,2}). NOT a puncture target, entry point, trajectory, interspace choice or safety window.","one physician (publication author N.A.C.), who also acquired the handheld scans","physician; single annotator, so NO inter-rater agreement exists",label value 2 rendered white on black; flipped and cropped identically to the frame,"cropped to the live ultrasound sector, rows 150-960 cols 530-960 of the 1920x1080 screen capture; removes scanner UI, depth ruler and the burned-in study/date banner",none (native sector resolution 810x430),white on black,original,"yes, with attribution (CC-BY-4.0)","yes, with attribution","Cavalcanti NA et al. A large, paired dataset of robotic and handheld lumbar spine ultrasound with ground-truth CT benchmarking. KU Leuven RDR, doi:10.48804/3XPCAE. Licensed CC-BY-4.0.",quantile,"The source expert annotation, unmodified in content."
URS16_R1_f0220::overlay,visuals/ultrasound/real_human_lumbar/expert_overlays/URS16_R1_f0220.png,D,KU Leuven / Balgrist lumbar spine ultrasound,doi:10.48804/3XPCAE,10.1038/s41597-025-06047-9,KU Leuven (Robot-Assisted Surgery) + Balgrist University Hospital / University of Zurich,CC-BY-4.0,URS16,R1,RUS,robotic_perpendicular,220,US/URS16_R1/RUS/1550.png,US/US_labels/URS16_R1.zip,"binary pixel mask, thin contour (MetaImage .mhd/.raw, zlib)","EXPERT-ANNOTATED VISIBLE BONE SURFACE (label value 2 of {1,2}). NOT a puncture target, entry point, trajectory, interspace choice or safety window.","one physician (publication author N.A.C.), who also acquired the handheld scans","physician; single annotator, so NO inter-rater agreement exists",expert mask dilated by 1 px for visibility and painted over the frame,"cropped to the live ultrasound sector, rows 150-960 cols 530-960 of the 1920x1080 screen capture; removes scanner UI, depth ruler and the burned-in study/date banner",none (native sector resolution 810x430),red = expert bone surface,derived,"yes, with attribution (CC-BY-4.0)","yes, with attribution","Cavalcanti NA et al. A large, paired dataset of robotic and handheld lumbar spine ultrasound with ground-truth CT benchmarking. KU Leuven RDR, doi:10.48804/3XPCAE. Licensed CC-BY-4.0.",quantile,Dilation is for display only; metrics never use the dilated mask.
URS16_R1_f0220::sidebyside,visuals/ultrasound/real_human_lumbar/side_by_side/URS16_R1_f0220.png,D,KU Leuven / Balgrist lumbar spine ultrasound,doi:10.48804/3XPCAE,10.1038/s41597-025-06047-9,KU Leuven (Robot-Assisted Surgery) + Balgrist University Hospital / University of Zurich,CC-BY-4.0,URS16,R1,RUS,robotic_perpendicular,220,US/URS16_R1/RUS/1550.png,US/US_labels/URS16_R1.zip,"binary pixel mask, thin contour (MetaImage .mhd/.raw, zlib)","EXPERT-ANNOTATED VISIBLE BONE SURFACE (label value 2 of {1,2}). NOT a puncture target, entry point, trajectory, interspace choice or safety window.","one physician (publication author N.A.C.), who also acquired the handheld scans","physician; single annotator, so NO inter-rater agreement exists",three-panel composite: raw | expert label | overlay,"cropped to the live ultrasound sector, rows 150-960 cols 530-960 of the 1920x1080 screen capture; removes scanner UI, depth ruler and the burned-in study/date banner",none (native sector resolution 810x430),red = expert bone surface,derived,"yes, with attribution (CC-BY-4.0)","yes, with attribution","Cavalcanti NA et al. A large, paired dataset of robotic and handheld lumbar spine ultrasound with ground-truth CT benchmarking. KU Leuven RDR, doi:10.48804/3XPCAE. Licensed CC-BY-4.0.",quantile,
URS16_R1_f0355::raw,visuals/ultrasound/real_human_lumbar/raw/URS16_R1_f0355.png,A,KU Leuven / Balgrist lumbar spine ultrasound,doi:10.48804/3XPCAE,10.1038/s41597-025-06047-9,KU Leuven (Robot-Assisted Surgery) + Balgrist University Hospital / University of Zurich,CC-BY-4.0,URS16,R1,RUS,robotic_perpendicular,355,US/URS16_R1/RUS/989.png,US/US_labels/URS16_R1.zip,"binary pixel mask, thin contour (MetaImage .mhd/.raw, zlib)","EXPERT-ANNOTATED VISIBLE BONE SURFACE (label value 2 of {1,2}). NOT a puncture target, entry point, trajectory, interspace choice or safety window.","one physician (publication author N.A.C.), who also acquired the handheld scans","physician; single annotator, so NO inter-rater agreement exists","decoded from MetaImage, flipped vertically (source is bottom-up), cropped","cropped to the live ultrasound sector, rows 150-960 cols 530-960 of the 1920x1080 screen capture; removes scanner UI, depth ruler and the burned-in study/date banner",none (native sector resolution 810x430),none (greyscale),original,"yes, with attribution (CC-BY-4.0)","yes, with attribution","Cavalcanti NA et al. A large, paired dataset of robotic and handheld lumbar spine ultrasound with ground-truth CT benchmarking. KU Leuven RDR, doi:10.48804/3XPCAE. Licensed CC-BY-4.0.",quantile,Real human in-vivo transcutaneous lumbar ultrasound frame.
URS16_R1_f0355::label,visuals/ultrasound/real_human_lumbar/expert_labels/URS16_R1_f0355.png,B,KU Leuven / Balgrist lumbar spine ultrasound,doi:10.48804/3XPCAE,10.1038/s41597-025-06047-9,KU Leuven (Robot-Assisted Surgery) + Balgrist University Hospital / University of Zurich,CC-BY-4.0,URS16,R1,RUS,robotic_perpendicular,355,US/URS16_R1/RUS/989.png,US/US_labels/URS16_R1.zip,"binary pixel mask, thin contour (MetaImage .mhd/.raw, zlib)","EXPERT-ANNOTATED VISIBLE BONE SURFACE (label value 2 of {1,2}). NOT a puncture target, entry point, trajectory, interspace choice or safety window.","one physician (publication author N.A.C.), who also acquired the handheld scans","physician; single annotator, so NO inter-rater agreement exists",label value 2 rendered white on black; flipped and cropped identically to the frame,"cropped to the live ultrasound sector, rows 150-960 cols 530-960 of the 1920x1080 screen capture; removes scanner UI, depth ruler and the burned-in study/date banner",none (native sector resolution 810x430),white on black,original,"yes, with attribution (CC-BY-4.0)","yes, with attribution","Cavalcanti NA et al. A large, paired dataset of robotic and handheld lumbar spine ultrasound with ground-truth CT benchmarking. KU Leuven RDR, doi:10.48804/3XPCAE. Licensed CC-BY-4.0.",quantile,"The source expert annotation, unmodified in content."
URS16_R1_f0355::overlay,visuals/ultrasound/real_human_lumbar/expert_overlays/URS16_R1_f0355.png,D,KU Leuven / Balgrist lumbar spine ultrasound,doi:10.48804/3XPCAE,10.1038/s41597-025-06047-9,KU Leuven (Robot-Assisted Surgery) + Balgrist University Hospital / University of Zurich,CC-BY-4.0,URS16,R1,RUS,robotic_perpendicular,355,US/URS16_R1/RUS/989.png,US/US_labels/URS16_R1.zip,"binary pixel mask, thin contour (MetaImage .mhd/.raw, zlib)","EXPERT-ANNOTATED VISIBLE BONE SURFACE (label value 2 of {1,2}). NOT a puncture target, entry point, trajectory, interspace choice or safety window.","one physician (publication author N.A.C.), who also acquired the handheld scans","physician; single annotator, so NO inter-rater agreement exists",expert mask dilated by 1 px for visibility and painted over the frame,"cropped to the live ultrasound sector, rows 150-960 cols 530-960 of the 1920x1080 screen capture; removes scanner UI, depth ruler and the burned-in study/date banner",none (native sector resolution 810x430),red = expert bone surface,derived,"yes, with attribution (CC-BY-4.0)","yes, with attribution","Cavalcanti NA et al. A large, paired dataset of robotic and handheld lumbar spine ultrasound with ground-truth CT benchmarking. KU Leuven RDR, doi:10.48804/3XPCAE. Licensed CC-BY-4.0.",quantile,Dilation is for display only; metrics never use the dilated mask.
URS16_R1_f0355::sidebyside,visuals/ultrasound/real_human_lumbar/side_by_side/URS16_R1_f0355.png,D,KU Leuven / Balgrist lumbar spine ultrasound,doi:10.48804/3XPCAE,10.1038/s41597-025-06047-9,KU Leuven (Robot-Assisted Surgery) + Balgrist University Hospital / University of Zurich,CC-BY-4.0,URS16,R1,RUS,robotic_perpendicular,355,US/URS16_R1/RUS/989.png,US/US_labels/URS16_R1.zip,"binary pixel mask, thin contour (MetaImage .mhd/.raw, zlib)","EXPERT-ANNOTATED VISIBLE BONE SURFACE (label value 2 of {1,2}). NOT a puncture target, entry point, trajectory, interspace choice or safety window.","one physician (publication author N.A.C.), who also acquired the handheld scans","physician; single annotator, so NO inter-rater agreement exists",three-panel composite: raw | expert label | overlay,"cropped to the live ultrasound sector, rows 150-960 cols 530-960 of the 1920x1080 screen capture; removes scanner UI, depth ruler and the burned-in study/date banner",none (native sector resolution 810x430),red = expert bone surface,derived,"yes, with attribution (CC-BY-4.0)","yes, with attribution","Cavalcanti NA et al. A large, paired dataset of robotic and handheld lumbar spine ultrasound with ground-truth CT benchmarking. KU Leuven RDR, doi:10.48804/3XPCAE. Licensed CC-BY-4.0.",quantile,
URS16_R1_f0253::raw,visuals/ultrasound/real_human_lumbar/raw/URS16_R1_f0253.png,A,KU Leuven / Balgrist lumbar spine ultrasound,doi:10.48804/3XPCAE,10.1038/s41597-025-06047-9,KU Leuven (Robot-Assisted Surgery) + Balgrist University Hospital / University of Zurich,CC-BY-4.0,URS16,R1,RUS,robotic_perpendicular,253,US/URS16_R1/RUS/1583.png,US/US_labels/URS16_R1.zip,"binary pixel mask, thin contour (MetaImage .mhd/.raw, zlib)","EXPERT-ANNOTATED VISIBLE BONE SURFACE (label value 2 of {1,2}). NOT a puncture target, entry point, trajectory, interspace choice or safety window.","one physician (publication author N.A.C.), who also acquired the handheld scans","physician; single annotator, so NO inter-rater agreement exists","decoded from MetaImage, flipped vertically (source is bottom-up), cropped","cropped to the live ultrasound sector, rows 150-960 cols 530-960 of the 1920x1080 screen capture; removes scanner UI, depth ruler and the burned-in study/date banner",none (native sector resolution 810x430),none (greyscale),original,"yes, with attribution (CC-BY-4.0)","yes, with attribution","Cavalcanti NA et al. A large, paired dataset of robotic and handheld lumbar spine ultrasound with ground-truth CT benchmarking. KU Leuven RDR, doi:10.48804/3XPCAE. Licensed CC-BY-4.0.",quantile,Real human in-vivo transcutaneous lumbar ultrasound frame.
URS16_R1_f0253::label,visuals/ultrasound/real_human_lumbar/expert_labels/URS16_R1_f0253.png,B,KU Leuven / Balgrist lumbar spine ultrasound,doi:10.48804/3XPCAE,10.1038/s41597-025-06047-9,KU Leuven (Robot-Assisted Surgery) + Balgrist University Hospital / University of Zurich,CC-BY-4.0,URS16,R1,RUS,robotic_perpendicular,253,US/URS16_R1/RUS/1583.png,US/US_labels/URS16_R1.zip,"binary pixel mask, thin contour (MetaImage .mhd/.raw, zlib)","EXPERT-ANNOTATED VISIBLE BONE SURFACE (label value 2 of {1,2}). NOT a puncture target, entry point, trajectory, interspace choice or safety window.","one physician (publication author N.A.C.), who also acquired the handheld scans","physician; single annotator, so NO inter-rater agreement exists",label value 2 rendered white on black; flipped and cropped identically to the frame,"cropped to the live ultrasound sector, rows 150-960 cols 530-960 of the 1920x1080 screen capture; removes scanner UI, depth ruler and the burned-in study/date banner",none (native sector resolution 810x430),white on black,original,"yes, with attribution (CC-BY-4.0)","yes, with attribution","Cavalcanti NA et al. A large, paired dataset of robotic and handheld lumbar spine ultrasound with ground-truth CT benchmarking. KU Leuven RDR, doi:10.48804/3XPCAE. Licensed CC-BY-4.0.",quantile,"The source expert annotation, unmodified in content."
URS16_R1_f0253::overlay,visuals/ultrasound/real_human_lumbar/expert_overlays/URS16_R1_f0253.png,D,KU Leuven / Balgrist lumbar spine ultrasound,doi:10.48804/3XPCAE,10.1038/s41597-025-06047-9,KU Leuven (Robot-Assisted Surgery) + Balgrist University Hospital / University of Zurich,CC-BY-4.0,URS16,R1,RUS,robotic_perpendicular,253,US/URS16_R1/RUS/1583.png,US/US_labels/URS16_R1.zip,"binary pixel mask, thin contour (MetaImage .mhd/.raw, zlib)","EXPERT-ANNOTATED VISIBLE BONE SURFACE (label value 2 of {1,2}). NOT a puncture target, entry point, trajectory, interspace choice or safety window.","one physician (publication author N.A.C.), who also acquired the handheld scans","physician; single annotator, so NO inter-rater agreement exists",expert mask dilated by 1 px for visibility and painted over the frame,"cropped to the live ultrasound sector, rows 150-960 cols 530-960 of the 1920x1080 screen capture; removes scanner UI, depth ruler and the burned-in study/date banner",none (native sector resolution 810x430),red = expert bone surface,derived,"yes, with attribution (CC-BY-4.0)","yes, with attribution","Cavalcanti NA et al. A large, paired dataset of robotic and handheld lumbar spine ultrasound with ground-truth CT benchmarking. KU Leuven RDR, doi:10.48804/3XPCAE. Licensed CC-BY-4.0.",quantile,Dilation is for display only; metrics never use the dilated mask.
URS16_R1_f0253::sidebyside,visuals/ultrasound/real_human_lumbar/side_by_side/URS16_R1_f0253.png,D,KU Leuven / Balgrist lumbar spine ultrasound,doi:10.48804/3XPCAE,10.1038/s41597-025-06047-9,KU Leuven (Robot-Assisted Surgery) + Balgrist University Hospital / University of Zurich,CC-BY-4.0,URS16,R1,RUS,robotic_perpendicular,253,US/URS16_R1/RUS/1583.png,US/US_labels/URS16_R1.zip,"binary pixel mask, thin contour (MetaImage .mhd/.raw, zlib)","EXPERT-ANNOTATED VISIBLE BONE SURFACE (label value 2 of {1,2}). NOT a puncture target, entry point, trajectory, interspace choice or safety window.","one physician (publication author N.A.C.), who also acquired the handheld scans","physician; single annotator, so NO inter-rater agreement exists",three-panel composite: raw | expert label | overlay,"cropped to the live ultrasound sector, rows 150-960 cols 530-960 of the 1920x1080 screen capture; removes scanner UI, depth ruler and the burned-in study/date banner",none (native sector resolution 810x430),red = expert bone surface,derived,"yes, with attribution (CC-BY-4.0)","yes, with attribution","Cavalcanti NA et al. A large, paired dataset of robotic and handheld lumbar spine ultrasound with ground-truth CT benchmarking. KU Leuven RDR, doi:10.48804/3XPCAE. Licensed CC-BY-4.0.",quantile,
URS16_R1_f0310::raw,visuals/ultrasound/real_human_lumbar/raw/URS16_R1_f0310.png,A,KU Leuven / Balgrist lumbar spine ultrasound,doi:10.48804/3XPCAE,10.1038/s41597-025-06047-9,KU Leuven (Robot-Assisted Surgery) + Balgrist University Hospital / University of Zurich,CC-BY-4.0,URS16,R1,RUS,robotic_perpendicular,310,US/URS16_R1/RUS/2170.png,US/US_labels/URS16_R1.zip,"binary pixel mask, thin contour (MetaImage .mhd/.raw, zlib)","EXPERT-ANNOTATED VISIBLE BONE SURFACE (label value 2 of {1,2}). NOT a puncture target, entry point, trajectory, interspace choice or safety window.","one physician (publication author N.A.C.), who also acquired the handheld scans","physician; single annotator, so NO inter-rater agreement exists","decoded from MetaImage, flipped vertically (source is bottom-up), cropped","cropped to the live ultrasound sector, rows 150-960 cols 530-960 of the 1920x1080 screen capture; removes scanner UI, depth ruler and the burned-in study/date banner",none (native sector resolution 810x430),none (greyscale),original,"yes, with attribution (CC-BY-4.0)","yes, with attribution","Cavalcanti NA et al. A large, paired dataset of robotic and handheld lumbar spine ultrasound with ground-truth CT benchmarking. KU Leuven RDR, doi:10.48804/3XPCAE. Licensed CC-BY-4.0.",expert_left_empty,Real human in-vivo transcutaneous lumbar ultrasound frame.
URS16_R1_f0310::label,visuals/ultrasound/real_human_lumbar/expert_labels/URS16_R1_f0310.png,B,KU Leuven / Balgrist lumbar spine ultrasound,doi:10.48804/3XPCAE,10.1038/s41597-025-06047-9,KU Leuven (Robot-Assisted Surgery) + Balgrist University Hospital / University of Zurich,CC-BY-4.0,URS16,R1,RUS,robotic_perpendicular,310,US/URS16_R1/RUS/2170.png,US/US_labels/URS16_R1.zip,"binary pixel mask, thin contour (MetaImage .mhd/.raw, zlib)","EXPERT-ANNOTATED VISIBLE BONE SURFACE (label value 2 of {1,2}). NOT a puncture target, entry point, trajectory, interspace choice or safety window.","one physician (publication author N.A.C.), who also acquired the handheld scans","physician; single annotator, so NO inter-rater agreement exists",label value 2 rendered white on black; flipped and cropped identically to the frame,"cropped to the live ultrasound sector, rows 150-960 cols 530-960 of the 1920x1080 screen capture; removes scanner UI, depth ruler and the burned-in study/date banner",none (native sector resolution 810x430),white on black,original,"yes, with attribution (CC-BY-4.0)","yes, with attribution","Cavalcanti NA et al. A large, paired dataset of robotic and handheld lumbar spine ultrasound with ground-truth CT benchmarking. KU Leuven RDR, doi:10.48804/3XPCAE. Licensed CC-BY-4.0.",expert_left_empty,"The source expert annotation, unmodified in content."
URS16_R1_f0310::overlay,visuals/ultrasound/real_human_lumbar/expert_overlays/URS16_R1_f0310.png,D,KU Leuven / Balgrist lumbar spine ultrasound,doi:10.48804/3XPCAE,10.1038/s41597-025-06047-9,KU Leuven (Robot-Assisted Surgery) + Balgrist University Hospital / University of Zurich,CC-BY-4.0,URS16,R1,RUS,robotic_perpendicular,310,US/URS16_R1/RUS/2170.png,US/US_labels/URS16_R1.zip,"binary pixel mask, thin contour (MetaImage .mhd/.raw, zlib)","EXPERT-ANNOTATED VISIBLE BONE SURFACE (label value 2 of {1,2}). NOT a puncture target, entry point, trajectory, interspace choice or safety window.","one physician (publication author N.A.C.), who also acquired the handheld scans","physician; single annotator, so NO inter-rater agreement exists",expert mask dilated by 1 px for visibility and painted over the frame,"cropped to the live ultrasound sector, rows 150-960 cols 530-960 of the 1920x1080 screen capture; removes scanner UI, depth ruler and the burned-in study/date banner",none (native sector resolution 810x430),red = expert bone surface,derived,"yes, with attribution (CC-BY-4.0)","yes, with attribution","Cavalcanti NA et al. A large, paired dataset of robotic and handheld lumbar spine ultrasound with ground-truth CT benchmarking. KU Leuven RDR, doi:10.48804/3XPCAE. Licensed CC-BY-4.0.",expert_left_empty,Dilation is for display only; metrics never use the dilated mask.
URS16_R1_f0310::sidebyside,visuals/ultrasound/real_human_lumbar/side_by_side/URS16_R1_f0310.png,D,KU Leuven / Balgrist lumbar spine ultrasound,doi:10.48804/3XPCAE,10.1038/s41597-025-06047-9,KU Leuven (Robot-Assisted Surgery) + Balgrist University Hospital / University of Zurich,CC-BY-4.0,URS16,R1,RUS,robotic_perpendicular,310,US/URS16_R1/RUS/2170.png,US/US_labels/URS16_R1.zip,"binary pixel mask, thin contour (MetaImage .mhd/.raw, zlib)","EXPERT-ANNOTATED VISIBLE BONE SURFACE (label value 2 of {1,2}). NOT a puncture target, entry point, trajectory, interspace choice or safety window.","one physician (publication author N.A.C.), who also acquired the handheld scans","physician; single annotator, so NO inter-rater agreement exists",three-panel composite: raw | expert label | overlay,"cropped to the live ultrasound sector, rows 150-960 cols 530-960 of the 1920x1080 screen capture; removes scanner UI, depth ruler and the burned-in study/date banner",none (native sector resolution 810x430),red = expert bone surface,derived,"yes, with attribution (CC-BY-4.0)","yes, with attribution","Cavalcanti NA et al. A large, paired dataset of robotic and handheld lumbar spine ultrasound with ground-truth CT benchmarking. KU Leuven RDR, doi:10.48804/3XPCAE. Licensed CC-BY-4.0.",expert_left_empty,
URS26_H3_f0279::raw,visuals/ultrasound/real_human_lumbar/raw/URS26_H3_f0279.png,A,KU Leuven / Balgrist lumbar spine ultrasound,doi:10.48804/3XPCAE,10.1038/s41597-025-06047-9,KU Leuven (Robot-Assisted Surgery) + Balgrist University Hospital / University of Zurich,CC-BY-4.0,URS26,H3,HUS,handheld,279,US/URS26_H3/HUS/538.png,US/US_labels/URS26_H3.zip,"binary pixel mask, thin contour (MetaImage .mhd/.raw, zlib)","EXPERT-ANNOTATED VISIBLE BONE SURFACE (label value 2 of {1,2}). NOT a puncture target, entry point, trajectory, interspace choice or safety window.","one physician (publication author N.A.C.), who also acquired the handheld scans","physician; single annotator, so NO inter-rater agreement exists","decoded from MetaImage, flipped vertically (source is bottom-up), cropped","cropped to the live ultrasound sector, rows 150-960 cols 530-960 of the 1920x1080 screen capture; removes scanner UI, depth ruler and the burned-in study/date banner",none (native sector resolution 810x430),none (greyscale),original,"yes, with attribution (CC-BY-4.0)","yes, with attribution","Cavalcanti NA et al. A large, paired dataset of robotic and handheld lumbar spine ultrasound with ground-truth CT benchmarking. KU Leuven RDR, doi:10.48804/3XPCAE. Licensed CC-BY-4.0.",quantile,Real human in-vivo transcutaneous lumbar ultrasound frame.
URS26_H3_f0279::label,visuals/ultrasound/real_human_lumbar/expert_labels/URS26_H3_f0279.png,B,KU Leuven / Balgrist lumbar spine ultrasound,doi:10.48804/3XPCAE,10.1038/s41597-025-06047-9,KU Leuven (Robot-Assisted Surgery) + Balgrist University Hospital / University of Zurich,CC-BY-4.0,URS26,H3,HUS,handheld,279,US/URS26_H3/HUS/538.png,US/US_labels/URS26_H3.zip,"binary pixel mask, thin contour (MetaImage .mhd/.raw, zlib)","EXPERT-ANNOTATED VISIBLE BONE SURFACE (label value 2 of {1,2}). NOT a puncture target, entry point, trajectory, interspace choice or safety window.","one physician (publication author N.A.C.), who also acquired the handheld scans","physician; single annotator, so NO inter-rater agreement exists",label value 2 rendered white on black; flipped and cropped identically to the frame,"cropped to the live ultrasound sector, rows 150-960 cols 530-960 of the 1920x1080 screen capture; removes scanner UI, depth ruler and the burned-in study/date banner",none (native sector resolution 810x430),white on black,original,"yes, with attribution (CC-BY-4.0)","yes, with attribution","Cavalcanti NA et al. A large, paired dataset of robotic and handheld lumbar spine ultrasound with ground-truth CT benchmarking. KU Leuven RDR, doi:10.48804/3XPCAE. Licensed CC-BY-4.0.",quantile,"The source expert annotation, unmodified in content."
URS26_H3_f0279::overlay,visuals/ultrasound/real_human_lumbar/expert_overlays/URS26_H3_f0279.png,D,KU Leuven / Balgrist lumbar spine ultrasound,doi:10.48804/3XPCAE,10.1038/s41597-025-06047-9,KU Leuven (Robot-Assisted Surgery) + Balgrist University Hospital / University of Zurich,CC-BY-4.0,URS26,H3,HUS,handheld,279,US/URS26_H3/HUS/538.png,US/US_labels/URS26_H3.zip,"binary pixel mask, thin contour (MetaImage .mhd/.raw, zlib)","EXPERT-ANNOTATED VISIBLE BONE SURFACE (label value 2 of {1,2}). NOT a puncture target, entry point, trajectory, interspace choice or safety window.","one physician (publication author N.A.C.), who also acquired the handheld scans","physician; single annotator, so NO inter-rater agreement exists",expert mask dilated by 1 px for visibility and painted over the frame,"cropped to the live ultrasound sector, rows 150-960 cols 530-960 of the 1920x1080 screen capture; removes scanner UI, depth ruler and the burned-in study/date banner",none (native sector resolution 810x430),red = expert bone surface,derived,"yes, with attribution (CC-BY-4.0)","yes, with attribution","Cavalcanti NA et al. A large, paired dataset of robotic and handheld lumbar spine ultrasound with ground-truth CT benchmarking. KU Leuven RDR, doi:10.48804/3XPCAE. Licensed CC-BY-4.0.",quantile,Dilation is for display only; metrics never use the dilated mask.
URS26_H3_f0279::sidebyside,visuals/ultrasound/real_human_lumbar/side_by_side/URS26_H3_f0279.png,D,KU Leuven / Balgrist lumbar spine ultrasound,doi:10.48804/3XPCAE,10.1038/s41597-025-06047-9,KU Leuven (Robot-Assisted Surgery) + Balgrist University Hospital / University of Zurich,CC-BY-4.0,URS26,H3,HUS,handheld,279,US/URS26_H3/HUS/538.png,US/US_labels/URS26_H3.zip,"binary pixel mask, thin contour (MetaImage .mhd/.raw, zlib)","EXPERT-ANNOTATED VISIBLE BONE SURFACE (label value 2 of {1,2}). NOT a puncture target, entry point, trajectory, interspace choice or safety window.","one physician (publication author N.A.C.), who also acquired the handheld scans","physician; single annotator, so NO inter-rater agreement exists",three-panel composite: raw | expert label | overlay,"cropped to the live ultrasound sector, rows 150-960 cols 530-960 of the 1920x1080 screen capture; removes scanner UI, depth ruler and the burned-in study/date banner",none (native sector resolution 810x430),red = expert bone surface,derived,"yes, with attribution (CC-BY-4.0)","yes, with attribution","Cavalcanti NA et al. A large, paired dataset of robotic and handheld lumbar spine ultrasound with ground-truth CT benchmarking. KU Leuven RDR, doi:10.48804/3XPCAE. Licensed CC-BY-4.0.",quantile,
URS26_H3_f0043::raw,visuals/ultrasound/real_human_lumbar/raw/URS26_H3_f0043.png,A,KU Leuven / Balgrist lumbar spine ultrasound,doi:10.48804/3XPCAE,10.1038/s41597-025-06047-9,KU Leuven (Robot-Assisted Surgery) + Balgrist University Hospital / University of Zurich,CC-BY-4.0,URS26,H3,HUS,handheld,43,US/URS26_H3/HUS/1410.png,US/US_labels/URS26_H3.zip,"binary pixel mask, thin contour (MetaImage .mhd/.raw, zlib)","EXPERT-ANNOTATED VISIBLE BONE SURFACE (label value 2 of {1,2}). NOT a puncture target, entry point, trajectory, interspace choice or safety window.","one physician (publication author N.A.C.), who also acquired the handheld scans","physician; single annotator, so NO inter-rater agreement exists","decoded from MetaImage, flipped vertically (source is bottom-up), cropped","cropped to the live ultrasound sector, rows 150-960 cols 530-960 of the 1920x1080 screen capture; removes scanner UI, depth ruler and the burned-in study/date banner",none (native sector resolution 810x430),none (greyscale),original,"yes, with attribution (CC-BY-4.0)","yes, with attribution","Cavalcanti NA et al. A large, paired dataset of robotic and handheld lumbar spine ultrasound with ground-truth CT benchmarking. KU Leuven RDR, doi:10.48804/3XPCAE. Licensed CC-BY-4.0.",quantile,Real human in-vivo transcutaneous lumbar ultrasound frame.
URS26_H3_f0043::label,visuals/ultrasound/real_human_lumbar/expert_labels/URS26_H3_f0043.png,B,KU Leuven / Balgrist lumbar spine ultrasound,doi:10.48804/3XPCAE,10.1038/s41597-025-06047-9,KU Leuven (Robot-Assisted Surgery) + Balgrist University Hospital / University of Zurich,CC-BY-4.0,URS26,H3,HUS,handheld,43,US/URS26_H3/HUS/1410.png,US/US_labels/URS26_H3.zip,"binary pixel mask, thin contour (MetaImage .mhd/.raw, zlib)","EXPERT-ANNOTATED VISIBLE BONE SURFACE (label value 2 of {1,2}). NOT a puncture target, entry point, trajectory, interspace choice or safety window.","one physician (publication author N.A.C.), who also acquired the handheld scans","physician; single annotator, so NO inter-rater agreement exists",label value 2 rendered white on black; flipped and cropped identically to the frame,"cropped to the live ultrasound sector, rows 150-960 cols 530-960 of the 1920x1080 screen capture; removes scanner UI, depth ruler and the burned-in study/date banner",none (native sector resolution 810x430),white on black,original,"yes, with attribution (CC-BY-4.0)","yes, with attribution","Cavalcanti NA et al. A large, paired dataset of robotic and handheld lumbar spine ultrasound with ground-truth CT benchmarking. KU Leuven RDR, doi:10.48804/3XPCAE. Licensed CC-BY-4.0.",quantile,"The source expert annotation, unmodified in content."
URS26_H3_f0043::overlay,visuals/ultrasound/real_human_lumbar/expert_overlays/URS26_H3_f0043.png,D,KU Leuven / Balgrist lumbar spine ultrasound,doi:10.48804/3XPCAE,10.1038/s41597-025-06047-9,KU Leuven (Robot-Assisted Surgery) + Balgrist University Hospital / University of Zurich,CC-BY-4.0,URS26,H3,HUS,handheld,43,US/URS26_H3/HUS/1410.png,US/US_labels/URS26_H3.zip,"binary pixel mask, thin contour (MetaImage .mhd/.raw, zlib)","EXPERT-ANNOTATED VISIBLE BONE SURFACE (label value 2 of {1,2}). NOT a puncture target, entry point, trajectory, interspace choice or safety window.","one physician (publication author N.A.C.), who also acquired the handheld scans","physician; single annotator, so NO inter-rater agreement exists",expert mask dilated by 1 px for visibility and painted over the frame,"cropped to the live ultrasound sector, rows 150-960 cols 530-960 of the 1920x1080 screen capture; removes scanner UI, depth ruler and the burned-in study/date banner",none (native sector resolution 810x430),red = expert bone surface,derived,"yes, with attribution (CC-BY-4.0)","yes, with attribution","Cavalcanti NA et al. A large, paired dataset of robotic and handheld lumbar spine ultrasound with ground-truth CT benchmarking. KU Leuven RDR, doi:10.48804/3XPCAE. Licensed CC-BY-4.0.",quantile,Dilation is for display only; metrics never use the dilated mask.
URS26_H3_f0043::sidebyside,visuals/ultrasound/real_human_lumbar/side_by_side/URS26_H3_f0043.png,D,KU Leuven / Balgrist lumbar spine ultrasound,doi:10.48804/3XPCAE,10.1038/s41597-025-06047-9,KU Leuven (Robot-Assisted Surgery) + Balgrist University Hospital / University of Zurich,CC-BY-4.0,URS26,H3,HUS,handheld,43,US/URS26_H3/HUS/1410.png,US/US_labels/URS26_H3.zip,"binary pixel mask, thin contour (MetaImage .mhd/.raw, zlib)","EXPERT-ANNOTATED VISIBLE BONE SURFACE (label value 2 of {1,2}). NOT a puncture target, entry point, trajectory, interspace choice or safety window.","one physician (publication author N.A.C.), who also acquired the handheld scans","physician; single annotator, so NO inter-rater agreement exists",three-panel composite: raw | expert label | overlay,"cropped to the live ultrasound sector, rows 150-960 cols 530-960 of the 1920x1080 screen capture; removes scanner UI, depth ruler and the burned-in study/date banner",none (native sector resolution 810x430),red = expert bone surface,derived,"yes, with attribution (CC-BY-4.0)","yes, with attribution","Cavalcanti NA et al. A large, paired dataset of robotic and handheld lumbar spine ultrasound with ground-truth CT benchmarking. KU Leuven RDR, doi:10.48804/3XPCAE. Licensed CC-BY-4.0.",quantile,
URS26_H3_f0242::raw,visuals/ultrasound/real_human_lumbar/raw/URS26_H3_f0242.png,A,KU Leuven / Balgrist lumbar spine ultrasound,doi:10.48804/3XPCAE,10.1038/s41597-025-06047-9,KU Leuven (Robot-Assisted Surgery) + Balgrist University Hospital / University of Zurich,CC-BY-4.0,URS26,H3,HUS,handheld,242,US/URS26_H3/HUS/440.png,US/US_labels/URS26_H3.zip,"binary pixel mask, thin contour (MetaImage .mhd/.raw, zlib)","EXPERT-ANNOTATED VISIBLE BONE SURFACE (label value 2 of {1,2}). NOT a puncture target, entry point, trajectory, interspace choice or safety window.","one physician (publication author N.A.C.), who also acquired the handheld scans","physician; single annotator, so NO inter-rater agreement exists","decoded from MetaImage, flipped vertically (source is bottom-up), cropped","cropped to the live ultrasound sector, rows 150-960 cols 530-960 of the 1920x1080 screen capture; removes scanner UI, depth ruler and the burned-in study/date banner",none (native sector resolution 810x430),none (greyscale),original,"yes, with attribution (CC-BY-4.0)","yes, with attribution","Cavalcanti NA et al. A large, paired dataset of robotic and handheld lumbar spine ultrasound with ground-truth CT benchmarking. KU Leuven RDR, doi:10.48804/3XPCAE. Licensed CC-BY-4.0.",quantile,Real human in-vivo transcutaneous lumbar ultrasound frame.
URS26_H3_f0242::label,visuals/ultrasound/real_human_lumbar/expert_labels/URS26_H3_f0242.png,B,KU Leuven / Balgrist lumbar spine ultrasound,doi:10.48804/3XPCAE,10.1038/s41597-025-06047-9,KU Leuven (Robot-Assisted Surgery) + Balgrist University Hospital / University of Zurich,CC-BY-4.0,URS26,H3,HUS,handheld,242,US/URS26_H3/HUS/440.png,US/US_labels/URS26_H3.zip,"binary pixel mask, thin contour (MetaImage .mhd/.raw, zlib)","EXPERT-ANNOTATED VISIBLE BONE SURFACE (label value 2 of {1,2}). NOT a puncture target, entry point, trajectory, interspace choice or safety window.","one physician (publication author N.A.C.), who also acquired the handheld scans","physician; single annotator, so NO inter-rater agreement exists",label value 2 rendered white on black; flipped and cropped identically to the frame,"cropped to the live ultrasound sector, rows 150-960 cols 530-960 of the 1920x1080 screen capture; removes scanner UI, depth ruler and the burned-in study/date banner",none (native sector resolution 810x430),white on black,original,"yes, with attribution (CC-BY-4.0)","yes, with attribution","Cavalcanti NA et al. A large, paired dataset of robotic and handheld lumbar spine ultrasound with ground-truth CT benchmarking. KU Leuven RDR, doi:10.48804/3XPCAE. Licensed CC-BY-4.0.",quantile,"The source expert annotation, unmodified in content."
URS26_H3_f0242::overlay,visuals/ultrasound/real_human_lumbar/expert_overlays/URS26_H3_f0242.png,D,KU Leuven / Balgrist lumbar spine ultrasound,doi:10.48804/3XPCAE,10.1038/s41597-025-06047-9,KU Leuven (Robot-Assisted Surgery) + Balgrist University Hospital / University of Zurich,CC-BY-4.0,URS26,H3,HUS,handheld,242,US/URS26_H3/HUS/440.png,US/US_labels/URS26_H3.zip,"binary pixel mask, thin contour (MetaImage .mhd/.raw, zlib)","EXPERT-ANNOTATED VISIBLE BONE SURFACE (label value 2 of {1,2}). NOT a puncture target, entry point, trajectory, interspace choice or safety window.","one physician (publication author N.A.C.), who also acquired the handheld scans","physician; single annotator, so NO inter-rater agreement exists",expert mask dilated by 1 px for visibility and painted over the frame,"cropped to the live ultrasound sector, rows 150-960 cols 530-960 of the 1920x1080 screen capture; removes scanner UI, depth ruler and the burned-in study/date banner",none (native sector resolution 810x430),red = expert bone surface,derived,"yes, with attribution (CC-BY-4.0)","yes, with attribution","Cavalcanti NA et al. A large, paired dataset of robotic and handheld lumbar spine ultrasound with ground-truth CT benchmarking. KU Leuven RDR, doi:10.48804/3XPCAE. Licensed CC-BY-4.0.",quantile,Dilation is for display only; metrics never use the dilated mask.
URS26_H3_f0242::sidebyside,visuals/ultrasound/real_human_lumbar/side_by_side/URS26_H3_f0242.png,D,KU Leuven / Balgrist lumbar spine ultrasound,doi:10.48804/3XPCAE,10.1038/s41597-025-06047-9,KU Leuven (Robot-Assisted Surgery) + Balgrist University Hospital / University of Zurich,CC-BY-4.0,URS26,H3,HUS,handheld,242,US/URS26_H3/HUS/440.png,US/US_labels/URS26_H3.zip,"binary pixel mask, thin contour (MetaImage .mhd/.raw, zlib)","EXPERT-ANNOTATED VISIBLE BONE SURFACE (label value 2 of {1,2}). NOT a puncture target, entry point, trajectory, interspace choice or safety window.","one physician (publication author N.A.C.), who also acquired the handheld scans","physician; single annotator, so NO inter-rater agreement exists",three-panel composite: raw | expert label | overlay,"cropped to the live ultrasound sector, rows 150-960 cols 530-960 of the 1920x1080 screen capture; removes scanner UI, depth ruler and the burned-in study/date banner",none (native sector resolution 810x430),red = expert bone surface,derived,"yes, with attribution (CC-BY-4.0)","yes, with attribution","Cavalcanti NA et al. A large, paired dataset of robotic and handheld lumbar spine ultrasound with ground-truth CT benchmarking. KU Leuven RDR, doi:10.48804/3XPCAE. Licensed CC-BY-4.0.",quantile,
URS26_H3_f0203::raw,visuals/ultrasound/real_human_lumbar/raw/URS26_H3_f0203.png,A,KU Leuven / Balgrist lumbar spine ultrasound,doi:10.48804/3XPCAE,10.1038/s41597-025-06047-9,KU Leuven (Robot-Assisted Surgery) + Balgrist University Hospital / University of Zurich,CC-BY-4.0,URS26,H3,HUS,handheld,203,US/URS26_H3/HUS/2233.png,US/US_labels/URS26_H3.zip,"binary pixel mask, thin contour (MetaImage .mhd/.raw, zlib)","EXPERT-ANNOTATED VISIBLE BONE SURFACE (label value 2 of {1,2}). NOT a puncture target, entry point, trajectory, interspace choice or safety window.","one physician (publication author N.A.C.), who also acquired the handheld scans","physician; single annotator, so NO inter-rater agreement exists","decoded from MetaImage, flipped vertically (source is bottom-up), cropped","cropped to the live ultrasound sector, rows 150-960 cols 530-960 of the 1920x1080 screen capture; removes scanner UI, depth ruler and the burned-in study/date banner",none (native sector resolution 810x430),none (greyscale),original,"yes, with attribution (CC-BY-4.0)","yes, with attribution","Cavalcanti NA et al. A large, paired dataset of robotic and handheld lumbar spine ultrasound with ground-truth CT benchmarking. KU Leuven RDR, doi:10.48804/3XPCAE. Licensed CC-BY-4.0.",quantile,Real human in-vivo transcutaneous lumbar ultrasound frame.
URS26_H3_f0203::label,visuals/ultrasound/real_human_lumbar/expert_labels/URS26_H3_f0203.png,B,KU Leuven / Balgrist lumbar spine ultrasound,doi:10.48804/3XPCAE,10.1038/s41597-025-06047-9,KU Leuven (Robot-Assisted Surgery) + Balgrist University Hospital / University of Zurich,CC-BY-4.0,URS26,H3,HUS,handheld,203,US/URS26_H3/HUS/2233.png,US/US_labels/URS26_H3.zip,"binary pixel mask, thin contour (MetaImage .mhd/.raw, zlib)","EXPERT-ANNOTATED VISIBLE BONE SURFACE (label value 2 of {1,2}). NOT a puncture target, entry point, trajectory, interspace choice or safety window.","one physician (publication author N.A.C.), who also acquired the handheld scans","physician; single annotator, so NO inter-rater agreement exists",label value 2 rendered white on black; flipped and cropped identically to the frame,"cropped to the live ultrasound sector, rows 150-960 cols 530-960 of the 1920x1080 screen capture; removes scanner UI, depth ruler and the burned-in study/date banner",none (native sector resolution 810x430),white on black,original,"yes, with attribution (CC-BY-4.0)","yes, with attribution","Cavalcanti NA et al. A large, paired dataset of robotic and handheld lumbar spine ultrasound with ground-truth CT benchmarking. KU Leuven RDR, doi:10.48804/3XPCAE. Licensed CC-BY-4.0.",quantile,"The source expert annotation, unmodified in content."
URS26_H3_f0203::overlay,visuals/ultrasound/real_human_lumbar/expert_overlays/URS26_H3_f0203.png,D,KU Leuven / Balgrist lumbar spine ultrasound,doi:10.48804/3XPCAE,10.1038/s41597-025-06047-9,KU Leuven (Robot-Assisted Surgery) + Balgrist University Hospital / University of Zurich,CC-BY-4.0,URS26,H3,HUS,handheld,203,US/URS26_H3/HUS/2233.png,US/US_labels/URS26_H3.zip,"binary pixel mask, thin contour (MetaImage .mhd/.raw, zlib)","EXPERT-ANNOTATED VISIBLE BONE SURFACE (label value 2 of {1,2}). NOT a puncture target, entry point, trajectory, interspace choice or safety window.","one physician (publication author N.A.C.), who also acquired the handheld scans","physician; single annotator, so NO inter-rater agreement exists",expert mask dilated by 1 px for visibility and painted over the frame,"cropped to the live ultrasound sector, rows 150-960 cols 530-960 of the 1920x1080 screen capture; removes scanner UI, depth ruler and the burned-in study/date banner",none (native sector resolution 810x430),red = expert bone surface,derived,"yes, with attribution (CC-BY-4.0)","yes, with attribution","Cavalcanti NA et al. A large, paired dataset of robotic and handheld lumbar spine ultrasound with ground-truth CT benchmarking. KU Leuven RDR, doi:10.48804/3XPCAE. Licensed CC-BY-4.0.",quantile,Dilation is for display only; metrics never use the dilated mask.
URS26_H3_f0203::sidebyside,visuals/ultrasound/real_human_lumbar/side_by_side/URS26_H3_f0203.png,D,KU Leuven / Balgrist lumbar spine ultrasound,doi:10.48804/3XPCAE,10.1038/s41597-025-06047-9,KU Leuven (Robot-Assisted Surgery) + Balgrist University Hospital / University of Zurich,CC-BY-4.0,URS26,H3,HUS,handheld,203,US/URS26_H3/HUS/2233.png,US/US_labels/URS26_H3.zip,"binary pixel mask, thin contour (MetaImage .mhd/.raw, zlib)","EXPERT-ANNOTATED VISIBLE BONE SURFACE (label value 2 of {1,2}). NOT a puncture target, entry point, trajectory, interspace choice or safety window.","one physician (publication author N.A.C.), who also acquired the handheld scans","physician; single annotator, so NO inter-rater agreement exists",three-panel composite: raw | expert label | overlay,"cropped to the live ultrasound sector, rows 150-960 cols 530-960 of the 1920x1080 screen capture; removes scanner UI, depth ruler and the burned-in study/date banner",none (native sector resolution 810x430),red = expert bone surface,derived,"yes, with attribution (CC-BY-4.0)","yes, with attribution","Cavalcanti NA et al. A large, paired dataset of robotic and handheld lumbar spine ultrasound with ground-truth CT benchmarking. KU Leuven RDR, doi:10.48804/3XPCAE. Licensed CC-BY-4.0.",quantile,
URS26_H3_f0184::raw,visuals/ultrasound/real_human_lumbar/raw/URS26_H3_f0184.png,A,KU Leuven / Balgrist lumbar spine ultrasound,doi:10.48804/3XPCAE,10.1038/s41597-025-06047-9,KU Leuven (Robot-Assisted Surgery) + Balgrist University Hospital / University of Zurich,CC-BY-4.0,URS26,H3,HUS,handheld,184,US/URS26_H3/HUS/1931.png,US/US_labels/URS26_H3.zip,"binary pixel mask, thin contour (MetaImage .mhd/.raw, zlib)","EXPERT-ANNOTATED VISIBLE BONE SURFACE (label value 2 of {1,2}). NOT a puncture target, entry point, trajectory, interspace choice or safety window.","one physician (publication author N.A.C.), who also acquired the handheld scans","physician; single annotator, so NO inter-rater agreement exists","decoded from MetaImage, flipped vertically (source is bottom-up), cropped","cropped to the live ultrasound sector, rows 150-960 cols 530-960 of the 1920x1080 screen capture; removes scanner UI, depth ruler and the burned-in study/date banner",none (native sector resolution 810x430),none (greyscale),original,"yes, with attribution (CC-BY-4.0)","yes, with attribution","Cavalcanti NA et al. A large, paired dataset of robotic and handheld lumbar spine ultrasound with ground-truth CT benchmarking. KU Leuven RDR, doi:10.48804/3XPCAE. Licensed CC-BY-4.0.",expert_left_empty,Real human in-vivo transcutaneous lumbar ultrasound frame.
URS26_H3_f0184::label,visuals/ultrasound/real_human_lumbar/expert_labels/URS26_H3_f0184.png,B,KU Leuven / Balgrist lumbar spine ultrasound,doi:10.48804/3XPCAE,10.1038/s41597-025-06047-9,KU Leuven (Robot-Assisted Surgery) + Balgrist University Hospital / University of Zurich,CC-BY-4.0,URS26,H3,HUS,handheld,184,US/URS26_H3/HUS/1931.png,US/US_labels/URS26_H3.zip,"binary pixel mask, thin contour (MetaImage .mhd/.raw, zlib)","EXPERT-ANNOTATED VISIBLE BONE SURFACE (label value 2 of {1,2}). NOT a puncture target, entry point, trajectory, interspace choice or safety window.","one physician (publication author N.A.C.), who also acquired the handheld scans","physician; single annotator, so NO inter-rater agreement exists",label value 2 rendered white on black; flipped and cropped identically to the frame,"cropped to the live ultrasound sector, rows 150-960 cols 530-960 of the 1920x1080 screen capture; removes scanner UI, depth ruler and the burned-in study/date banner",none (native sector resolution 810x430),white on black,original,"yes, with attribution (CC-BY-4.0)","yes, with attribution","Cavalcanti NA et al. A large, paired dataset of robotic and handheld lumbar spine ultrasound with ground-truth CT benchmarking. KU Leuven RDR, doi:10.48804/3XPCAE. Licensed CC-BY-4.0.",expert_left_empty,"The source expert annotation, unmodified in content."
URS26_H3_f0184::overlay,visuals/ultrasound/real_human_lumbar/expert_overlays/URS26_H3_f0184.png,D,KU Leuven / Balgrist lumbar spine ultrasound,doi:10.48804/3XPCAE,10.1038/s41597-025-06047-9,KU Leuven (Robot-Assisted Surgery) + Balgrist University Hospital / University of Zurich,CC-BY-4.0,URS26,H3,HUS,handheld,184,US/URS26_H3/HUS/1931.png,US/US_labels/URS26_H3.zip,"binary pixel mask, thin contour (MetaImage .mhd/.raw, zlib)","EXPERT-ANNOTATED VISIBLE BONE SURFACE (label value 2 of {1,2}). NOT a puncture target, entry point, trajectory, interspace choice or safety window.","one physician (publication author N.A.C.), who also acquired the handheld scans","physician; single annotator, so NO inter-rater agreement exists",expert mask dilated by 1 px for visibility and painted over the frame,"cropped to the live ultrasound sector, rows 150-960 cols 530-960 of the 1920x1080 screen capture; removes scanner UI, depth ruler and the burned-in study/date banner",none (native sector resolution 810x430),red = expert bone surface,derived,"yes, with attribution (CC-BY-4.0)","yes, with attribution","Cavalcanti NA et al. A large, paired dataset of robotic and handheld lumbar spine ultrasound with ground-truth CT benchmarking. KU Leuven RDR, doi:10.48804/3XPCAE. Licensed CC-BY-4.0.",expert_left_empty,Dilation is for display only; metrics never use the dilated mask.
URS26_H3_f0184::sidebyside,visuals/ultrasound/real_human_lumbar/side_by_side/URS26_H3_f0184.png,D,KU Leuven / Balgrist lumbar spine ultrasound,doi:10.48804/3XPCAE,10.1038/s41597-025-06047-9,KU Leuven (Robot-Assisted Surgery) + Balgrist University Hospital / University of Zurich,CC-BY-4.0,URS26,H3,HUS,handheld,184,US/URS26_H3/HUS/1931.png,US/US_labels/URS26_H3.zip,"binary pixel mask, thin contour (MetaImage .mhd/.raw, zlib)","EXPERT-ANNOTATED VISIBLE BONE SURFACE (label value 2 of {1,2}). NOT a puncture target, entry point, trajectory, interspace choice or safety window.","one physician (publication author N.A.C.), who also acquired the handheld scans","physician; single annotator, so NO inter-rater agreement exists",three-panel composite: raw | expert label | overlay,"cropped to the live ultrasound sector, rows 150-960 cols 530-960 of the 1920x1080 screen capture; removes scanner UI, depth ruler and the burned-in study/date banner",none (native sector resolution 810x430),red = expert bone surface,derived,"yes, with attribution (CC-BY-4.0)","yes, with attribution","Cavalcanti NA et al. A large, paired dataset of robotic and handheld lumbar spine ultrasound with ground-truth CT benchmarking. KU Leuven RDR, doi:10.48804/3XPCAE. Licensed CC-BY-4.0.",expert_left_empty,
URS26_R1_f0118::raw,visuals/ultrasound/real_human_lumbar/raw/URS26_R1_f0118.png,A,KU Leuven / Balgrist lumbar spine ultrasound,doi:10.48804/3XPCAE,10.1038/s41597-025-06047-9,KU Leuven (Robot-Assisted Surgery) + Balgrist University Hospital / University of Zurich,CC-BY-4.0,URS26,R1,RUS,robotic_perpendicular,118,US/URS26_R1/RUS/2401.png,US/US_labels/URS26_R1.zip,"binary pixel mask, thin contour (MetaImage .mhd/.raw, zlib)","EXPERT-ANNOTATED VISIBLE BONE SURFACE (label value 2 of {1,2}). NOT a puncture target, entry point, trajectory, interspace choice or safety window.","one physician (publication author N.A.C.), who also acquired the handheld scans","physician; single annotator, so NO inter-rater agreement exists","decoded from MetaImage, flipped vertically (source is bottom-up), cropped","cropped to the live ultrasound sector, rows 150-960 cols 530-960 of the 1920x1080 screen capture; removes scanner UI, depth ruler and the burned-in study/date banner",none (native sector resolution 810x430),none (greyscale),original,"yes, with attribution (CC-BY-4.0)","yes, with attribution","Cavalcanti NA et al. A large, paired dataset of robotic and handheld lumbar spine ultrasound with ground-truth CT benchmarking. KU Leuven RDR, doi:10.48804/3XPCAE. Licensed CC-BY-4.0.",quantile,Real human in-vivo transcutaneous lumbar ultrasound frame.
URS26_R1_f0118::label,visuals/ultrasound/real_human_lumbar/expert_labels/URS26_R1_f0118.png,B,KU Leuven / Balgrist lumbar spine ultrasound,doi:10.48804/3XPCAE,10.1038/s41597-025-06047-9,KU Leuven (Robot-Assisted Surgery) + Balgrist University Hospital / University of Zurich,CC-BY-4.0,URS26,R1,RUS,robotic_perpendicular,118,US/URS26_R1/RUS/2401.png,US/US_labels/URS26_R1.zip,"binary pixel mask, thin contour (MetaImage .mhd/.raw, zlib)","EXPERT-ANNOTATED VISIBLE BONE SURFACE (label value 2 of {1,2}). NOT a puncture target, entry point, trajectory, interspace choice or safety window.","one physician (publication author N.A.C.), who also acquired the handheld scans","physician; single annotator, so NO inter-rater agreement exists",label value 2 rendered white on black; flipped and cropped identically to the frame,"cropped to the live ultrasound sector, rows 150-960 cols 530-960 of the 1920x1080 screen capture; removes scanner UI, depth ruler and the burned-in study/date banner",none (native sector resolution 810x430),white on black,original,"yes, with attribution (CC-BY-4.0)","yes, with attribution","Cavalcanti NA et al. A large, paired dataset of robotic and handheld lumbar spine ultrasound with ground-truth CT benchmarking. KU Leuven RDR, doi:10.48804/3XPCAE. Licensed CC-BY-4.0.",quantile,"The source expert annotation, unmodified in content."
URS26_R1_f0118::overlay,visuals/ultrasound/real_human_lumbar/expert_overlays/URS26_R1_f0118.png,D,KU Leuven / Balgrist lumbar spine ultrasound,doi:10.48804/3XPCAE,10.1038/s41597-025-06047-9,KU Leuven (Robot-Assisted Surgery) + Balgrist University Hospital / University of Zurich,CC-BY-4.0,URS26,R1,RUS,robotic_perpendicular,118,US/URS26_R1/RUS/2401.png,US/US_labels/URS26_R1.zip,"binary pixel mask, thin contour (MetaImage .mhd/.raw, zlib)","EXPERT-ANNOTATED VISIBLE BONE SURFACE (label value 2 of {1,2}). NOT a puncture target, entry point, trajectory, interspace choice or safety window.","one physician (publication author N.A.C.), who also acquired the handheld scans","physician; single annotator, so NO inter-rater agreement exists",expert mask dilated by 1 px for visibility and painted over the frame,"cropped to the live ultrasound sector, rows 150-960 cols 530-960 of the 1920x1080 screen capture; removes scanner UI, depth ruler and the burned-in study/date banner",none (native sector resolution 810x430),red = expert bone surface,derived,"yes, with attribution (CC-BY-4.0)","yes, with attribution","Cavalcanti NA et al. A large, paired dataset of robotic and handheld lumbar spine ultrasound with ground-truth CT benchmarking. KU Leuven RDR, doi:10.48804/3XPCAE. Licensed CC-BY-4.0.",quantile,Dilation is for display only; metrics never use the dilated mask.
URS26_R1_f0118::sidebyside,visuals/ultrasound/real_human_lumbar/side_by_side/URS26_R1_f0118.png,D,KU Leuven / Balgrist lumbar spine ultrasound,doi:10.48804/3XPCAE,10.1038/s41597-025-06047-9,KU Leuven (Robot-Assisted Surgery) + Balgrist University Hospital / University of Zurich,CC-BY-4.0,URS26,R1,RUS,robotic_perpendicular,118,US/URS26_R1/RUS/2401.png,US/US_labels/URS26_R1.zip,"binary pixel mask, thin contour (MetaImage .mhd/.raw, zlib)","EXPERT-ANNOTATED VISIBLE BONE SURFACE (label value 2 of {1,2}). NOT a puncture target, entry point, trajectory, interspace choice or safety window.","one physician (publication author N.A.C.), who also acquired the handheld scans","physician; single annotator, so NO inter-rater agreement exists",three-panel composite: raw | expert label | overlay,"cropped to the live ultrasound sector, rows 150-960 cols 530-960 of the 1920x1080 screen capture; removes scanner UI, depth ruler and the burned-in study/date banner",none (native sector resolution 810x430),red = expert bone surface,derived,"yes, with attribution (CC-BY-4.0)","yes, with attribution","Cavalcanti NA et al. A large, paired dataset of robotic and handheld lumbar spine ultrasound with ground-truth CT benchmarking. KU Leuven RDR, doi:10.48804/3XPCAE. Licensed CC-BY-4.0.",quantile,
URS26_R1_f0092::raw,visuals/ultrasound/real_human_lumbar/raw/URS26_R1_f0092.png,A,KU Leuven / Balgrist lumbar spine ultrasound,doi:10.48804/3XPCAE,10.1038/s41597-025-06047-9,KU Leuven (Robot-Assisted Surgery) + Balgrist University Hospital / University of Zurich,CC-BY-4.0,URS26,R1,RUS,robotic_perpendicular,92,US/URS26_R1/RUS/2365.png,US/US_labels/URS26_R1.zip,"binary pixel mask, thin contour (MetaImage .mhd/.raw, zlib)","EXPERT-ANNOTATED VISIBLE BONE SURFACE (label value 2 of {1,2}). NOT a puncture target, entry point, trajectory, interspace choice or safety window.","one physician (publication author N.A.C.), who also acquired the handheld scans","physician; single annotator, so NO inter-rater agreement exists","decoded from MetaImage, flipped vertically (source is bottom-up), cropped","cropped to the live ultrasound sector, rows 150-960 cols 530-960 of the 1920x1080 screen capture; removes scanner UI, depth ruler and the burned-in study/date banner",none (native sector resolution 810x430),none (greyscale),original,"yes, with attribution (CC-BY-4.0)","yes, with attribution","Cavalcanti NA et al. A large, paired dataset of robotic and handheld lumbar spine ultrasound with ground-truth CT benchmarking. KU Leuven RDR, doi:10.48804/3XPCAE. Licensed CC-BY-4.0.",quantile,Real human in-vivo transcutaneous lumbar ultrasound frame.
URS26_R1_f0092::label,visuals/ultrasound/real_human_lumbar/expert_labels/URS26_R1_f0092.png,B,KU Leuven / Balgrist lumbar spine ultrasound,doi:10.48804/3XPCAE,10.1038/s41597-025-06047-9,KU Leuven (Robot-Assisted Surgery) + Balgrist University Hospital / University of Zurich,CC-BY-4.0,URS26,R1,RUS,robotic_perpendicular,92,US/URS26_R1/RUS/2365.png,US/US_labels/URS26_R1.zip,"binary pixel mask, thin contour (MetaImage .mhd/.raw, zlib)","EXPERT-ANNOTATED VISIBLE BONE SURFACE (label value 2 of {1,2}). NOT a puncture target, entry point, trajectory, interspace choice or safety window.","one physician (publication author N.A.C.), who also acquired the handheld scans","physician; single annotator, so NO inter-rater agreement exists",label value 2 rendered white on black; flipped and cropped identically to the frame,"cropped to the live ultrasound sector, rows 150-960 cols 530-960 of the 1920x1080 screen capture; removes scanner UI, depth ruler and the burned-in study/date banner",none (native sector resolution 810x430),white on black,original,"yes, with attribution (CC-BY-4.0)","yes, with attribution","Cavalcanti NA et al. A large, paired dataset of robotic and handheld lumbar spine ultrasound with ground-truth CT benchmarking. KU Leuven RDR, doi:10.48804/3XPCAE. Licensed CC-BY-4.0.",quantile,"The source expert annotation, unmodified in content."
URS26_R1_f0092::overlay,visuals/ultrasound/real_human_lumbar/expert_overlays/URS26_R1_f0092.png,D,KU Leuven / Balgrist lumbar spine ultrasound,doi:10.48804/3XPCAE,10.1038/s41597-025-06047-9,KU Leuven (Robot-Assisted Surgery) + Balgrist University Hospital / University of Zurich,CC-BY-4.0,URS26,R1,RUS,robotic_perpendicular,92,US/URS26_R1/RUS/2365.png,US/US_labels/URS26_R1.zip,"binary pixel mask, thin contour (MetaImage .mhd/.raw, zlib)","EXPERT-ANNOTATED VISIBLE BONE SURFACE (label value 2 of {1,2}). NOT a puncture target, entry point, trajectory, interspace choice or safety window.","one physician (publication author N.A.C.), who also acquired the handheld scans","physician; single annotator, so NO inter-rater agreement exists",expert mask dilated by 1 px for visibility and painted over the frame,"cropped to the live ultrasound sector, rows 150-960 cols 530-960 of the 1920x1080 screen capture; removes scanner UI, depth ruler and the burned-in study/date banner",none (native sector resolution 810x430),red = expert bone surface,derived,"yes, with attribution (CC-BY-4.0)","yes, with attribution","Cavalcanti NA et al. A large, paired dataset of robotic and handheld lumbar spine ultrasound with ground-truth CT benchmarking. KU Leuven RDR, doi:10.48804/3XPCAE. Licensed CC-BY-4.0.",quantile,Dilation is for display only; metrics never use the dilated mask.
URS26_R1_f0092::sidebyside,visuals/ultrasound/real_human_lumbar/side_by_side/URS26_R1_f0092.png,D,KU Leuven / Balgrist lumbar spine ultrasound,doi:10.48804/3XPCAE,10.1038/s41597-025-06047-9,KU Leuven (Robot-Assisted Surgery) + Balgrist University Hospital / University of Zurich,CC-BY-4.0,URS26,R1,RUS,robotic_perpendicular,92,US/URS26_R1/RUS/2365.png,US/US_labels/URS26_R1.zip,"binary pixel mask, thin contour (MetaImage .mhd/.raw, zlib)","EXPERT-ANNOTATED VISIBLE BONE SURFACE (label value 2 of {1,2}). NOT a puncture target, entry point, trajectory, interspace choice or safety window.","one physician (publication author N.A.C.), who also acquired the handheld scans","physician; single annotator, so NO inter-rater agreement exists",three-panel composite: raw | expert label | overlay,"cropped to the live ultrasound sector, rows 150-960 cols 530-960 of the 1920x1080 screen capture; removes scanner UI, depth ruler and the burned-in study/date banner",none (native sector resolution 810x430),red = expert bone surface,derived,"yes, with attribution (CC-BY-4.0)","yes, with attribution","Cavalcanti NA et al. A large, paired dataset of robotic and handheld lumbar spine ultrasound with ground-truth CT benchmarking. KU Leuven RDR, doi:10.48804/3XPCAE. Licensed CC-BY-4.0.",quantile,
URS26_R1_f0233::raw,visuals/ultrasound/real_human_lumbar/raw/URS26_R1_f0233.png,A,KU Leuven / Balgrist lumbar spine ultrasound,doi:10.48804/3XPCAE,10.1038/s41597-025-06047-9,KU Leuven (Robot-Assisted Surgery) + Balgrist University Hospital / University of Zurich,CC-BY-4.0,URS26,R1,RUS,robotic_perpendicular,233,US/URS26_R1/RUS/2541.png,US/US_labels/URS26_R1.zip,"binary pixel mask, thin contour (MetaImage .mhd/.raw, zlib)","EXPERT-ANNOTATED VISIBLE BONE SURFACE (label value 2 of {1,2}). NOT a puncture target, entry point, trajectory, interspace choice or safety window.","one physician (publication author N.A.C.), who also acquired the handheld scans","physician; single annotator, so NO inter-rater agreement exists","decoded from MetaImage, flipped vertically (source is bottom-up), cropped","cropped to the live ultrasound sector, rows 150-960 cols 530-960 of the 1920x1080 screen capture; removes scanner UI, depth ruler and the burned-in study/date banner",none (native sector resolution 810x430),none (greyscale),original,"yes, with attribution (CC-BY-4.0)","yes, with attribution","Cavalcanti NA et al. A large, paired dataset of robotic and handheld lumbar spine ultrasound with ground-truth CT benchmarking. KU Leuven RDR, doi:10.48804/3XPCAE. Licensed CC-BY-4.0.",quantile,Real human in-vivo transcutaneous lumbar ultrasound frame.
URS26_R1_f0233::label,visuals/ultrasound/real_human_lumbar/expert_labels/URS26_R1_f0233.png,B,KU Leuven / Balgrist lumbar spine ultrasound,doi:10.48804/3XPCAE,10.1038/s41597-025-06047-9,KU Leuven (Robot-Assisted Surgery) + Balgrist University Hospital / University of Zurich,CC-BY-4.0,URS26,R1,RUS,robotic_perpendicular,233,US/URS26_R1/RUS/2541.png,US/US_labels/URS26_R1.zip,"binary pixel mask, thin contour (MetaImage .mhd/.raw, zlib)","EXPERT-ANNOTATED VISIBLE BONE SURFACE (label value 2 of {1,2}). NOT a puncture target, entry point, trajectory, interspace choice or safety window.","one physician (publication author N.A.C.), who also acquired the handheld scans","physician; single annotator, so NO inter-rater agreement exists",label value 2 rendered white on black; flipped and cropped identically to the frame,"cropped to the live ultrasound sector, rows 150-960 cols 530-960 of the 1920x1080 screen capture; removes scanner UI, depth ruler and the burned-in study/date banner",none (native sector resolution 810x430),white on black,original,"yes, with attribution (CC-BY-4.0)","yes, with attribution","Cavalcanti NA et al. A large, paired dataset of robotic and handheld lumbar spine ultrasound with ground-truth CT benchmarking. KU Leuven RDR, doi:10.48804/3XPCAE. Licensed CC-BY-4.0.",quantile,"The source expert annotation, unmodified in content."
URS26_R1_f0233::overlay,visuals/ultrasound/real_human_lumbar/expert_overlays/URS26_R1_f0233.png,D,KU Leuven / Balgrist lumbar spine ultrasound,doi:10.48804/3XPCAE,10.1038/s41597-025-06047-9,KU Leuven (Robot-Assisted Surgery) + Balgrist University Hospital / University of Zurich,CC-BY-4.0,URS26,R1,RUS,robotic_perpendicular,233,US/URS26_R1/RUS/2541.png,US/US_labels/URS26_R1.zip,"binary pixel mask, thin contour (MetaImage .mhd/.raw, zlib)","EXPERT-ANNOTATED VISIBLE BONE SURFACE (label value 2 of {1,2}). NOT a puncture target, entry point, trajectory, interspace choice or safety window.","one physician (publication author N.A.C.), who also acquired the handheld scans","physician; single annotator, so NO inter-rater agreement exists",expert mask dilated by 1 px for visibility and painted over the frame,"cropped to the live ultrasound sector, rows 150-960 cols 530-960 of the 1920x1080 screen capture; removes scanner UI, depth ruler and the burned-in study/date banner",none (native sector resolution 810x430),red = expert bone surface,derived,"yes, with attribution (CC-BY-4.0)","yes, with attribution","Cavalcanti NA et al. A large, paired dataset of robotic and handheld lumbar spine ultrasound with ground-truth CT benchmarking. KU Leuven RDR, doi:10.48804/3XPCAE. Licensed CC-BY-4.0.",quantile,Dilation is for display only; metrics never use the dilated mask.
URS26_R1_f0233::sidebyside,visuals/ultrasound/real_human_lumbar/side_by_side/URS26_R1_f0233.png,D,KU Leuven / Balgrist lumbar spine ultrasound,doi:10.48804/3XPCAE,10.1038/s41597-025-06047-9,KU Leuven (Robot-Assisted Surgery) + Balgrist University Hospital / University of Zurich,CC-BY-4.0,URS26,R1,RUS,robotic_perpendicular,233,US/URS26_R1/RUS/2541.png,US/US_labels/URS26_R1.zip,"binary pixel mask, thin contour (MetaImage .mhd/.raw, zlib)","EXPERT-ANNOTATED VISIBLE BONE SURFACE (label value 2 of {1,2}). NOT a puncture target, entry point, trajectory, interspace choice or safety window.","one physician (publication author N.A.C.), who also acquired the handheld scans","physician; single annotator, so NO inter-rater agreement exists",three-panel composite: raw | expert label | overlay,"cropped to the live ultrasound sector, rows 150-960 cols 530-960 of the 1920x1080 screen capture; removes scanner UI, depth ruler and the burned-in study/date banner",none (native sector resolution 810x430),red = expert bone surface,derived,"yes, with attribution (CC-BY-4.0)","yes, with attribution","Cavalcanti NA et al. A large, paired dataset of robotic and handheld lumbar spine ultrasound with ground-truth CT benchmarking. KU Leuven RDR, doi:10.48804/3XPCAE. Licensed CC-BY-4.0.",quantile,
URS26_R1_f0002::raw,visuals/ultrasound/real_human_lumbar/raw/URS26_R1_f0002.png,A,KU Leuven / Balgrist lumbar spine ultrasound,doi:10.48804/3XPCAE,10.1038/s41597-025-06047-9,KU Leuven (Robot-Assisted Surgery) + Balgrist University Hospital / University of Zurich,CC-BY-4.0,URS26,R1,RUS,robotic_perpendicular,2,US/URS26_R1/RUS/1077.png,US/US_labels/URS26_R1.zip,"binary pixel mask, thin contour (MetaImage .mhd/.raw, zlib)","EXPERT-ANNOTATED VISIBLE BONE SURFACE (label value 2 of {1,2}). NOT a puncture target, entry point, trajectory, interspace choice or safety window.","one physician (publication author N.A.C.), who also acquired the handheld scans","physician; single annotator, so NO inter-rater agreement exists","decoded from MetaImage, flipped vertically (source is bottom-up), cropped","cropped to the live ultrasound sector, rows 150-960 cols 530-960 of the 1920x1080 screen capture; removes scanner UI, depth ruler and the burned-in study/date banner",none (native sector resolution 810x430),none (greyscale),original,"yes, with attribution (CC-BY-4.0)","yes, with attribution","Cavalcanti NA et al. A large, paired dataset of robotic and handheld lumbar spine ultrasound with ground-truth CT benchmarking. KU Leuven RDR, doi:10.48804/3XPCAE. Licensed CC-BY-4.0.",quantile,Real human in-vivo transcutaneous lumbar ultrasound frame.
URS26_R1_f0002::label,visuals/ultrasound/real_human_lumbar/expert_labels/URS26_R1_f0002.png,B,KU Leuven / Balgrist lumbar spine ultrasound,doi:10.48804/3XPCAE,10.1038/s41597-025-06047-9,KU Leuven (Robot-Assisted Surgery) + Balgrist University Hospital / University of Zurich,CC-BY-4.0,URS26,R1,RUS,robotic_perpendicular,2,US/URS26_R1/RUS/1077.png,US/US_labels/URS26_R1.zip,"binary pixel mask, thin contour (MetaImage .mhd/.raw, zlib)","EXPERT-ANNOTATED VISIBLE BONE SURFACE (label value 2 of {1,2}). NOT a puncture target, entry point, trajectory, interspace choice or safety window.","one physician (publication author N.A.C.), who also acquired the handheld scans","physician; single annotator, so NO inter-rater agreement exists",label value 2 rendered white on black; flipped and cropped identically to the frame,"cropped to the live ultrasound sector, rows 150-960 cols 530-960 of the 1920x1080 screen capture; removes scanner UI, depth ruler and the burned-in study/date banner",none (native sector resolution 810x430),white on black,original,"yes, with attribution (CC-BY-4.0)","yes, with attribution","Cavalcanti NA et al. A large, paired dataset of robotic and handheld lumbar spine ultrasound with ground-truth CT benchmarking. KU Leuven RDR, doi:10.48804/3XPCAE. Licensed CC-BY-4.0.",quantile,"The source expert annotation, unmodified in content."
URS26_R1_f0002::overlay,visuals/ultrasound/real_human_lumbar/expert_overlays/URS26_R1_f0002.png,D,KU Leuven / Balgrist lumbar spine ultrasound,doi:10.48804/3XPCAE,10.1038/s41597-025-06047-9,KU Leuven (Robot-Assisted Surgery) + Balgrist University Hospital / University of Zurich,CC-BY-4.0,URS26,R1,RUS,robotic_perpendicular,2,US/URS26_R1/RUS/1077.png,US/US_labels/URS26_R1.zip,"binary pixel mask, thin contour (MetaImage .mhd/.raw, zlib)","EXPERT-ANNOTATED VISIBLE BONE SURFACE (label value 2 of {1,2}). NOT a puncture target, entry point, trajectory, interspace choice or safety window.","one physician (publication author N.A.C.), who also acquired the handheld scans","physician; single annotator, so NO inter-rater agreement exists",expert mask dilated by 1 px for visibility and painted over the frame,"cropped to the live ultrasound sector, rows 150-960 cols 530-960 of the 1920x1080 screen capture; removes scanner UI, depth ruler and the burned-in study/date banner",none (native sector resolution 810x430),red = expert bone surface,derived,"yes, with attribution (CC-BY-4.0)","yes, with attribution","Cavalcanti NA et al. A large, paired dataset of robotic and handheld lumbar spine ultrasound with ground-truth CT benchmarking. KU Leuven RDR, doi:10.48804/3XPCAE. Licensed CC-BY-4.0.",quantile,Dilation is for display only; metrics never use the dilated mask.
URS26_R1_f0002::sidebyside,visuals/ultrasound/real_human_lumbar/side_by_side/URS26_R1_f0002.png,D,KU Leuven / Balgrist lumbar spine ultrasound,doi:10.48804/3XPCAE,10.1038/s41597-025-06047-9,KU Leuven (Robot-Assisted Surgery) + Balgrist University Hospital / University of Zurich,CC-BY-4.0,URS26,R1,RUS,robotic_perpendicular,2,US/URS26_R1/RUS/1077.png,US/US_labels/URS26_R1.zip,"binary pixel mask, thin contour (MetaImage .mhd/.raw, zlib)","EXPERT-ANNOTATED VISIBLE BONE SURFACE (label value 2 of {1,2}). NOT a puncture target, entry point, trajectory, interspace choice or safety window.","one physician (publication author N.A.C.), who also acquired the handheld scans","physician; single annotator, so NO inter-rater agreement exists",three-panel composite: raw | expert label | overlay,"cropped to the live ultrasound sector, rows 150-960 cols 530-960 of the 1920x1080 screen capture; removes scanner UI, depth ruler and the burned-in study/date banner",none (native sector resolution 810x430),red = expert bone surface,derived,"yes, with attribution (CC-BY-4.0)","yes, with attribution","Cavalcanti NA et al. A large, paired dataset of robotic and handheld lumbar spine ultrasound with ground-truth CT benchmarking. KU Leuven RDR, doi:10.48804/3XPCAE. Licensed CC-BY-4.0.",quantile,
URS26_R1_f0046::raw,visuals/ultrasound/real_human_lumbar/raw/URS26_R1_f0046.png,A,KU Leuven / Balgrist lumbar spine ultrasound,doi:10.48804/3XPCAE,10.1038/s41597-025-06047-9,KU Leuven (Robot-Assisted Surgery) + Balgrist University Hospital / University of Zurich,CC-BY-4.0,URS26,R1,RUS,robotic_perpendicular,46,US/URS26_R1/RUS/2121.png,US/US_labels/URS26_R1.zip,"binary pixel mask, thin contour (MetaImage .mhd/.raw, zlib)","EXPERT-ANNOTATED VISIBLE BONE SURFACE (label value 2 of {1,2}). NOT a puncture target, entry point, trajectory, interspace choice or safety window.","one physician (publication author N.A.C.), who also acquired the handheld scans","physician; single annotator, so NO inter-rater agreement exists","decoded from MetaImage, flipped vertically (source is bottom-up), cropped","cropped to the live ultrasound sector, rows 150-960 cols 530-960 of the 1920x1080 screen capture; removes scanner UI, depth ruler and the burned-in study/date banner",none (native sector resolution 810x430),none (greyscale),original,"yes, with attribution (CC-BY-4.0)","yes, with attribution","Cavalcanti NA et al. A large, paired dataset of robotic and handheld lumbar spine ultrasound with ground-truth CT benchmarking. KU Leuven RDR, doi:10.48804/3XPCAE. Licensed CC-BY-4.0.",expert_left_empty,Real human in-vivo transcutaneous lumbar ultrasound frame.
URS26_R1_f0046::label,visuals/ultrasound/real_human_lumbar/expert_labels/URS26_R1_f0046.png,B,KU Leuven / Balgrist lumbar spine ultrasound,doi:10.48804/3XPCAE,10.1038/s41597-025-06047-9,KU Leuven (Robot-Assisted Surgery) + Balgrist University Hospital / University of Zurich,CC-BY-4.0,URS26,R1,RUS,robotic_perpendicular,46,US/URS26_R1/RUS/2121.png,US/US_labels/URS26_R1.zip,"binary pixel mask, thin contour (MetaImage .mhd/.raw, zlib)","EXPERT-ANNOTATED VISIBLE BONE SURFACE (label value 2 of {1,2}). NOT a puncture target, entry point, trajectory, interspace choice or safety window.","one physician (publication author N.A.C.), who also acquired the handheld scans","physician; single annotator, so NO inter-rater agreement exists",label value 2 rendered white on black; flipped and cropped identically to the frame,"cropped to the live ultrasound sector, rows 150-960 cols 530-960 of the 1920x1080 screen capture; removes scanner UI, depth ruler and the burned-in study/date banner",none (native sector resolution 810x430),white on black,original,"yes, with attribution (CC-BY-4.0)","yes, with attribution","Cavalcanti NA et al. A large, paired dataset of robotic and handheld lumbar spine ultrasound with ground-truth CT benchmarking. KU Leuven RDR, doi:10.48804/3XPCAE. Licensed CC-BY-4.0.",expert_left_empty,"The source expert annotation, unmodified in content."
URS26_R1_f0046::overlay,visuals/ultrasound/real_human_lumbar/expert_overlays/URS26_R1_f0046.png,D,KU Leuven / Balgrist lumbar spine ultrasound,doi:10.48804/3XPCAE,10.1038/s41597-025-06047-9,KU Leuven (Robot-Assisted Surgery) + Balgrist University Hospital / University of Zurich,CC-BY-4.0,URS26,R1,RUS,robotic_perpendicular,46,US/URS26_R1/RUS/2121.png,US/US_labels/URS26_R1.zip,"binary pixel mask, thin contour (MetaImage .mhd/.raw, zlib)","EXPERT-ANNOTATED VISIBLE BONE SURFACE (label value 2 of {1,2}). NOT a puncture target, entry point, trajectory, interspace choice or safety window.","one physician (publication author N.A.C.), who also acquired the handheld scans","physician; single annotator, so NO inter-rater agreement exists",expert mask dilated by 1 px for visibility and painted over the frame,"cropped to the live ultrasound sector, rows 150-960 cols 530-960 of the 1920x1080 screen capture; removes scanner UI, depth ruler and the burned-in study/date banner",none (native sector resolution 810x430),red = expert bone surface,derived,"yes, with attribution (CC-BY-4.0)","yes, with attribution","Cavalcanti NA et al. A large, paired dataset of robotic and handheld lumbar spine ultrasound with ground-truth CT benchmarking. KU Leuven RDR, doi:10.48804/3XPCAE. Licensed CC-BY-4.0.",expert_left_empty,Dilation is for display only; metrics never use the dilated mask.
URS26_R1_f0046::sidebyside,visuals/ultrasound/real_human_lumbar/side_by_side/URS26_R1_f0046.png,D,KU Leuven / Balgrist lumbar spine ultrasound,doi:10.48804/3XPCAE,10.1038/s41597-025-06047-9,KU Leuven (Robot-Assisted Surgery) + Balgrist University Hospital / University of Zurich,CC-BY-4.0,URS26,R1,RUS,robotic_perpendicular,46,US/URS26_R1/RUS/2121.png,US/US_labels/URS26_R1.zip,"binary pixel mask, thin contour (MetaImage .mhd/.raw, zlib)","EXPERT-ANNOTATED VISIBLE BONE SURFACE (label value 2 of {1,2}). NOT a puncture target, entry point, trajectory, interspace choice or safety window.","one physician (publication author N.A.C.), who also acquired the handheld scans","physician; single annotator, so NO inter-rater agreement exists",three-panel composite: raw | expert label | overlay,"cropped to the live ultrasound sector, rows 150-960 cols 530-960 of the 1920x1080 screen capture; removes scanner UI, depth ruler and the burned-in study/date banner",none (native sector resolution 810x430),red = expert bone surface,derived,"yes, with attribution (CC-BY-4.0)","yes, with attribution","Cavalcanti NA et al. A large, paired dataset of robotic and handheld lumbar spine ultrasound with ground-truth CT benchmarking. KU Leuven RDR, doi:10.48804/3XPCAE. Licensed CC-BY-4.0.",expert_left_empty,
URS31_D2_f0049::raw,visuals/ultrasound/real_human_lumbar/raw/URS31_D2_f0049.png,A,KU Leuven / Balgrist lumbar spine ultrasound,doi:10.48804/3XPCAE,10.1038/s41597-025-06047-9,KU Leuven (Robot-Assisted Surgery) + Balgrist University Hospital / University of Zurich,CC-BY-4.0,URS31,D2,RUS,robotic_other,49,US/URS31_D2/DUS/1569.png,US/US_labels/URS31_D2.zip,"binary pixel mask, thin contour (MetaImage .mhd/.raw, zlib)","EXPERT-ANNOTATED VISIBLE BONE SURFACE (label value 2 of {1,2}). NOT a puncture target, entry point, trajectory, interspace choice or safety window.","one physician (publication author N.A.C.), who also acquired the handheld scans","physician; single annotator, so NO inter-rater agreement exists","decoded from MetaImage, flipped vertically (source is bottom-up), cropped","cropped to the live ultrasound sector, rows 150-960 cols 530-960 of the 1920x1080 screen capture; removes scanner UI, depth ruler and the burned-in study/date banner",none (native sector resolution 810x430),none (greyscale),original,"yes, with attribution (CC-BY-4.0)","yes, with attribution","Cavalcanti NA et al. A large, paired dataset of robotic and handheld lumbar spine ultrasound with ground-truth CT benchmarking. KU Leuven RDR, doi:10.48804/3XPCAE. Licensed CC-BY-4.0.",quantile,Real human in-vivo transcutaneous lumbar ultrasound frame.
URS31_D2_f0049::label,visuals/ultrasound/real_human_lumbar/expert_labels/URS31_D2_f0049.png,B,KU Leuven / Balgrist lumbar spine ultrasound,doi:10.48804/3XPCAE,10.1038/s41597-025-06047-9,KU Leuven (Robot-Assisted Surgery) + Balgrist University Hospital / University of Zurich,CC-BY-4.0,URS31,D2,RUS,robotic_other,49,US/URS31_D2/DUS/1569.png,US/US_labels/URS31_D2.zip,"binary pixel mask, thin contour (MetaImage .mhd/.raw, zlib)","EXPERT-ANNOTATED VISIBLE BONE SURFACE (label value 2 of {1,2}). NOT a puncture target, entry point, trajectory, interspace choice or safety window.","one physician (publication author N.A.C.), who also acquired the handheld scans","physician; single annotator, so NO inter-rater agreement exists",label value 2 rendered white on black; flipped and cropped identically to the frame,"cropped to the live ultrasound sector, rows 150-960 cols 530-960 of the 1920x1080 screen capture; removes scanner UI, depth ruler and the burned-in study/date banner",none (native sector resolution 810x430),white on black,original,"yes, with attribution (CC-BY-4.0)","yes, with attribution","Cavalcanti NA et al. A large, paired dataset of robotic and handheld lumbar spine ultrasound with ground-truth CT benchmarking. KU Leuven RDR, doi:10.48804/3XPCAE. Licensed CC-BY-4.0.",quantile,"The source expert annotation, unmodified in content."
URS31_D2_f0049::overlay,visuals/ultrasound/real_human_lumbar/expert_overlays/URS31_D2_f0049.png,D,KU Leuven / Balgrist lumbar spine ultrasound,doi:10.48804/3XPCAE,10.1038/s41597-025-06047-9,KU Leuven (Robot-Assisted Surgery) + Balgrist University Hospital / University of Zurich,CC-BY-4.0,URS31,D2,RUS,robotic_other,49,US/URS31_D2/DUS/1569.png,US/US_labels/URS31_D2.zip,"binary pixel mask, thin contour (MetaImage .mhd/.raw, zlib)","EXPERT-ANNOTATED VISIBLE BONE SURFACE (label value 2 of {1,2}). NOT a puncture target, entry point, trajectory, interspace choice or safety window.","one physician (publication author N.A.C.), who also acquired the handheld scans","physician; single annotator, so NO inter-rater agreement exists",expert mask dilated by 1 px for visibility and painted over the frame,"cropped to the live ultrasound sector, rows 150-960 cols 530-960 of the 1920x1080 screen capture; removes scanner UI, depth ruler and the burned-in study/date banner",none (native sector resolution 810x430),red = expert bone surface,derived,"yes, with attribution (CC-BY-4.0)","yes, with attribution","Cavalcanti NA et al. A large, paired dataset of robotic and handheld lumbar spine ultrasound with ground-truth CT benchmarking. KU Leuven RDR, doi:10.48804/3XPCAE. Licensed CC-BY-4.0.",quantile,Dilation is for display only; metrics never use the dilated mask.
URS31_D2_f0049::sidebyside,visuals/ultrasound/real_human_lumbar/side_by_side/URS31_D2_f0049.png,D,KU Leuven / Balgrist lumbar spine ultrasound,doi:10.48804/3XPCAE,10.1038/s41597-025-06047-9,KU Leuven (Robot-Assisted Surgery) + Balgrist University Hospital / University of Zurich,CC-BY-4.0,URS31,D2,RUS,robotic_other,49,US/URS31_D2/DUS/1569.png,US/US_labels/URS31_D2.zip,"binary pixel mask, thin contour (MetaImage .mhd/.raw, zlib)","EXPERT-ANNOTATED VISIBLE BONE SURFACE (label value 2 of {1,2}). NOT a puncture target, entry point, trajectory, interspace choice or safety window.","one physician (publication author N.A.C.), who also acquired the handheld scans","physician; single annotator, so NO inter-rater agreement exists",three-panel composite: raw | expert label | overlay,"cropped to the live ultrasound sector, rows 150-960 cols 530-960 of the 1920x1080 screen capture; removes scanner UI, depth ruler and the burned-in study/date banner",none (native sector resolution 810x430),red = expert bone surface,derived,"yes, with attribution (CC-BY-4.0)","yes, with attribution","Cavalcanti NA et al. A large, paired dataset of robotic and handheld lumbar spine ultrasound with ground-truth CT benchmarking. KU Leuven RDR, doi:10.48804/3XPCAE. Licensed CC-BY-4.0.",quantile,
URS31_D2_f0237::raw,visuals/ultrasound/real_human_lumbar/raw/URS31_D2_f0237.png,A,KU Leuven / Balgrist lumbar spine ultrasound,doi:10.48804/3XPCAE,10.1038/s41597-025-06047-9,KU Leuven (Robot-Assisted Surgery) + Balgrist University Hospital / University of Zurich,CC-BY-4.0,URS31,D2,RUS,robotic_other,237,US/URS31_D2/DUS/612.png,US/US_labels/URS31_D2.zip,"binary pixel mask, thin contour (MetaImage .mhd/.raw, zlib)","EXPERT-ANNOTATED VISIBLE BONE SURFACE (label value 2 of {1,2}). NOT a puncture target, entry point, trajectory, interspace choice or safety window.","one physician (publication author N.A.C.), who also acquired the handheld scans","physician; single annotator, so NO inter-rater agreement exists","decoded from MetaImage, flipped vertically (source is bottom-up), cropped","cropped to the live ultrasound sector, rows 150-960 cols 530-960 of the 1920x1080 screen capture; removes scanner UI, depth ruler and the burned-in study/date banner",none (native sector resolution 810x430),none (greyscale),original,"yes, with attribution (CC-BY-4.0)","yes, with attribution","Cavalcanti NA et al. A large, paired dataset of robotic and handheld lumbar spine ultrasound with ground-truth CT benchmarking. KU Leuven RDR, doi:10.48804/3XPCAE. Licensed CC-BY-4.0.",quantile,Real human in-vivo transcutaneous lumbar ultrasound frame.
URS31_D2_f0237::label,visuals/ultrasound/real_human_lumbar/expert_labels/URS31_D2_f0237.png,B,KU Leuven / Balgrist lumbar spine ultrasound,doi:10.48804/3XPCAE,10.1038/s41597-025-06047-9,KU Leuven (Robot-Assisted Surgery) + Balgrist University Hospital / University of Zurich,CC-BY-4.0,URS31,D2,RUS,robotic_other,237,US/URS31_D2/DUS/612.png,US/US_labels/URS31_D2.zip,"binary pixel mask, thin contour (MetaImage .mhd/.raw, zlib)","EXPERT-ANNOTATED VISIBLE BONE SURFACE (label value 2 of {1,2}). NOT a puncture target, entry point, trajectory, interspace choice or safety window.","one physician (publication author N.A.C.), who also acquired the handheld scans","physician; single annotator, so NO inter-rater agreement exists",label value 2 rendered white on black; flipped and cropped identically to the frame,"cropped to the live ultrasound sector, rows 150-960 cols 530-960 of the 1920x1080 screen capture; removes scanner UI, depth ruler and the burned-in study/date banner",none (native sector resolution 810x430),white on black,original,"yes, with attribution (CC-BY-4.0)","yes, with attribution","Cavalcanti NA et al. A large, paired dataset of robotic and handheld lumbar spine ultrasound with ground-truth CT benchmarking. KU Leuven RDR, doi:10.48804/3XPCAE. Licensed CC-BY-4.0.",quantile,"The source expert annotation, unmodified in content."
URS31_D2_f0237::overlay,visuals/ultrasound/real_human_lumbar/expert_overlays/URS31_D2_f0237.png,D,KU Leuven / Balgrist lumbar spine ultrasound,doi:10.48804/3XPCAE,10.1038/s41597-025-06047-9,KU Leuven (Robot-Assisted Surgery) + Balgrist University Hospital / University of Zurich,CC-BY-4.0,URS31,D2,RUS,robotic_other,237,US/URS31_D2/DUS/612.png,US/US_labels/URS31_D2.zip,"binary pixel mask, thin contour (MetaImage .mhd/.raw, zlib)","EXPERT-ANNOTATED VISIBLE BONE SURFACE (label value 2 of {1,2}). NOT a puncture target, entry point, trajectory, interspace choice or safety window.","one physician (publication author N.A.C.), who also acquired the handheld scans","physician; single annotator, so NO inter-rater agreement exists",expert mask dilated by 1 px for visibility and painted over the frame,"cropped to the live ultrasound sector, rows 150-960 cols 530-960 of the 1920x1080 screen capture; removes scanner UI, depth ruler and the burned-in study/date banner",none (native sector resolution 810x430),red = expert bone surface,derived,"yes, with attribution (CC-BY-4.0)","yes, with attribution","Cavalcanti NA et al. A large, paired dataset of robotic and handheld lumbar spine ultrasound with ground-truth CT benchmarking. KU Leuven RDR, doi:10.48804/3XPCAE. Licensed CC-BY-4.0.",quantile,Dilation is for display only; metrics never use the dilated mask.
URS31_D2_f0237::sidebyside,visuals/ultrasound/real_human_lumbar/side_by_side/URS31_D2_f0237.png,D,KU Leuven / Balgrist lumbar spine ultrasound,doi:10.48804/3XPCAE,10.1038/s41597-025-06047-9,KU Leuven (Robot-Assisted Surgery) + Balgrist University Hospital / University of Zurich,CC-BY-4.0,URS31,D2,RUS,robotic_other,237,US/URS31_D2/DUS/612.png,US/US_labels/URS31_D2.zip,"binary pixel mask, thin contour (MetaImage .mhd/.raw, zlib)","EXPERT-ANNOTATED VISIBLE BONE SURFACE (label value 2 of {1,2}). NOT a puncture target, entry point, trajectory, interspace choice or safety window.","one physician (publication author N.A.C.), who also acquired the handheld scans","physician; single annotator, so NO inter-rater agreement exists",three-panel composite: raw | expert label | overlay,"cropped to the live ultrasound sector, rows 150-960 cols 530-960 of the 1920x1080 screen capture; removes scanner UI, depth ruler and the burned-in study/date banner",none (native sector resolution 810x430),red = expert bone surface,derived,"yes, with attribution (CC-BY-4.0)","yes, with attribution","Cavalcanti NA et al. A large, paired dataset of robotic and handheld lumbar spine ultrasound with ground-truth CT benchmarking. KU Leuven RDR, doi:10.48804/3XPCAE. Licensed CC-BY-4.0.",quantile,
URS31_D2_f0094::raw,visuals/ultrasound/real_human_lumbar/raw/URS31_D2_f0094.png,A,KU Leuven / Balgrist lumbar spine ultrasound,doi:10.48804/3XPCAE,10.1038/s41597-025-06047-9,KU Leuven (Robot-Assisted Surgery) + Balgrist University Hospital / University of Zurich,CC-BY-4.0,URS31,D2,RUS,robotic_other,94,US/URS31_D2/DUS/197.png,US/US_labels/URS31_D2.zip,"binary pixel mask, thin contour (MetaImage .mhd/.raw, zlib)","EXPERT-ANNOTATED VISIBLE BONE SURFACE (label value 2 of {1,2}). NOT a puncture target, entry point, trajectory, interspace choice or safety window.","one physician (publication author N.A.C.), who also acquired the handheld scans","physician; single annotator, so NO inter-rater agreement exists","decoded from MetaImage, flipped vertically (source is bottom-up), cropped","cropped to the live ultrasound sector, rows 150-960 cols 530-960 of the 1920x1080 screen capture; removes scanner UI, depth ruler and the burned-in study/date banner",none (native sector resolution 810x430),none (greyscale),original,"yes, with attribution (CC-BY-4.0)","yes, with attribution","Cavalcanti NA et al. A large, paired dataset of robotic and handheld lumbar spine ultrasound with ground-truth CT benchmarking. KU Leuven RDR, doi:10.48804/3XPCAE. Licensed CC-BY-4.0.",quantile,Real human in-vivo transcutaneous lumbar ultrasound frame.
URS31_D2_f0094::label,visuals/ultrasound/real_human_lumbar/expert_labels/URS31_D2_f0094.png,B,KU Leuven / Balgrist lumbar spine ultrasound,doi:10.48804/3XPCAE,10.1038/s41597-025-06047-9,KU Leuven (Robot-Assisted Surgery) + Balgrist University Hospital / University of Zurich,CC-BY-4.0,URS31,D2,RUS,robotic_other,94,US/URS31_D2/DUS/197.png,US/US_labels/URS31_D2.zip,"binary pixel mask, thin contour (MetaImage .mhd/.raw, zlib)","EXPERT-ANNOTATED VISIBLE BONE SURFACE (label value 2 of {1,2}). NOT a puncture target, entry point, trajectory, interspace choice or safety window.","one physician (publication author N.A.C.), who also acquired the handheld scans","physician; single annotator, so NO inter-rater agreement exists",label value 2 rendered white on black; flipped and cropped identically to the frame,"cropped to the live ultrasound sector, rows 150-960 cols 530-960 of the 1920x1080 screen capture; removes scanner UI, depth ruler and the burned-in study/date banner",none (native sector resolution 810x430),white on black,original,"yes, with attribution (CC-BY-4.0)","yes, with attribution","Cavalcanti NA et al. A large, paired dataset of robotic and handheld lumbar spine ultrasound with ground-truth CT benchmarking. KU Leuven RDR, doi:10.48804/3XPCAE. Licensed CC-BY-4.0.",quantile,"The source expert annotation, unmodified in content."
URS31_D2_f0094::overlay,visuals/ultrasound/real_human_lumbar/expert_overlays/URS31_D2_f0094.png,D,KU Leuven / Balgrist lumbar spine ultrasound,doi:10.48804/3XPCAE,10.1038/s41597-025-06047-9,KU Leuven (Robot-Assisted Surgery) + Balgrist University Hospital / University of Zurich,CC-BY-4.0,URS31,D2,RUS,robotic_other,94,US/URS31_D2/DUS/197.png,US/US_labels/URS31_D2.zip,"binary pixel mask, thin contour (MetaImage .mhd/.raw, zlib)","EXPERT-ANNOTATED VISIBLE BONE SURFACE (label value 2 of {1,2}). NOT a puncture target, entry point, trajectory, interspace choice or safety window.","one physician (publication author N.A.C.), who also acquired the handheld scans","physician; single annotator, so NO inter-rater agreement exists",expert mask dilated by 1 px for visibility and painted over the frame,"cropped to the live ultrasound sector, rows 150-960 cols 530-960 of the 1920x1080 screen capture; removes scanner UI, depth ruler and the burned-in study/date banner",none (native sector resolution 810x430),red = expert bone surface,derived,"yes, with attribution (CC-BY-4.0)","yes, with attribution","Cavalcanti NA et al. A large, paired dataset of robotic and handheld lumbar spine ultrasound with ground-truth CT benchmarking. KU Leuven RDR, doi:10.48804/3XPCAE. Licensed CC-BY-4.0.",quantile,Dilation is for display only; metrics never use the dilated mask.
URS31_D2_f0094::sidebyside,visuals/ultrasound/real_human_lumbar/side_by_side/URS31_D2_f0094.png,D,KU Leuven / Balgrist lumbar spine ultrasound,doi:10.48804/3XPCAE,10.1038/s41597-025-06047-9,KU Leuven (Robot-Assisted Surgery) + Balgrist University Hospital / University of Zurich,CC-BY-4.0,URS31,D2,RUS,robotic_other,94,US/URS31_D2/DUS/197.png,US/US_labels/URS31_D2.zip,"binary pixel mask, thin contour (MetaImage .mhd/.raw, zlib)","EXPERT-ANNOTATED VISIBLE BONE SURFACE (label value 2 of {1,2}). NOT a puncture target, entry point, trajectory, interspace choice or safety window.","one physician (publication author N.A.C.), who also acquired the handheld scans","physician; single annotator, so NO inter-rater agreement exists",three-panel composite: raw | expert label | overlay,"cropped to the live ultrasound sector, rows 150-960 cols 530-960 of the 1920x1080 screen capture; removes scanner UI, depth ruler and the burned-in study/date banner",none (native sector resolution 810x430),red = expert bone surface,derived,"yes, with attribution (CC-BY-4.0)","yes, with attribution","Cavalcanti NA et al. A large, paired dataset of robotic and handheld lumbar spine ultrasound with ground-truth CT benchmarking. KU Leuven RDR, doi:10.48804/3XPCAE. Licensed CC-BY-4.0.",quantile,
URS31_D2_f0174::raw,visuals/ultrasound/real_human_lumbar/raw/URS31_D2_f0174.png,A,KU Leuven / Balgrist lumbar spine ultrasound,doi:10.48804/3XPCAE,10.1038/s41597-025-06047-9,KU Leuven (Robot-Assisted Surgery) + Balgrist University Hospital / University of Zurich,CC-BY-4.0,URS31,D2,RUS,robotic_other,174,US/URS31_D2/DUS/440.png,US/US_labels/URS31_D2.zip,"binary pixel mask, thin contour (MetaImage .mhd/.raw, zlib)","EXPERT-ANNOTATED VISIBLE BONE SURFACE (label value 2 of {1,2}). NOT a puncture target, entry point, trajectory, interspace choice or safety window.","one physician (publication author N.A.C.), who also acquired the handheld scans","physician; single annotator, so NO inter-rater agreement exists","decoded from MetaImage, flipped vertically (source is bottom-up), cropped","cropped to the live ultrasound sector, rows 150-960 cols 530-960 of the 1920x1080 screen capture; removes scanner UI, depth ruler and the burned-in study/date banner",none (native sector resolution 810x430),none (greyscale),original,"yes, with attribution (CC-BY-4.0)","yes, with attribution","Cavalcanti NA et al. A large, paired dataset of robotic and handheld lumbar spine ultrasound with ground-truth CT benchmarking. KU Leuven RDR, doi:10.48804/3XPCAE. Licensed CC-BY-4.0.",quantile,Real human in-vivo transcutaneous lumbar ultrasound frame.
URS31_D2_f0174::label,visuals/ultrasound/real_human_lumbar/expert_labels/URS31_D2_f0174.png,B,KU Leuven / Balgrist lumbar spine ultrasound,doi:10.48804/3XPCAE,10.1038/s41597-025-06047-9,KU Leuven (Robot-Assisted Surgery) + Balgrist University Hospital / University of Zurich,CC-BY-4.0,URS31,D2,RUS,robotic_other,174,US/URS31_D2/DUS/440.png,US/US_labels/URS31_D2.zip,"binary pixel mask, thin contour (MetaImage .mhd/.raw, zlib)","EXPERT-ANNOTATED VISIBLE BONE SURFACE (label value 2 of {1,2}). NOT a puncture target, entry point, trajectory, interspace choice or safety window.","one physician (publication author N.A.C.), who also acquired the handheld scans","physician; single annotator, so NO inter-rater agreement exists",label value 2 rendered white on black; flipped and cropped identically to the frame,"cropped to the live ultrasound sector, rows 150-960 cols 530-960 of the 1920x1080 screen capture; removes scanner UI, depth ruler and the burned-in study/date banner",none (native sector resolution 810x430),white on black,original,"yes, with attribution (CC-BY-4.0)","yes, with attribution","Cavalcanti NA et al. A large, paired dataset of robotic and handheld lumbar spine ultrasound with ground-truth CT benchmarking. KU Leuven RDR, doi:10.48804/3XPCAE. Licensed CC-BY-4.0.",quantile,"The source expert annotation, unmodified in content."
URS31_D2_f0174::overlay,visuals/ultrasound/real_human_lumbar/expert_overlays/URS31_D2_f0174.png,D,KU Leuven / Balgrist lumbar spine ultrasound,doi:10.48804/3XPCAE,10.1038/s41597-025-06047-9,KU Leuven (Robot-Assisted Surgery) + Balgrist University Hospital / University of Zurich,CC-BY-4.0,URS31,D2,RUS,robotic_other,174,US/URS31_D2/DUS/440.png,US/US_labels/URS31_D2.zip,"binary pixel mask, thin contour (MetaImage .mhd/.raw, zlib)","EXPERT-ANNOTATED VISIBLE BONE SURFACE (label value 2 of {1,2}). NOT a puncture target, entry point, trajectory, interspace choice or safety window.","one physician (publication author N.A.C.), who also acquired the handheld scans","physician; single annotator, so NO inter-rater agreement exists",expert mask dilated by 1 px for visibility and painted over the frame,"cropped to the live ultrasound sector, rows 150-960 cols 530-960 of the 1920x1080 screen capture; removes scanner UI, depth ruler and the burned-in study/date banner",none (native sector resolution 810x430),red = expert bone surface,derived,"yes, with attribution (CC-BY-4.0)","yes, with attribution","Cavalcanti NA et al. A large, paired dataset of robotic and handheld lumbar spine ultrasound with ground-truth CT benchmarking. KU Leuven RDR, doi:10.48804/3XPCAE. Licensed CC-BY-4.0.",quantile,Dilation is for display only; metrics never use the dilated mask.
URS31_D2_f0174::sidebyside,visuals/ultrasound/real_human_lumbar/side_by_side/URS31_D2_f0174.png,D,KU Leuven / Balgrist lumbar spine ultrasound,doi:10.48804/3XPCAE,10.1038/s41597-025-06047-9,KU Leuven (Robot-Assisted Surgery) + Balgrist University Hospital / University of Zurich,CC-BY-4.0,URS31,D2,RUS,robotic_other,174,US/URS31_D2/DUS/440.png,US/US_labels/URS31_D2.zip,"binary pixel mask, thin contour (MetaImage .mhd/.raw, zlib)","EXPERT-ANNOTATED VISIBLE BONE SURFACE (label value 2 of {1,2}). NOT a puncture target, entry point, trajectory, interspace choice or safety window.","one physician (publication author N.A.C.), who also acquired the handheld scans","physician; single annotator, so NO inter-rater agreement exists",three-panel composite: raw | expert label | overlay,"cropped to the live ultrasound sector, rows 150-960 cols 530-960 of the 1920x1080 screen capture; removes scanner UI, depth ruler and the burned-in study/date banner",none (native sector resolution 810x430),red = expert bone surface,derived,"yes, with attribution (CC-BY-4.0)","yes, with attribution","Cavalcanti NA et al. A large, paired dataset of robotic and handheld lumbar spine ultrasound with ground-truth CT benchmarking. KU Leuven RDR, doi:10.48804/3XPCAE. Licensed CC-BY-4.0.",quantile,
URS31_D2_f0003::raw,visuals/ultrasound/real_human_lumbar/raw/URS31_D2_f0003.png,A,KU Leuven / Balgrist lumbar spine ultrasound,doi:10.48804/3XPCAE,10.1038/s41597-025-06047-9,KU Leuven (Robot-Assisted Surgery) + Balgrist University Hospital / University of Zurich,CC-BY-4.0,URS31,D2,RUS,robotic_other,3,US/URS31_D2/DUS/125.png,US/US_labels/URS31_D2.zip,"binary pixel mask, thin contour (MetaImage .mhd/.raw, zlib)","EXPERT-ANNOTATED VISIBLE BONE SURFACE (label value 2 of {1,2}). NOT a puncture target, entry point, trajectory, interspace choice or safety window.","one physician (publication author N.A.C.), who also acquired the handheld scans","physician; single annotator, so NO inter-rater agreement exists","decoded from MetaImage, flipped vertically (source is bottom-up), cropped","cropped to the live ultrasound sector, rows 150-960 cols 530-960 of the 1920x1080 screen capture; removes scanner UI, depth ruler and the burned-in study/date banner",none (native sector resolution 810x430),none (greyscale),original,"yes, with attribution (CC-BY-4.0)","yes, with attribution","Cavalcanti NA et al. A large, paired dataset of robotic and handheld lumbar spine ultrasound with ground-truth CT benchmarking. KU Leuven RDR, doi:10.48804/3XPCAE. Licensed CC-BY-4.0.",expert_left_empty,Real human in-vivo transcutaneous lumbar ultrasound frame.
URS31_D2_f0003::label,visuals/ultrasound/real_human_lumbar/expert_labels/URS31_D2_f0003.png,B,KU Leuven / Balgrist lumbar spine ultrasound,doi:10.48804/3XPCAE,10.1038/s41597-025-06047-9,KU Leuven (Robot-Assisted Surgery) + Balgrist University Hospital / University of Zurich,CC-BY-4.0,URS31,D2,RUS,robotic_other,3,US/URS31_D2/DUS/125.png,US/US_labels/URS31_D2.zip,"binary pixel mask, thin contour (MetaImage .mhd/.raw, zlib)","EXPERT-ANNOTATED VISIBLE BONE SURFACE (label value 2 of {1,2}). NOT a puncture target, entry point, trajectory, interspace choice or safety window.","one physician (publication author N.A.C.), who also acquired the handheld scans","physician; single annotator, so NO inter-rater agreement exists",label value 2 rendered white on black; flipped and cropped identically to the frame,"cropped to the live ultrasound sector, rows 150-960 cols 530-960 of the 1920x1080 screen capture; removes scanner UI, depth ruler and the burned-in study/date banner",none (native sector resolution 810x430),white on black,original,"yes, with attribution (CC-BY-4.0)","yes, with attribution","Cavalcanti NA et al. A large, paired dataset of robotic and handheld lumbar spine ultrasound with ground-truth CT benchmarking. KU Leuven RDR, doi:10.48804/3XPCAE. Licensed CC-BY-4.0.",expert_left_empty,"The source expert annotation, unmodified in content."
URS31_D2_f0003::overlay,visuals/ultrasound/real_human_lumbar/expert_overlays/URS31_D2_f0003.png,D,KU Leuven / Balgrist lumbar spine ultrasound,doi:10.48804/3XPCAE,10.1038/s41597-025-06047-9,KU Leuven (Robot-Assisted Surgery) + Balgrist University Hospital / University of Zurich,CC-BY-4.0,URS31,D2,RUS,robotic_other,3,US/URS31_D2/DUS/125.png,US/US_labels/URS31_D2.zip,"binary pixel mask, thin contour (MetaImage .mhd/.raw, zlib)","EXPERT-ANNOTATED VISIBLE BONE SURFACE (label value 2 of {1,2}). NOT a puncture target, entry point, trajectory, interspace choice or safety window.","one physician (publication author N.A.C.), who also acquired the handheld scans","physician; single annotator, so NO inter-rater agreement exists",expert mask dilated by 1 px for visibility and painted over the frame,"cropped to the live ultrasound sector, rows 150-960 cols 530-960 of the 1920x1080 screen capture; removes scanner UI, depth ruler and the burned-in study/date banner",none (native sector resolution 810x430),red = expert bone surface,derived,"yes, with attribution (CC-BY-4.0)","yes, with attribution","Cavalcanti NA et al. A large, paired dataset of robotic and handheld lumbar spine ultrasound with ground-truth CT benchmarking. KU Leuven RDR, doi:10.48804/3XPCAE. Licensed CC-BY-4.0.",expert_left_empty,Dilation is for display only; metrics never use the dilated mask.
URS31_D2_f0003::sidebyside,visuals/ultrasound/real_human_lumbar/side_by_side/URS31_D2_f0003.png,D,KU Leuven / Balgrist lumbar spine ultrasound,doi:10.48804/3XPCAE,10.1038/s41597-025-06047-9,KU Leuven (Robot-Assisted Surgery) + Balgrist University Hospital / University of Zurich,CC-BY-4.0,URS31,D2,RUS,robotic_other,3,US/URS31_D2/DUS/125.png,US/US_labels/URS31_D2.zip,"binary pixel mask, thin contour (MetaImage .mhd/.raw, zlib)","EXPERT-ANNOTATED VISIBLE BONE SURFACE (label value 2 of {1,2}). NOT a puncture target, entry point, trajectory, interspace choice or safety window.","one physician (publication author N.A.C.), who also acquired the handheld scans","physician; single annotator, so NO inter-rater agreement exists",three-panel composite: raw | expert label | overlay,"cropped to the live ultrasound sector, rows 150-960 cols 530-960 of the 1920x1080 screen capture; removes scanner UI, depth ruler and the burned-in study/date banner",none (native sector resolution 810x430),red = expert bone surface,derived,"yes, with attribution (CC-BY-4.0)","yes, with attribution","Cavalcanti NA et al. A large, paired dataset of robotic and handheld lumbar spine ultrasound with ground-truth CT benchmarking. KU Leuven RDR, doi:10.48804/3XPCAE. Licensed CC-BY-4.0.",expert_left_empty,
URS31_R2_f0007::raw,visuals/ultrasound/real_human_lumbar/raw/URS31_R2_f0007.png,A,KU Leuven / Balgrist lumbar spine ultrasound,doi:10.48804/3XPCAE,10.1038/s41597-025-06047-9,KU Leuven (Robot-Assisted Surgery) + Balgrist University Hospital / University of Zurich,CC-BY-4.0,URS31,R2,RUS,robotic_perpendicular,7,US/URS31_R2/RUS/1041.png,US/US_labels/URS31_R2.zip,"binary pixel mask, thin contour (MetaImage .mhd/.raw, zlib)","EXPERT-ANNOTATED VISIBLE BONE SURFACE (label value 2 of {1,2}). NOT a puncture target, entry point, trajectory, interspace choice or safety window.","one physician (publication author N.A.C.), who also acquired the handheld scans","physician; single annotator, so NO inter-rater agreement exists","decoded from MetaImage, flipped vertically (source is bottom-up), cropped","cropped to the live ultrasound sector, rows 150-960 cols 530-960 of the 1920x1080 screen capture; removes scanner UI, depth ruler and the burned-in study/date banner",none (native sector resolution 810x430),none (greyscale),original,"yes, with attribution (CC-BY-4.0)","yes, with attribution","Cavalcanti NA et al. A large, paired dataset of robotic and handheld lumbar spine ultrasound with ground-truth CT benchmarking. KU Leuven RDR, doi:10.48804/3XPCAE. Licensed CC-BY-4.0.",quantile,Real human in-vivo transcutaneous lumbar ultrasound frame.
URS31_R2_f0007::label,visuals/ultrasound/real_human_lumbar/expert_labels/URS31_R2_f0007.png,B,KU Leuven / Balgrist lumbar spine ultrasound,doi:10.48804/3XPCAE,10.1038/s41597-025-06047-9,KU Leuven (Robot-Assisted Surgery) + Balgrist University Hospital / University of Zurich,CC-BY-4.0,URS31,R2,RUS,robotic_perpendicular,7,US/URS31_R2/RUS/1041.png,US/US_labels/URS31_R2.zip,"binary pixel mask, thin contour (MetaImage .mhd/.raw, zlib)","EXPERT-ANNOTATED VISIBLE BONE SURFACE (label value 2 of {1,2}). NOT a puncture target, entry point, trajectory, interspace choice or safety window.","one physician (publication author N.A.C.), who also acquired the handheld scans","physician; single annotator, so NO inter-rater agreement exists",label value 2 rendered white on black; flipped and cropped identically to the frame,"cropped to the live ultrasound sector, rows 150-960 cols 530-960 of the 1920x1080 screen capture; removes scanner UI, depth ruler and the burned-in study/date banner",none (native sector resolution 810x430),white on black,original,"yes, with attribution (CC-BY-4.0)","yes, with attribution","Cavalcanti NA et al. A large, paired dataset of robotic and handheld lumbar spine ultrasound with ground-truth CT benchmarking. KU Leuven RDR, doi:10.48804/3XPCAE. Licensed CC-BY-4.0.",quantile,"The source expert annotation, unmodified in content."
URS31_R2_f0007::overlay,visuals/ultrasound/real_human_lumbar/expert_overlays/URS31_R2_f0007.png,D,KU Leuven / Balgrist lumbar spine ultrasound,doi:10.48804/3XPCAE,10.1038/s41597-025-06047-9,KU Leuven (Robot-Assisted Surgery) + Balgrist University Hospital / University of Zurich,CC-BY-4.0,URS31,R2,RUS,robotic_perpendicular,7,US/URS31_R2/RUS/1041.png,US/US_labels/URS31_R2.zip,"binary pixel mask, thin contour (MetaImage .mhd/.raw, zlib)","EXPERT-ANNOTATED VISIBLE BONE SURFACE (label value 2 of {1,2}). NOT a puncture target, entry point, trajectory, interspace choice or safety window.","one physician (publication author N.A.C.), who also acquired the handheld scans","physician; single annotator, so NO inter-rater agreement exists",expert mask dilated by 1 px for visibility and painted over the frame,"cropped to the live ultrasound sector, rows 150-960 cols 530-960 of the 1920x1080 screen capture; removes scanner UI, depth ruler and the burned-in study/date banner",none (native sector resolution 810x430),red = expert bone surface,derived,"yes, with attribution (CC-BY-4.0)","yes, with attribution","Cavalcanti NA et al. A large, paired dataset of robotic and handheld lumbar spine ultrasound with ground-truth CT benchmarking. KU Leuven RDR, doi:10.48804/3XPCAE. Licensed CC-BY-4.0.",quantile,Dilation is for display only; metrics never use the dilated mask.
URS31_R2_f0007::sidebyside,visuals/ultrasound/real_human_lumbar/side_by_side/URS31_R2_f0007.png,D,KU Leuven / Balgrist lumbar spine ultrasound,doi:10.48804/3XPCAE,10.1038/s41597-025-06047-9,KU Leuven (Robot-Assisted Surgery) + Balgrist University Hospital / University of Zurich,CC-BY-4.0,URS31,R2,RUS,robotic_perpendicular,7,US/URS31_R2/RUS/1041.png,US/US_labels/URS31_R2.zip,"binary pixel mask, thin contour (MetaImage .mhd/.raw, zlib)","EXPERT-ANNOTATED VISIBLE BONE SURFACE (label value 2 of {1,2}). NOT a puncture target, entry point, trajectory, interspace choice or safety window.","one physician (publication author N.A.C.), who also acquired the handheld scans","physician; single annotator, so NO inter-rater agreement exists",three-panel composite: raw | expert label | overlay,"cropped to the live ultrasound sector, rows 150-960 cols 530-960 of the 1920x1080 screen capture; removes scanner UI, depth ruler and the burned-in study/date banner",none (native sector resolution 810x430),red = expert bone surface,derived,"yes, with attribution (CC-BY-4.0)","yes, with attribution","Cavalcanti NA et al. A large, paired dataset of robotic and handheld lumbar spine ultrasound with ground-truth CT benchmarking. KU Leuven RDR, doi:10.48804/3XPCAE. Licensed CC-BY-4.0.",quantile,
URS31_R2_f0137::raw,visuals/ultrasound/real_human_lumbar/raw/URS31_R2_f0137.png,A,KU Leuven / Balgrist lumbar spine ultrasound,doi:10.48804/3XPCAE,10.1038/s41597-025-06047-9,KU Leuven (Robot-Assisted Surgery) + Balgrist University Hospital / University of Zurich,CC-BY-4.0,URS31,R2,RUS,robotic_perpendicular,137,US/URS31_R2/RUS/214.png,US/US_labels/URS31_R2.zip,"binary pixel mask, thin contour (MetaImage .mhd/.raw, zlib)","EXPERT-ANNOTATED VISIBLE BONE SURFACE (label value 2 of {1,2}). NOT a puncture target, entry point, trajectory, interspace choice or safety window.","one physician (publication author N.A.C.), who also acquired the handheld scans","physician; single annotator, so NO inter-rater agreement exists","decoded from MetaImage, flipped vertically (source is bottom-up), cropped","cropped to the live ultrasound sector, rows 150-960 cols 530-960 of the 1920x1080 screen capture; removes scanner UI, depth ruler and the burned-in study/date banner",none (native sector resolution 810x430),none (greyscale),original,"yes, with attribution (CC-BY-4.0)","yes, with attribution","Cavalcanti NA et al. A large, paired dataset of robotic and handheld lumbar spine ultrasound with ground-truth CT benchmarking. KU Leuven RDR, doi:10.48804/3XPCAE. Licensed CC-BY-4.0.",quantile,Real human in-vivo transcutaneous lumbar ultrasound frame.
URS31_R2_f0137::label,visuals/ultrasound/real_human_lumbar/expert_labels/URS31_R2_f0137.png,B,KU Leuven / Balgrist lumbar spine ultrasound,doi:10.48804/3XPCAE,10.1038/s41597-025-06047-9,KU Leuven (Robot-Assisted Surgery) + Balgrist University Hospital / University of Zurich,CC-BY-4.0,URS31,R2,RUS,robotic_perpendicular,137,US/URS31_R2/RUS/214.png,US/US_labels/URS31_R2.zip,"binary pixel mask, thin contour (MetaImage .mhd/.raw, zlib)","EXPERT-ANNOTATED VISIBLE BONE SURFACE (label value 2 of {1,2}). NOT a puncture target, entry point, trajectory, interspace choice or safety window.","one physician (publication author N.A.C.), who also acquired the handheld scans","physician; single annotator, so NO inter-rater agreement exists",label value 2 rendered white on black; flipped and cropped identically to the frame,"cropped to the live ultrasound sector, rows 150-960 cols 530-960 of the 1920x1080 screen capture; removes scanner UI, depth ruler and the burned-in study/date banner",none (native sector resolution 810x430),white on black,original,"yes, with attribution (CC-BY-4.0)","yes, with attribution","Cavalcanti NA et al. A large, paired dataset of robotic and handheld lumbar spine ultrasound with ground-truth CT benchmarking. KU Leuven RDR, doi:10.48804/3XPCAE. Licensed CC-BY-4.0.",quantile,"The source expert annotation, unmodified in content."
URS31_R2_f0137::overlay,visuals/ultrasound/real_human_lumbar/expert_overlays/URS31_R2_f0137.png,D,KU Leuven / Balgrist lumbar spine ultrasound,doi:10.48804/3XPCAE,10.1038/s41597-025-06047-9,KU Leuven (Robot-Assisted Surgery) + Balgrist University Hospital / University of Zurich,CC-BY-4.0,URS31,R2,RUS,robotic_perpendicular,137,US/URS31_R2/RUS/214.png,US/US_labels/URS31_R2.zip,"binary pixel mask, thin contour (MetaImage .mhd/.raw, zlib)","EXPERT-ANNOTATED VISIBLE BONE SURFACE (label value 2 of {1,2}). NOT a puncture target, entry point, trajectory, interspace choice or safety window.","one physician (publication author N.A.C.), who also acquired the handheld scans","physician; single annotator, so NO inter-rater agreement exists",expert mask dilated by 1 px for visibility and painted over the frame,"cropped to the live ultrasound sector, rows 150-960 cols 530-960 of the 1920x1080 screen capture; removes scanner UI, depth ruler and the burned-in study/date banner",none (native sector resolution 810x430),red = expert bone surface,derived,"yes, with attribution (CC-BY-4.0)","yes, with attribution","Cavalcanti NA et al. A large, paired dataset of robotic and handheld lumbar spine ultrasound with ground-truth CT benchmarking. KU Leuven RDR, doi:10.48804/3XPCAE. Licensed CC-BY-4.0.",quantile,Dilation is for display only; metrics never use the dilated mask.
URS31_R2_f0137::sidebyside,visuals/ultrasound/real_human_lumbar/side_by_side/URS31_R2_f0137.png,D,KU Leuven / Balgrist lumbar spine ultrasound,doi:10.48804/3XPCAE,10.1038/s41597-025-06047-9,KU Leuven (Robot-Assisted Surgery) + Balgrist University Hospital / University of Zurich,CC-BY-4.0,URS31,R2,RUS,robotic_perpendicular,137,US/URS31_R2/RUS/214.png,US/US_labels/URS31_R2.zip,"binary pixel mask, thin contour (MetaImage .mhd/.raw, zlib)","EXPERT-ANNOTATED VISIBLE BONE SURFACE (label value 2 of {1,2}). NOT a puncture target, entry point, trajectory, interspace choice or safety window.","one physician (publication author N.A.C.), who also acquired the handheld scans","physician; single annotator, so NO inter-rater agreement exists",three-panel composite: raw | expert label | overlay,"cropped to the live ultrasound sector, rows 150-960 cols 530-960 of the 1920x1080 screen capture; removes scanner UI, depth ruler and the burned-in study/date banner",none (native sector resolution 810x430),red = expert bone surface,derived,"yes, with attribution (CC-BY-4.0)","yes, with attribution","Cavalcanti NA et al. A large, paired dataset of robotic and handheld lumbar spine ultrasound with ground-truth CT benchmarking. KU Leuven RDR, doi:10.48804/3XPCAE. Licensed CC-BY-4.0.",quantile,
URS31_R2_f0041::raw,visuals/ultrasound/real_human_lumbar/raw/URS31_R2_f0041.png,A,KU Leuven / Balgrist lumbar spine ultrasound,doi:10.48804/3XPCAE,10.1038/s41597-025-06047-9,KU Leuven (Robot-Assisted Surgery) + Balgrist University Hospital / University of Zurich,CC-BY-4.0,URS31,R2,RUS,robotic_perpendicular,41,US/URS31_R2/RUS/1087.png,US/US_labels/URS31_R2.zip,"binary pixel mask, thin contour (MetaImage .mhd/.raw, zlib)","EXPERT-ANNOTATED VISIBLE BONE SURFACE (label value 2 of {1,2}). NOT a puncture target, entry point, trajectory, interspace choice or safety window.","one physician (publication author N.A.C.), who also acquired the handheld scans","physician; single annotator, so NO inter-rater agreement exists","decoded from MetaImage, flipped vertically (source is bottom-up), cropped","cropped to the live ultrasound sector, rows 150-960 cols 530-960 of the 1920x1080 screen capture; removes scanner UI, depth ruler and the burned-in study/date banner",none (native sector resolution 810x430),none (greyscale),original,"yes, with attribution (CC-BY-4.0)","yes, with attribution","Cavalcanti NA et al. A large, paired dataset of robotic and handheld lumbar spine ultrasound with ground-truth CT benchmarking. KU Leuven RDR, doi:10.48804/3XPCAE. Licensed CC-BY-4.0.",quantile,Real human in-vivo transcutaneous lumbar ultrasound frame.
URS31_R2_f0041::label,visuals/ultrasound/real_human_lumbar/expert_labels/URS31_R2_f0041.png,B,KU Leuven / Balgrist lumbar spine ultrasound,doi:10.48804/3XPCAE,10.1038/s41597-025-06047-9,KU Leuven (Robot-Assisted Surgery) + Balgrist University Hospital / University of Zurich,CC-BY-4.0,URS31,R2,RUS,robotic_perpendicular,41,US/URS31_R2/RUS/1087.png,US/US_labels/URS31_R2.zip,"binary pixel mask, thin contour (MetaImage .mhd/.raw, zlib)","EXPERT-ANNOTATED VISIBLE BONE SURFACE (label value 2 of {1,2}). NOT a puncture target, entry point, trajectory, interspace choice or safety window.","one physician (publication author N.A.C.), who also acquired the handheld scans","physician; single annotator, so NO inter-rater agreement exists",label value 2 rendered white on black; flipped and cropped identically to the frame,"cropped to the live ultrasound sector, rows 150-960 cols 530-960 of the 1920x1080 screen capture; removes scanner UI, depth ruler and the burned-in study/date banner",none (native sector resolution 810x430),white on black,original,"yes, with attribution (CC-BY-4.0)","yes, with attribution","Cavalcanti NA et al. A large, paired dataset of robotic and handheld lumbar spine ultrasound with ground-truth CT benchmarking. KU Leuven RDR, doi:10.48804/3XPCAE. Licensed CC-BY-4.0.",quantile,"The source expert annotation, unmodified in content."
URS31_R2_f0041::overlay,visuals/ultrasound/real_human_lumbar/expert_overlays/URS31_R2_f0041.png,D,KU Leuven / Balgrist lumbar spine ultrasound,doi:10.48804/3XPCAE,10.1038/s41597-025-06047-9,KU Leuven (Robot-Assisted Surgery) + Balgrist University Hospital / University of Zurich,CC-BY-4.0,URS31,R2,RUS,robotic_perpendicular,41,US/URS31_R2/RUS/1087.png,US/US_labels/URS31_R2.zip,"binary pixel mask, thin contour (MetaImage .mhd/.raw, zlib)","EXPERT-ANNOTATED VISIBLE BONE SURFACE (label value 2 of {1,2}). NOT a puncture target, entry point, trajectory, interspace choice or safety window.","one physician (publication author N.A.C.), who also acquired the handheld scans","physician; single annotator, so NO inter-rater agreement exists",expert mask dilated by 1 px for visibility and painted over the frame,"cropped to the live ultrasound sector, rows 150-960 cols 530-960 of the 1920x1080 screen capture; removes scanner UI, depth ruler and the burned-in study/date banner",none (native sector resolution 810x430),red = expert bone surface,derived,"yes, with attribution (CC-BY-4.0)","yes, with attribution","Cavalcanti NA et al. A large, paired dataset of robotic and handheld lumbar spine ultrasound with ground-truth CT benchmarking. KU Leuven RDR, doi:10.48804/3XPCAE. Licensed CC-BY-4.0.",quantile,Dilation is for display only; metrics never use the dilated mask.
URS31_R2_f0041::sidebyside,visuals/ultrasound/real_human_lumbar/side_by_side/URS31_R2_f0041.png,D,KU Leuven / Balgrist lumbar spine ultrasound,doi:10.48804/3XPCAE,10.1038/s41597-025-06047-9,KU Leuven (Robot-Assisted Surgery) + Balgrist University Hospital / University of Zurich,CC-BY-4.0,URS31,R2,RUS,robotic_perpendicular,41,US/URS31_R2/RUS/1087.png,US/US_labels/URS31_R2.zip,"binary pixel mask, thin contour (MetaImage .mhd/.raw, zlib)","EXPERT-ANNOTATED VISIBLE BONE SURFACE (label value 2 of {1,2}). NOT a puncture target, entry point, trajectory, interspace choice or safety window.","one physician (publication author N.A.C.), who also acquired the handheld scans","physician; single annotator, so NO inter-rater agreement exists",three-panel composite: raw | expert label | overlay,"cropped to the live ultrasound sector, rows 150-960 cols 530-960 of the 1920x1080 screen capture; removes scanner UI, depth ruler and the burned-in study/date banner",none (native sector resolution 810x430),red = expert bone surface,derived,"yes, with attribution (CC-BY-4.0)","yes, with attribution","Cavalcanti NA et al. A large, paired dataset of robotic and handheld lumbar spine ultrasound with ground-truth CT benchmarking. KU Leuven RDR, doi:10.48804/3XPCAE. Licensed CC-BY-4.0.",quantile,
URS31_R2_f0232::raw,visuals/ultrasound/real_human_lumbar/raw/URS31_R2_f0232.png,A,KU Leuven / Balgrist lumbar spine ultrasound,doi:10.48804/3XPCAE,10.1038/s41597-025-06047-9,KU Leuven (Robot-Assisted Surgery) + Balgrist University Hospital / University of Zurich,CC-BY-4.0,URS31,R2,RUS,robotic_perpendicular,232,US/URS31_R2/RUS/468.png,US/US_labels/URS31_R2.zip,"binary pixel mask, thin contour (MetaImage .mhd/.raw, zlib)","EXPERT-ANNOTATED VISIBLE BONE SURFACE (label value 2 of {1,2}). NOT a puncture target, entry point, trajectory, interspace choice or safety window.","one physician (publication author N.A.C.), who also acquired the handheld scans","physician; single annotator, so NO inter-rater agreement exists","decoded from MetaImage, flipped vertically (source is bottom-up), cropped","cropped to the live ultrasound sector, rows 150-960 cols 530-960 of the 1920x1080 screen capture; removes scanner UI, depth ruler and the burned-in study/date banner",none (native sector resolution 810x430),none (greyscale),original,"yes, with attribution (CC-BY-4.0)","yes, with attribution","Cavalcanti NA et al. A large, paired dataset of robotic and handheld lumbar spine ultrasound with ground-truth CT benchmarking. KU Leuven RDR, doi:10.48804/3XPCAE. Licensed CC-BY-4.0.",quantile,Real human in-vivo transcutaneous lumbar ultrasound frame.
URS31_R2_f0232::label,visuals/ultrasound/real_human_lumbar/expert_labels/URS31_R2_f0232.png,B,KU Leuven / Balgrist lumbar spine ultrasound,doi:10.48804/3XPCAE,10.1038/s41597-025-06047-9,KU Leuven (Robot-Assisted Surgery) + Balgrist University Hospital / University of Zurich,CC-BY-4.0,URS31,R2,RUS,robotic_perpendicular,232,US/URS31_R2/RUS/468.png,US/US_labels/URS31_R2.zip,"binary pixel mask, thin contour (MetaImage .mhd/.raw, zlib)","EXPERT-ANNOTATED VISIBLE BONE SURFACE (label value 2 of {1,2}). NOT a puncture target, entry point, trajectory, interspace choice or safety window.","one physician (publication author N.A.C.), who also acquired the handheld scans","physician; single annotator, so NO inter-rater agreement exists",label value 2 rendered white on black; flipped and cropped identically to the frame,"cropped to the live ultrasound sector, rows 150-960 cols 530-960 of the 1920x1080 screen capture; removes scanner UI, depth ruler and the burned-in study/date banner",none (native sector resolution 810x430),white on black,original,"yes, with attribution (CC-BY-4.0)","yes, with attribution","Cavalcanti NA et al. A large, paired dataset of robotic and handheld lumbar spine ultrasound with ground-truth CT benchmarking. KU Leuven RDR, doi:10.48804/3XPCAE. Licensed CC-BY-4.0.",quantile,"The source expert annotation, unmodified in content."
URS31_R2_f0232::overlay,visuals/ultrasound/real_human_lumbar/expert_overlays/URS31_R2_f0232.png,D,KU Leuven / Balgrist lumbar spine ultrasound,doi:10.48804/3XPCAE,10.1038/s41597-025-06047-9,KU Leuven (Robot-Assisted Surgery) + Balgrist University Hospital / University of Zurich,CC-BY-4.0,URS31,R2,RUS,robotic_perpendicular,232,US/URS31_R2/RUS/468.png,US/US_labels/URS31_R2.zip,"binary pixel mask, thin contour (MetaImage .mhd/.raw, zlib)","EXPERT-ANNOTATED VISIBLE BONE SURFACE (label value 2 of {1,2}). NOT a puncture target, entry point, trajectory, interspace choice or safety window.","one physician (publication author N.A.C.), who also acquired the handheld scans","physician; single annotator, so NO inter-rater agreement exists",expert mask dilated by 1 px for visibility and painted over the frame,"cropped to the live ultrasound sector, rows 150-960 cols 530-960 of the 1920x1080 screen capture; removes scanner UI, depth ruler and the burned-in study/date banner",none (native sector resolution 810x430),red = expert bone surface,derived,"yes, with attribution (CC-BY-4.0)","yes, with attribution","Cavalcanti NA et al. A large, paired dataset of robotic and handheld lumbar spine ultrasound with ground-truth CT benchmarking. KU Leuven RDR, doi:10.48804/3XPCAE. Licensed CC-BY-4.0.",quantile,Dilation is for display only; metrics never use the dilated mask.
URS31_R2_f0232::sidebyside,visuals/ultrasound/real_human_lumbar/side_by_side/URS31_R2_f0232.png,D,KU Leuven / Balgrist lumbar spine ultrasound,doi:10.48804/3XPCAE,10.1038/s41597-025-06047-9,KU Leuven (Robot-Assisted Surgery) + Balgrist University Hospital / University of Zurich,CC-BY-4.0,URS31,R2,RUS,robotic_perpendicular,232,US/URS31_R2/RUS/468.png,US/US_labels/URS31_R2.zip,"binary pixel mask, thin contour (MetaImage .mhd/.raw, zlib)","EXPERT-ANNOTATED VISIBLE BONE SURFACE (label value 2 of {1,2}). NOT a puncture target, entry point, trajectory, interspace choice or safety window.","one physician (publication author N.A.C.), who also acquired the handheld scans","physician; single annotator, so NO inter-rater agreement exists",three-panel composite: raw | expert label | overlay,"cropped to the live ultrasound sector, rows 150-960 cols 530-960 of the 1920x1080 screen capture; removes scanner UI, depth ruler and the burned-in study/date banner",none (native sector resolution 810x430),red = expert bone surface,derived,"yes, with attribution (CC-BY-4.0)","yes, with attribution","Cavalcanti NA et al. A large, paired dataset of robotic and handheld lumbar spine ultrasound with ground-truth CT benchmarking. KU Leuven RDR, doi:10.48804/3XPCAE. Licensed CC-BY-4.0.",quantile,
URS36_D2_f0004::raw,visuals/ultrasound/real_human_lumbar/raw/URS36_D2_f0004.png,A,KU Leuven / Balgrist lumbar spine ultrasound,doi:10.48804/3XPCAE,10.1038/s41597-025-06047-9,KU Leuven (Robot-Assisted Surgery) + Balgrist University Hospital / University of Zurich,CC-BY-4.0,URS36,D2,RUS,robotic_other,4,US/URS36_D2/DUS/1546.png,US/US_labels/URS36_D2.zip,"binary pixel mask, thin contour (MetaImage .mhd/.raw, zlib)","EXPERT-ANNOTATED VISIBLE BONE SURFACE (label value 2 of {1,2}). NOT a puncture target, entry point, trajectory, interspace choice or safety window.","one physician (publication author N.A.C.), who also acquired the handheld scans","physician; single annotator, so NO inter-rater agreement exists","decoded from MetaImage, flipped vertically (source is bottom-up), cropped","cropped to the live ultrasound sector, rows 150-960 cols 530-960 of the 1920x1080 screen capture; removes scanner UI, depth ruler and the burned-in study/date banner",none (native sector resolution 810x430),none (greyscale),original,"yes, with attribution (CC-BY-4.0)","yes, with attribution","Cavalcanti NA et al. A large, paired dataset of robotic and handheld lumbar spine ultrasound with ground-truth CT benchmarking. KU Leuven RDR, doi:10.48804/3XPCAE. Licensed CC-BY-4.0.",quantile,Real human in-vivo transcutaneous lumbar ultrasound frame.
URS36_D2_f0004::label,visuals/ultrasound/real_human_lumbar/expert_labels/URS36_D2_f0004.png,B,KU Leuven / Balgrist lumbar spine ultrasound,doi:10.48804/3XPCAE,10.1038/s41597-025-06047-9,KU Leuven (Robot-Assisted Surgery) + Balgrist University Hospital / University of Zurich,CC-BY-4.0,URS36,D2,RUS,robotic_other,4,US/URS36_D2/DUS/1546.png,US/US_labels/URS36_D2.zip,"binary pixel mask, thin contour (MetaImage .mhd/.raw, zlib)","EXPERT-ANNOTATED VISIBLE BONE SURFACE (label value 2 of {1,2}). NOT a puncture target, entry point, trajectory, interspace choice or safety window.","one physician (publication author N.A.C.), who also acquired the handheld scans","physician; single annotator, so NO inter-rater agreement exists",label value 2 rendered white on black; flipped and cropped identically to the frame,"cropped to the live ultrasound sector, rows 150-960 cols 530-960 of the 1920x1080 screen capture; removes scanner UI, depth ruler and the burned-in study/date banner",none (native sector resolution 810x430),white on black,original,"yes, with attribution (CC-BY-4.0)","yes, with attribution","Cavalcanti NA et al. A large, paired dataset of robotic and handheld lumbar spine ultrasound with ground-truth CT benchmarking. KU Leuven RDR, doi:10.48804/3XPCAE. Licensed CC-BY-4.0.",quantile,"The source expert annotation, unmodified in content."
URS36_D2_f0004::overlay,visuals/ultrasound/real_human_lumbar/expert_overlays/URS36_D2_f0004.png,D,KU Leuven / Balgrist lumbar spine ultrasound,doi:10.48804/3XPCAE,10.1038/s41597-025-06047-9,KU Leuven (Robot-Assisted Surgery) + Balgrist University Hospital / University of Zurich,CC-BY-4.0,URS36,D2,RUS,robotic_other,4,US/URS36_D2/DUS/1546.png,US/US_labels/URS36_D2.zip,"binary pixel mask, thin contour (MetaImage .mhd/.raw, zlib)","EXPERT-ANNOTATED VISIBLE BONE SURFACE (label value 2 of {1,2}). NOT a puncture target, entry point, trajectory, interspace choice or safety window.","one physician (publication author N.A.C.), who also acquired the handheld scans","physician; single annotator, so NO inter-rater agreement exists",expert mask dilated by 1 px for visibility and painted over the frame,"cropped to the live ultrasound sector, rows 150-960 cols 530-960 of the 1920x1080 screen capture; removes scanner UI, depth ruler and the burned-in study/date banner",none (native sector resolution 810x430),red = expert bone surface,derived,"yes, with attribution (CC-BY-4.0)","yes, with attribution","Cavalcanti NA et al. A large, paired dataset of robotic and handheld lumbar spine ultrasound with ground-truth CT benchmarking. KU Leuven RDR, doi:10.48804/3XPCAE. Licensed CC-BY-4.0.",quantile,Dilation is for display only; metrics never use the dilated mask.
URS36_D2_f0004::sidebyside,visuals/ultrasound/real_human_lumbar/side_by_side/URS36_D2_f0004.png,D,KU Leuven / Balgrist lumbar spine ultrasound,doi:10.48804/3XPCAE,10.1038/s41597-025-06047-9,KU Leuven (Robot-Assisted Surgery) + Balgrist University Hospital / University of Zurich,CC-BY-4.0,URS36,D2,RUS,robotic_other,4,US/URS36_D2/DUS/1546.png,US/US_labels/URS36_D2.zip,"binary pixel mask, thin contour (MetaImage .mhd/.raw, zlib)","EXPERT-ANNOTATED VISIBLE BONE SURFACE (label value 2 of {1,2}). NOT a puncture target, entry point, trajectory, interspace choice or safety window.","one physician (publication author N.A.C.), who also acquired the handheld scans","physician; single annotator, so NO inter-rater agreement exists",three-panel composite: raw | expert label | overlay,"cropped to the live ultrasound sector, rows 150-960 cols 530-960 of the 1920x1080 screen capture; removes scanner UI, depth ruler and the burned-in study/date banner",none (native sector resolution 810x430),red = expert bone surface,derived,"yes, with attribution (CC-BY-4.0)","yes, with attribution","Cavalcanti NA et al. A large, paired dataset of robotic and handheld lumbar spine ultrasound with ground-truth CT benchmarking. KU Leuven RDR, doi:10.48804/3XPCAE. Licensed CC-BY-4.0.",quantile,
URS36_D2_f0142::raw,visuals/ultrasound/real_human_lumbar/raw/URS36_D2_f0142.png,A,KU Leuven / Balgrist lumbar spine ultrasound,doi:10.48804/3XPCAE,10.1038/s41597-025-06047-9,KU Leuven (Robot-Assisted Surgery) + Balgrist University Hospital / University of Zurich,CC-BY-4.0,URS36,D2,RUS,robotic_other,142,US/URS36_D2/DUS/1818.png,US/US_labels/URS36_D2.zip,"binary pixel mask, thin contour (MetaImage .mhd/.raw, zlib)","EXPERT-ANNOTATED VISIBLE BONE SURFACE (label value 2 of {1,2}). NOT a puncture target, entry point, trajectory, interspace choice or safety window.","one physician (publication author N.A.C.), who also acquired the handheld scans","physician; single annotator, so NO inter-rater agreement exists","decoded from MetaImage, flipped vertically (source is bottom-up), cropped","cropped to the live ultrasound sector, rows 150-960 cols 530-960 of the 1920x1080 screen capture; removes scanner UI, depth ruler and the burned-in study/date banner",none (native sector resolution 810x430),none (greyscale),original,"yes, with attribution (CC-BY-4.0)","yes, with attribution","Cavalcanti NA et al. A large, paired dataset of robotic and handheld lumbar spine ultrasound with ground-truth CT benchmarking. KU Leuven RDR, doi:10.48804/3XPCAE. Licensed CC-BY-4.0.",quantile,Real human in-vivo transcutaneous lumbar ultrasound frame.
URS36_D2_f0142::label,visuals/ultrasound/real_human_lumbar/expert_labels/URS36_D2_f0142.png,B,KU Leuven / Balgrist lumbar spine ultrasound,doi:10.48804/3XPCAE,10.1038/s41597-025-06047-9,KU Leuven (Robot-Assisted Surgery) + Balgrist University Hospital / University of Zurich,CC-BY-4.0,URS36,D2,RUS,robotic_other,142,US/URS36_D2/DUS/1818.png,US/US_labels/URS36_D2.zip,"binary pixel mask, thin contour (MetaImage .mhd/.raw, zlib)","EXPERT-ANNOTATED VISIBLE BONE SURFACE (label value 2 of {1,2}). NOT a puncture target, entry point, trajectory, interspace choice or safety window.","one physician (publication author N.A.C.), who also acquired the handheld scans","physician; single annotator, so NO inter-rater agreement exists",label value 2 rendered white on black; flipped and cropped identically to the frame,"cropped to the live ultrasound sector, rows 150-960 cols 530-960 of the 1920x1080 screen capture; removes scanner UI, depth ruler and the burned-in study/date banner",none (native sector resolution 810x430),white on black,original,"yes, with attribution (CC-BY-4.0)","yes, with attribution","Cavalcanti NA et al. A large, paired dataset of robotic and handheld lumbar spine ultrasound with ground-truth CT benchmarking. KU Leuven RDR, doi:10.48804/3XPCAE. Licensed CC-BY-4.0.",quantile,"The source expert annotation, unmodified in content."
URS36_D2_f0142::overlay,visuals/ultrasound/real_human_lumbar/expert_overlays/URS36_D2_f0142.png,D,KU Leuven / Balgrist lumbar spine ultrasound,doi:10.48804/3XPCAE,10.1038/s41597-025-06047-9,KU Leuven (Robot-Assisted Surgery) + Balgrist University Hospital / University of Zurich,CC-BY-4.0,URS36,D2,RUS,robotic_other,142,US/URS36_D2/DUS/1818.png,US/US_labels/URS36_D2.zip,"binary pixel mask, thin contour (MetaImage .mhd/.raw, zlib)","EXPERT-ANNOTATED VISIBLE BONE SURFACE (label value 2 of {1,2}). NOT a puncture target, entry point, trajectory, interspace choice or safety window.","one physician (publication author N.A.C.), who also acquired the handheld scans","physician; single annotator, so NO inter-rater agreement exists",expert mask dilated by 1 px for visibility and painted over the frame,"cropped to the live ultrasound sector, rows 150-960 cols 530-960 of the 1920x1080 screen capture; removes scanner UI, depth ruler and the burned-in study/date banner",none (native sector resolution 810x430),red = expert bone surface,derived,"yes, with attribution (CC-BY-4.0)","yes, with attribution","Cavalcanti NA et al. A large, paired dataset of robotic and handheld lumbar spine ultrasound with ground-truth CT benchmarking. KU Leuven RDR, doi:10.48804/3XPCAE. Licensed CC-BY-4.0.",quantile,Dilation is for display only; metrics never use the dilated mask.
URS36_D2_f0142::sidebyside,visuals/ultrasound/real_human_lumbar/side_by_side/URS36_D2_f0142.png,D,KU Leuven / Balgrist lumbar spine ultrasound,doi:10.48804/3XPCAE,10.1038/s41597-025-06047-9,KU Leuven (Robot-Assisted Surgery) + Balgrist University Hospital / University of Zurich,CC-BY-4.0,URS36,D2,RUS,robotic_other,142,US/URS36_D2/DUS/1818.png,US/US_labels/URS36_D2.zip,"binary pixel mask, thin contour (MetaImage .mhd/.raw, zlib)","EXPERT-ANNOTATED VISIBLE BONE SURFACE (label value 2 of {1,2}). NOT a puncture target, entry point, trajectory, interspace choice or safety window.","one physician (publication author N.A.C.), who also acquired the handheld scans","physician; single annotator, so NO inter-rater agreement exists",three-panel composite: raw | expert label | overlay,"cropped to the live ultrasound sector, rows 150-960 cols 530-960 of the 1920x1080 screen capture; removes scanner UI, depth ruler and the burned-in study/date banner",none (native sector resolution 810x430),red = expert bone surface,derived,"yes, with attribution (CC-BY-4.0)","yes, with attribution","Cavalcanti NA et al. A large, paired dataset of robotic and handheld lumbar spine ultrasound with ground-truth CT benchmarking. KU Leuven RDR, doi:10.48804/3XPCAE. Licensed CC-BY-4.0.",quantile,
URS36_D2_f0274::raw,visuals/ultrasound/real_human_lumbar/raw/URS36_D2_f0274.png,A,KU Leuven / Balgrist lumbar spine ultrasound,doi:10.48804/3XPCAE,10.1038/s41597-025-06047-9,KU Leuven (Robot-Assisted Surgery) + Balgrist University Hospital / University of Zurich,CC-BY-4.0,URS36,D2,RUS,robotic_other,274,US/URS36_D2/DUS/2013.png,US/US_labels/URS36_D2.zip,"binary pixel mask, thin contour (MetaImage .mhd/.raw, zlib)","EXPERT-ANNOTATED VISIBLE BONE SURFACE (label value 2 of {1,2}). NOT a puncture target, entry point, trajectory, interspace choice or safety window.","one physician (publication author N.A.C.), who also acquired the handheld scans","physician; single annotator, so NO inter-rater agreement exists","decoded from MetaImage, flipped vertically (source is bottom-up), cropped","cropped to the live ultrasound sector, rows 150-960 cols 530-960 of the 1920x1080 screen capture; removes scanner UI, depth ruler and the burned-in study/date banner",none (native sector resolution 810x430),none (greyscale),original,"yes, with attribution (CC-BY-4.0)","yes, with attribution","Cavalcanti NA et al. A large, paired dataset of robotic and handheld lumbar spine ultrasound with ground-truth CT benchmarking. KU Leuven RDR, doi:10.48804/3XPCAE. Licensed CC-BY-4.0.",quantile,Real human in-vivo transcutaneous lumbar ultrasound frame.
URS36_D2_f0274::label,visuals/ultrasound/real_human_lumbar/expert_labels/URS36_D2_f0274.png,B,KU Leuven / Balgrist lumbar spine ultrasound,doi:10.48804/3XPCAE,10.1038/s41597-025-06047-9,KU Leuven (Robot-Assisted Surgery) + Balgrist University Hospital / University of Zurich,CC-BY-4.0,URS36,D2,RUS,robotic_other,274,US/URS36_D2/DUS/2013.png,US/US_labels/URS36_D2.zip,"binary pixel mask, thin contour (MetaImage .mhd/.raw, zlib)","EXPERT-ANNOTATED VISIBLE BONE SURFACE (label value 2 of {1,2}). NOT a puncture target, entry point, trajectory, interspace choice or safety window.","one physician (publication author N.A.C.), who also acquired the handheld scans","physician; single annotator, so NO inter-rater agreement exists",label value 2 rendered white on black; flipped and cropped identically to the frame,"cropped to the live ultrasound sector, rows 150-960 cols 530-960 of the 1920x1080 screen capture; removes scanner UI, depth ruler and the burned-in study/date banner",none (native sector resolution 810x430),white on black,original,"yes, with attribution (CC-BY-4.0)","yes, with attribution","Cavalcanti NA et al. A large, paired dataset of robotic and handheld lumbar spine ultrasound with ground-truth CT benchmarking. KU Leuven RDR, doi:10.48804/3XPCAE. Licensed CC-BY-4.0.",quantile,"The source expert annotation, unmodified in content."
URS36_D2_f0274::overlay,visuals/ultrasound/real_human_lumbar/expert_overlays/URS36_D2_f0274.png,D,KU Leuven / Balgrist lumbar spine ultrasound,doi:10.48804/3XPCAE,10.1038/s41597-025-06047-9,KU Leuven (Robot-Assisted Surgery) + Balgrist University Hospital / University of Zurich,CC-BY-4.0,URS36,D2,RUS,robotic_other,274,US/URS36_D2/DUS/2013.png,US/US_labels/URS36_D2.zip,"binary pixel mask, thin contour (MetaImage .mhd/.raw, zlib)","EXPERT-ANNOTATED VISIBLE BONE SURFACE (label value 2 of {1,2}). NOT a puncture target, entry point, trajectory, interspace choice or safety window.","one physician (publication author N.A.C.), who also acquired the handheld scans","physician; single annotator, so NO inter-rater agreement exists",expert mask dilated by 1 px for visibility and painted over the frame,"cropped to the live ultrasound sector, rows 150-960 cols 530-960 of the 1920x1080 screen capture; removes scanner UI, depth ruler and the burned-in study/date banner",none (native sector resolution 810x430),red = expert bone surface,derived,"yes, with attribution (CC-BY-4.0)","yes, with attribution","Cavalcanti NA et al. A large, paired dataset of robotic and handheld lumbar spine ultrasound with ground-truth CT benchmarking. KU Leuven RDR, doi:10.48804/3XPCAE. Licensed CC-BY-4.0.",quantile,Dilation is for display only; metrics never use the dilated mask.
URS36_D2_f0274::sidebyside,visuals/ultrasound/real_human_lumbar/side_by_side/URS36_D2_f0274.png,D,KU Leuven / Balgrist lumbar spine ultrasound,doi:10.48804/3XPCAE,10.1038/s41597-025-06047-9,KU Leuven (Robot-Assisted Surgery) + Balgrist University Hospital / University of Zurich,CC-BY-4.0,URS36,D2,RUS,robotic_other,274,US/URS36_D2/DUS/2013.png,US/US_labels/URS36_D2.zip,"binary pixel mask, thin contour (MetaImage .mhd/.raw, zlib)","EXPERT-ANNOTATED VISIBLE BONE SURFACE (label value 2 of {1,2}). NOT a puncture target, entry point, trajectory, interspace choice or safety window.","one physician (publication author N.A.C.), who also acquired the handheld scans","physician; single annotator, so NO inter-rater agreement exists",three-panel composite: raw | expert label | overlay,"cropped to the live ultrasound sector, rows 150-960 cols 530-960 of the 1920x1080 screen capture; removes scanner UI, depth ruler and the burned-in study/date banner",none (native sector resolution 810x430),red = expert bone surface,derived,"yes, with attribution (CC-BY-4.0)","yes, with attribution","Cavalcanti NA et al. A large, paired dataset of robotic and handheld lumbar spine ultrasound with ground-truth CT benchmarking. KU Leuven RDR, doi:10.48804/3XPCAE. Licensed CC-BY-4.0.",quantile,
URS36_D2_f0052::raw,visuals/ultrasound/real_human_lumbar/raw/URS36_D2_f0052.png,A,KU Leuven / Balgrist lumbar spine ultrasound,doi:10.48804/3XPCAE,10.1038/s41597-025-06047-9,KU Leuven (Robot-Assisted Surgery) + Balgrist University Hospital / University of Zurich,CC-BY-4.0,URS36,D2,RUS,robotic_other,52,US/URS36_D2/DUS/1638.png,US/US_labels/URS36_D2.zip,"binary pixel mask, thin contour (MetaImage .mhd/.raw, zlib)","EXPERT-ANNOTATED VISIBLE BONE SURFACE (label value 2 of {1,2}). NOT a puncture target, entry point, trajectory, interspace choice or safety window.","one physician (publication author N.A.C.), who also acquired the handheld scans","physician; single annotator, so NO inter-rater agreement exists","decoded from MetaImage, flipped vertically (source is bottom-up), cropped","cropped to the live ultrasound sector, rows 150-960 cols 530-960 of the 1920x1080 screen capture; removes scanner UI, depth ruler and the burned-in study/date banner",none (native sector resolution 810x430),none (greyscale),original,"yes, with attribution (CC-BY-4.0)","yes, with attribution","Cavalcanti NA et al. A large, paired dataset of robotic and handheld lumbar spine ultrasound with ground-truth CT benchmarking. KU Leuven RDR, doi:10.48804/3XPCAE. Licensed CC-BY-4.0.",quantile,Real human in-vivo transcutaneous lumbar ultrasound frame.
URS36_D2_f0052::label,visuals/ultrasound/real_human_lumbar/expert_labels/URS36_D2_f0052.png,B,KU Leuven / Balgrist lumbar spine ultrasound,doi:10.48804/3XPCAE,10.1038/s41597-025-06047-9,KU Leuven (Robot-Assisted Surgery) + Balgrist University Hospital / University of Zurich,CC-BY-4.0,URS36,D2,RUS,robotic_other,52,US/URS36_D2/DUS/1638.png,US/US_labels/URS36_D2.zip,"binary pixel mask, thin contour (MetaImage .mhd/.raw, zlib)","EXPERT-ANNOTATED VISIBLE BONE SURFACE (label value 2 of {1,2}). NOT a puncture target, entry point, trajectory, interspace choice or safety window.","one physician (publication author N.A.C.), who also acquired the handheld scans","physician; single annotator, so NO inter-rater agreement exists",label value 2 rendered white on black; flipped and cropped identically to the frame,"cropped to the live ultrasound sector, rows 150-960 cols 530-960 of the 1920x1080 screen capture; removes scanner UI, depth ruler and the burned-in study/date banner",none (native sector resolution 810x430),white on black,original,"yes, with attribution (CC-BY-4.0)","yes, with attribution","Cavalcanti NA et al. A large, paired dataset of robotic and handheld lumbar spine ultrasound with ground-truth CT benchmarking. KU Leuven RDR, doi:10.48804/3XPCAE. Licensed CC-BY-4.0.",quantile,"The source expert annotation, unmodified in content."
URS36_D2_f0052::overlay,visuals/ultrasound/real_human_lumbar/expert_overlays/URS36_D2_f0052.png,D,KU Leuven / Balgrist lumbar spine ultrasound,doi:10.48804/3XPCAE,10.1038/s41597-025-06047-9,KU Leuven (Robot-Assisted Surgery) + Balgrist University Hospital / University of Zurich,CC-BY-4.0,URS36,D2,RUS,robotic_other,52,US/URS36_D2/DUS/1638.png,US/US_labels/URS36_D2.zip,"binary pixel mask, thin contour (MetaImage .mhd/.raw, zlib)","EXPERT-ANNOTATED VISIBLE BONE SURFACE (label value 2 of {1,2}). NOT a puncture target, entry point, trajectory, interspace choice or safety window.","one physician (publication author N.A.C.), who also acquired the handheld scans","physician; single annotator, so NO inter-rater agreement exists",expert mask dilated by 1 px for visibility and painted over the frame,"cropped to the live ultrasound sector, rows 150-960 cols 530-960 of the 1920x1080 screen capture; removes scanner UI, depth ruler and the burned-in study/date banner",none (native sector resolution 810x430),red = expert bone surface,derived,"yes, with attribution (CC-BY-4.0)","yes, with attribution","Cavalcanti NA et al. A large, paired dataset of robotic and handheld lumbar spine ultrasound with ground-truth CT benchmarking. KU Leuven RDR, doi:10.48804/3XPCAE. Licensed CC-BY-4.0.",quantile,Dilation is for display only; metrics never use the dilated mask.
URS36_D2_f0052::sidebyside,visuals/ultrasound/real_human_lumbar/side_by_side/URS36_D2_f0052.png,D,KU Leuven / Balgrist lumbar spine ultrasound,doi:10.48804/3XPCAE,10.1038/s41597-025-06047-9,KU Leuven (Robot-Assisted Surgery) + Balgrist University Hospital / University of Zurich,CC-BY-4.0,URS36,D2,RUS,robotic_other,52,US/URS36_D2/DUS/1638.png,US/US_labels/URS36_D2.zip,"binary pixel mask, thin contour (MetaImage .mhd/.raw, zlib)","EXPERT-ANNOTATED VISIBLE BONE SURFACE (label value 2 of {1,2}). NOT a puncture target, entry point, trajectory, interspace choice or safety window.","one physician (publication author N.A.C.), who also acquired the handheld scans","physician; single annotator, so NO inter-rater agreement exists",three-panel composite: raw | expert label | overlay,"cropped to the live ultrasound sector, rows 150-960 cols 530-960 of the 1920x1080 screen capture; removes scanner UI, depth ruler and the burned-in study/date banner",none (native sector resolution 810x430),red = expert bone surface,derived,"yes, with attribution (CC-BY-4.0)","yes, with attribution","Cavalcanti NA et al. A large, paired dataset of robotic and handheld lumbar spine ultrasound with ground-truth CT benchmarking. KU Leuven RDR, doi:10.48804/3XPCAE. Licensed CC-BY-4.0.",quantile,
URS36_H2_f0022::raw,visuals/ultrasound/real_human_lumbar/raw/URS36_H2_f0022.png,A,KU Leuven / Balgrist lumbar spine ultrasound,doi:10.48804/3XPCAE,10.1038/s41597-025-06047-9,KU Leuven (Robot-Assisted Surgery) + Balgrist University Hospital / University of Zurich,CC-BY-4.0,URS36,H2,HUS,handheld,22,US/URS36_H2/HUS/1032.png,US/US_labels/URS36_H2.zip,"binary pixel mask, thin contour (MetaImage .mhd/.raw, zlib)","EXPERT-ANNOTATED VISIBLE BONE SURFACE (label value 2 of {1,2}). NOT a puncture target, entry point, trajectory, interspace choice or safety window.","one physician (publication author N.A.C.), who also acquired the handheld scans","physician; single annotator, so NO inter-rater agreement exists","decoded from MetaImage, flipped vertically (source is bottom-up), cropped","cropped to the live ultrasound sector, rows 150-960 cols 530-960 of the 1920x1080 screen capture; removes scanner UI, depth ruler and the burned-in study/date banner",none (native sector resolution 810x430),none (greyscale),original,"yes, with attribution (CC-BY-4.0)","yes, with attribution","Cavalcanti NA et al. A large, paired dataset of robotic and handheld lumbar spine ultrasound with ground-truth CT benchmarking. KU Leuven RDR, doi:10.48804/3XPCAE. Licensed CC-BY-4.0.",quantile,Real human in-vivo transcutaneous lumbar ultrasound frame.
URS36_H2_f0022::label,visuals/ultrasound/real_human_lumbar/expert_labels/URS36_H2_f0022.png,B,KU Leuven / Balgrist lumbar spine ultrasound,doi:10.48804/3XPCAE,10.1038/s41597-025-06047-9,KU Leuven (Robot-Assisted Surgery) + Balgrist University Hospital / University of Zurich,CC-BY-4.0,URS36,H2,HUS,handheld,22,US/URS36_H2/HUS/1032.png,US/US_labels/URS36_H2.zip,"binary pixel mask, thin contour (MetaImage .mhd/.raw, zlib)","EXPERT-ANNOTATED VISIBLE BONE SURFACE (label value 2 of {1,2}). NOT a puncture target, entry point, trajectory, interspace choice or safety window.","one physician (publication author N.A.C.), who also acquired the handheld scans","physician; single annotator, so NO inter-rater agreement exists",label value 2 rendered white on black; flipped and cropped identically to the frame,"cropped to the live ultrasound sector, rows 150-960 cols 530-960 of the 1920x1080 screen capture; removes scanner UI, depth ruler and the burned-in study/date banner",none (native sector resolution 810x430),white on black,original,"yes, with attribution (CC-BY-4.0)","yes, with attribution","Cavalcanti NA et al. A large, paired dataset of robotic and handheld lumbar spine ultrasound with ground-truth CT benchmarking. KU Leuven RDR, doi:10.48804/3XPCAE. Licensed CC-BY-4.0.",quantile,"The source expert annotation, unmodified in content."
URS36_H2_f0022::overlay,visuals/ultrasound/real_human_lumbar/expert_overlays/URS36_H2_f0022.png,D,KU Leuven / Balgrist lumbar spine ultrasound,doi:10.48804/3XPCAE,10.1038/s41597-025-06047-9,KU Leuven (Robot-Assisted Surgery) + Balgrist University Hospital / University of Zurich,CC-BY-4.0,URS36,H2,HUS,handheld,22,US/URS36_H2/HUS/1032.png,US/US_labels/URS36_H2.zip,"binary pixel mask, thin contour (MetaImage .mhd/.raw, zlib)","EXPERT-ANNOTATED VISIBLE BONE SURFACE (label value 2 of {1,2}). NOT a puncture target, entry point, trajectory, interspace choice or safety window.","one physician (publication author N.A.C.), who also acquired the handheld scans","physician; single annotator, so NO inter-rater agreement exists",expert mask dilated by 1 px for visibility and painted over the frame,"cropped to the live ultrasound sector, rows 150-960 cols 530-960 of the 1920x1080 screen capture; removes scanner UI, depth ruler and the burned-in study/date banner",none (native sector resolution 810x430),red = expert bone surface,derived,"yes, with attribution (CC-BY-4.0)","yes, with attribution","Cavalcanti NA et al. A large, paired dataset of robotic and handheld lumbar spine ultrasound with ground-truth CT benchmarking. KU Leuven RDR, doi:10.48804/3XPCAE. Licensed CC-BY-4.0.",quantile,Dilation is for display only; metrics never use the dilated mask.
URS36_H2_f0022::sidebyside,visuals/ultrasound/real_human_lumbar/side_by_side/URS36_H2_f0022.png,D,KU Leuven / Balgrist lumbar spine ultrasound,doi:10.48804/3XPCAE,10.1038/s41597-025-06047-9,KU Leuven (Robot-Assisted Surgery) + Balgrist University Hospital / University of Zurich,CC-BY-4.0,URS36,H2,HUS,handheld,22,US/URS36_H2/HUS/1032.png,US/US_labels/URS36_H2.zip,"binary pixel mask, thin contour (MetaImage .mhd/.raw, zlib)","EXPERT-ANNOTATED VISIBLE BONE SURFACE (label value 2 of {1,2}). NOT a puncture target, entry point, trajectory, interspace choice or safety window.","one physician (publication author N.A.C.), who also acquired the handheld scans","physician; single annotator, so NO inter-rater agreement exists",three-panel composite: raw | expert label | overlay,"cropped to the live ultrasound sector, rows 150-960 cols 530-960 of the 1920x1080 screen capture; removes scanner UI, depth ruler and the burned-in study/date banner",none (native sector resolution 810x430),red = expert bone surface,derived,"yes, with attribution (CC-BY-4.0)","yes, with attribution","Cavalcanti NA et al. A large, paired dataset of robotic and handheld lumbar spine ultrasound with ground-truth CT benchmarking. KU Leuven RDR, doi:10.48804/3XPCAE. Licensed CC-BY-4.0.",quantile,
URS36_H2_f0006::raw,visuals/ultrasound/real_human_lumbar/raw/URS36_H2_f0006.png,A,KU Leuven / Balgrist lumbar spine ultrasound,doi:10.48804/3XPCAE,10.1038/s41597-025-06047-9,KU Leuven (Robot-Assisted Surgery) + Balgrist University Hospital / University of Zurich,CC-BY-4.0,URS36,H2,HUS,handheld,6,US/URS36_H2/HUS/1004.png,US/US_labels/URS36_H2.zip,"binary pixel mask, thin contour (MetaImage .mhd/.raw, zlib)","EXPERT-ANNOTATED VISIBLE BONE SURFACE (label value 2 of {1,2}). NOT a puncture target, entry point, trajectory, interspace choice or safety window.","one physician (publication author N.A.C.), who also acquired the handheld scans","physician; single annotator, so NO inter-rater agreement exists","decoded from MetaImage, flipped vertically (source is bottom-up), cropped","cropped to the live ultrasound sector, rows 150-960 cols 530-960 of the 1920x1080 screen capture; removes scanner UI, depth ruler and the burned-in study/date banner",none (native sector resolution 810x430),none (greyscale),original,"yes, with attribution (CC-BY-4.0)","yes, with attribution","Cavalcanti NA et al. A large, paired dataset of robotic and handheld lumbar spine ultrasound with ground-truth CT benchmarking. KU Leuven RDR, doi:10.48804/3XPCAE. Licensed CC-BY-4.0.",quantile,Real human in-vivo transcutaneous lumbar ultrasound frame.
URS36_H2_f0006::label,visuals/ultrasound/real_human_lumbar/expert_labels/URS36_H2_f0006.png,B,KU Leuven / Balgrist lumbar spine ultrasound,doi:10.48804/3XPCAE,10.1038/s41597-025-06047-9,KU Leuven (Robot-Assisted Surgery) + Balgrist University Hospital / University of Zurich,CC-BY-4.0,URS36,H2,HUS,handheld,6,US/URS36_H2/HUS/1004.png,US/US_labels/URS36_H2.zip,"binary pixel mask, thin contour (MetaImage .mhd/.raw, zlib)","EXPERT-ANNOTATED VISIBLE BONE SURFACE (label value 2 of {1,2}). NOT a puncture target, entry point, trajectory, interspace choice or safety window.","one physician (publication author N.A.C.), who also acquired the handheld scans","physician; single annotator, so NO inter-rater agreement exists",label value 2 rendered white on black; flipped and cropped identically to the frame,"cropped to the live ultrasound sector, rows 150-960 cols 530-960 of the 1920x1080 screen capture; removes scanner UI, depth ruler and the burned-in study/date banner",none (native sector resolution 810x430),white on black,original,"yes, with attribution (CC-BY-4.0)","yes, with attribution","Cavalcanti NA et al. A large, paired dataset of robotic and handheld lumbar spine ultrasound with ground-truth CT benchmarking. KU Leuven RDR, doi:10.48804/3XPCAE. Licensed CC-BY-4.0.",quantile,"The source expert annotation, unmodified in content."
URS36_H2_f0006::overlay,visuals/ultrasound/real_human_lumbar/expert_overlays/URS36_H2_f0006.png,D,KU Leuven / Balgrist lumbar spine ultrasound,doi:10.48804/3XPCAE,10.1038/s41597-025-06047-9,KU Leuven (Robot-Assisted Surgery) + Balgrist University Hospital / University of Zurich,CC-BY-4.0,URS36,H2,HUS,handheld,6,US/URS36_H2/HUS/1004.png,US/US_labels/URS36_H2.zip,"binary pixel mask, thin contour (MetaImage .mhd/.raw, zlib)","EXPERT-ANNOTATED VISIBLE BONE SURFACE (label value 2 of {1,2}). NOT a puncture target, entry point, trajectory, interspace choice or safety window.","one physician (publication author N.A.C.), who also acquired the handheld scans","physician; single annotator, so NO inter-rater agreement exists",expert mask dilated by 1 px for visibility and painted over the frame,"cropped to the live ultrasound sector, rows 150-960 cols 530-960 of the 1920x1080 screen capture; removes scanner UI, depth ruler and the burned-in study/date banner",none (native sector resolution 810x430),red = expert bone surface,derived,"yes, with attribution (CC-BY-4.0)","yes, with attribution","Cavalcanti NA et al. A large, paired dataset of robotic and handheld lumbar spine ultrasound with ground-truth CT benchmarking. KU Leuven RDR, doi:10.48804/3XPCAE. Licensed CC-BY-4.0.",quantile,Dilation is for display only; metrics never use the dilated mask.
URS36_H2_f0006::sidebyside,visuals/ultrasound/real_human_lumbar/side_by_side/URS36_H2_f0006.png,D,KU Leuven / Balgrist lumbar spine ultrasound,doi:10.48804/3XPCAE,10.1038/s41597-025-06047-9,KU Leuven (Robot-Assisted Surgery) + Balgrist University Hospital / University of Zurich,CC-BY-4.0,URS36,H2,HUS,handheld,6,US/URS36_H2/HUS/1004.png,US/US_labels/URS36_H2.zip,"binary pixel mask, thin contour (MetaImage .mhd/.raw, zlib)","EXPERT-ANNOTATED VISIBLE BONE SURFACE (label value 2 of {1,2}). NOT a puncture target, entry point, trajectory, interspace choice or safety window.","one physician (publication author N.A.C.), who also acquired the handheld scans","physician; single annotator, so NO inter-rater agreement exists",three-panel composite: raw | expert label | overlay,"cropped to the live ultrasound sector, rows 150-960 cols 530-960 of the 1920x1080 screen capture; removes scanner UI, depth ruler and the burned-in study/date banner",none (native sector resolution 810x430),red = expert bone surface,derived,"yes, with attribution (CC-BY-4.0)","yes, with attribution","Cavalcanti NA et al. A large, paired dataset of robotic and handheld lumbar spine ultrasound with ground-truth CT benchmarking. KU Leuven RDR, doi:10.48804/3XPCAE. Licensed CC-BY-4.0.",quantile,
URS36_H2_f0237::raw,visuals/ultrasound/real_human_lumbar/raw/URS36_H2_f0237.png,A,KU Leuven / Balgrist lumbar spine ultrasound,doi:10.48804/3XPCAE,10.1038/s41597-025-06047-9,KU Leuven (Robot-Assisted Surgery) + Balgrist University Hospital / University of Zurich,CC-BY-4.0,URS36,H2,HUS,handheld,237,US/URS36_H2/HUS/704.png,US/US_labels/URS36_H2.zip,"binary pixel mask, thin contour (MetaImage .mhd/.raw, zlib)","EXPERT-ANNOTATED VISIBLE BONE SURFACE (label value 2 of {1,2}). NOT a puncture target, entry point, trajectory, interspace choice or safety window.","one physician (publication author N.A.C.), who also acquired the handheld scans","physician; single annotator, so NO inter-rater agreement exists","decoded from MetaImage, flipped vertically (source is bottom-up), cropped","cropped to the live ultrasound sector, rows 150-960 cols 530-960 of the 1920x1080 screen capture; removes scanner UI, depth ruler and the burned-in study/date banner",none (native sector resolution 810x430),none (greyscale),original,"yes, with attribution (CC-BY-4.0)","yes, with attribution","Cavalcanti NA et al. A large, paired dataset of robotic and handheld lumbar spine ultrasound with ground-truth CT benchmarking. KU Leuven RDR, doi:10.48804/3XPCAE. Licensed CC-BY-4.0.",quantile,Real human in-vivo transcutaneous lumbar ultrasound frame.
URS36_H2_f0237::label,visuals/ultrasound/real_human_lumbar/expert_labels/URS36_H2_f0237.png,B,KU Leuven / Balgrist lumbar spine ultrasound,doi:10.48804/3XPCAE,10.1038/s41597-025-06047-9,KU Leuven (Robot-Assisted Surgery) + Balgrist University Hospital / University of Zurich,CC-BY-4.0,URS36,H2,HUS,handheld,237,US/URS36_H2/HUS/704.png,US/US_labels/URS36_H2.zip,"binary pixel mask, thin contour (MetaImage .mhd/.raw, zlib)","EXPERT-ANNOTATED VISIBLE BONE SURFACE (label value 2 of {1,2}). NOT a puncture target, entry point, trajectory, interspace choice or safety window.","one physician (publication author N.A.C.), who also acquired the handheld scans","physician; single annotator, so NO inter-rater agreement exists",label value 2 rendered white on black; flipped and cropped identically to the frame,"cropped to the live ultrasound sector, rows 150-960 cols 530-960 of the 1920x1080 screen capture; removes scanner UI, depth ruler and the burned-in study/date banner",none (native sector resolution 810x430),white on black,original,"yes, with attribution (CC-BY-4.0)","yes, with attribution","Cavalcanti NA et al. A large, paired dataset of robotic and handheld lumbar spine ultrasound with ground-truth CT benchmarking. KU Leuven RDR, doi:10.48804/3XPCAE. Licensed CC-BY-4.0.",quantile,"The source expert annotation, unmodified in content."
URS36_H2_f0237::overlay,visuals/ultrasound/real_human_lumbar/expert_overlays/URS36_H2_f0237.png,D,KU Leuven / Balgrist lumbar spine ultrasound,doi:10.48804/3XPCAE,10.1038/s41597-025-06047-9,KU Leuven (Robot-Assisted Surgery) + Balgrist University Hospital / University of Zurich,CC-BY-4.0,URS36,H2,HUS,handheld,237,US/URS36_H2/HUS/704.png,US/US_labels/URS36_H2.zip,"binary pixel mask, thin contour (MetaImage .mhd/.raw, zlib)","EXPERT-ANNOTATED VISIBLE BONE SURFACE (label value 2 of {1,2}). NOT a puncture target, entry point, trajectory, interspace choice or safety window.","one physician (publication author N.A.C.), who also acquired the handheld scans","physician; single annotator, so NO inter-rater agreement exists",expert mask dilated by 1 px for visibility and painted over the frame,"cropped to the live ultrasound sector, rows 150-960 cols 530-960 of the 1920x1080 screen capture; removes scanner UI, depth ruler and the burned-in study/date banner",none (native sector resolution 810x430),red = expert bone surface,derived,"yes, with attribution (CC-BY-4.0)","yes, with attribution","Cavalcanti NA et al. A large, paired dataset of robotic and handheld lumbar spine ultrasound with ground-truth CT benchmarking. KU Leuven RDR, doi:10.48804/3XPCAE. Licensed CC-BY-4.0.",quantile,Dilation is for display only; metrics never use the dilated mask.
URS36_H2_f0237::sidebyside,visuals/ultrasound/real_human_lumbar/side_by_side/URS36_H2_f0237.png,D,KU Leuven / Balgrist lumbar spine ultrasound,doi:10.48804/3XPCAE,10.1038/s41597-025-06047-9,KU Leuven (Robot-Assisted Surgery) + Balgrist University Hospital / University of Zurich,CC-BY-4.0,URS36,H2,HUS,handheld,237,US/URS36_H2/HUS/704.png,US/US_labels/URS36_H2.zip,"binary pixel mask, thin contour (MetaImage .mhd/.raw, zlib)","EXPERT-ANNOTATED VISIBLE BONE SURFACE (label value 2 of {1,2}). NOT a puncture target, entry point, trajectory, interspace choice or safety window.","one physician (publication author N.A.C.), who also acquired the handheld scans","physician; single annotator, so NO inter-rater agreement exists",three-panel composite: raw | expert label | overlay,"cropped to the live ultrasound sector, rows 150-960 cols 530-960 of the 1920x1080 screen capture; removes scanner UI, depth ruler and the burned-in study/date banner",none (native sector resolution 810x430),red = expert bone surface,derived,"yes, with attribution (CC-BY-4.0)","yes, with attribution","Cavalcanti NA et al. A large, paired dataset of robotic and handheld lumbar spine ultrasound with ground-truth CT benchmarking. KU Leuven RDR, doi:10.48804/3XPCAE. Licensed CC-BY-4.0.",quantile,
URS36_H2_f0105::raw,visuals/ultrasound/real_human_lumbar/raw/URS36_H2_f0105.png,A,KU Leuven / Balgrist lumbar spine ultrasound,doi:10.48804/3XPCAE,10.1038/s41597-025-06047-9,KU Leuven (Robot-Assisted Surgery) + Balgrist University Hospital / University of Zurich,CC-BY-4.0,URS36,H2,HUS,handheld,105,US/URS36_H2/HUS/205.png,US/US_labels/URS36_H2.zip,"binary pixel mask, thin contour (MetaImage .mhd/.raw, zlib)","EXPERT-ANNOTATED VISIBLE BONE SURFACE (label value 2 of {1,2}). NOT a puncture target, entry point, trajectory, interspace choice or safety window.","one physician (publication author N.A.C.), who also acquired the handheld scans","physician; single annotator, so NO inter-rater agreement exists","decoded from MetaImage, flipped vertically (source is bottom-up), cropped","cropped to the live ultrasound sector, rows 150-960 cols 530-960 of the 1920x1080 screen capture; removes scanner UI, depth ruler and the burned-in study/date banner",none (native sector resolution 810x430),none (greyscale),original,"yes, with attribution (CC-BY-4.0)","yes, with attribution","Cavalcanti NA et al. A large, paired dataset of robotic and handheld lumbar spine ultrasound with ground-truth CT benchmarking. KU Leuven RDR, doi:10.48804/3XPCAE. Licensed CC-BY-4.0.",quantile,Real human in-vivo transcutaneous lumbar ultrasound frame.
URS36_H2_f0105::label,visuals/ultrasound/real_human_lumbar/expert_labels/URS36_H2_f0105.png,B,KU Leuven / Balgrist lumbar spine ultrasound,doi:10.48804/3XPCAE,10.1038/s41597-025-06047-9,KU Leuven (Robot-Assisted Surgery) + Balgrist University Hospital / University of Zurich,CC-BY-4.0,URS36,H2,HUS,handheld,105,US/URS36_H2/HUS/205.png,US/US_labels/URS36_H2.zip,"binary pixel mask, thin contour (MetaImage .mhd/.raw, zlib)","EXPERT-ANNOTATED VISIBLE BONE SURFACE (label value 2 of {1,2}). NOT a puncture target, entry point, trajectory, interspace choice or safety window.","one physician (publication author N.A.C.), who also acquired the handheld scans","physician; single annotator, so NO inter-rater agreement exists",label value 2 rendered white on black; flipped and cropped identically to the frame,"cropped to the live ultrasound sector, rows 150-960 cols 530-960 of the 1920x1080 screen capture; removes scanner UI, depth ruler and the burned-in study/date banner",none (native sector resolution 810x430),white on black,original,"yes, with attribution (CC-BY-4.0)","yes, with attribution","Cavalcanti NA et al. A large, paired dataset of robotic and handheld lumbar spine ultrasound with ground-truth CT benchmarking. KU Leuven RDR, doi:10.48804/3XPCAE. Licensed CC-BY-4.0.",quantile,"The source expert annotation, unmodified in content."
URS36_H2_f0105::overlay,visuals/ultrasound/real_human_lumbar/expert_overlays/URS36_H2_f0105.png,D,KU Leuven / Balgrist lumbar spine ultrasound,doi:10.48804/3XPCAE,10.1038/s41597-025-06047-9,KU Leuven (Robot-Assisted Surgery) + Balgrist University Hospital / University of Zurich,CC-BY-4.0,URS36,H2,HUS,handheld,105,US/URS36_H2/HUS/205.png,US/US_labels/URS36_H2.zip,"binary pixel mask, thin contour (MetaImage .mhd/.raw, zlib)","EXPERT-ANNOTATED VISIBLE BONE SURFACE (label value 2 of {1,2}). NOT a puncture target, entry point, trajectory, interspace choice or safety window.","one physician (publication author N.A.C.), who also acquired the handheld scans","physician; single annotator, so NO inter-rater agreement exists",expert mask dilated by 1 px for visibility and painted over the frame,"cropped to the live ultrasound sector, rows 150-960 cols 530-960 of the 1920x1080 screen capture; removes scanner UI, depth ruler and the burned-in study/date banner",none (native sector resolution 810x430),red = expert bone surface,derived,"yes, with attribution (CC-BY-4.0)","yes, with attribution","Cavalcanti NA et al. A large, paired dataset of robotic and handheld lumbar spine ultrasound with ground-truth CT benchmarking. KU Leuven RDR, doi:10.48804/3XPCAE. Licensed CC-BY-4.0.",quantile,Dilation is for display only; metrics never use the dilated mask.
URS36_H2_f0105::sidebyside,visuals/ultrasound/real_human_lumbar/side_by_side/URS36_H2_f0105.png,D,KU Leuven / Balgrist lumbar spine ultrasound,doi:10.48804/3XPCAE,10.1038/s41597-025-06047-9,KU Leuven (Robot-Assisted Surgery) + Balgrist University Hospital / University of Zurich,CC-BY-4.0,URS36,H2,HUS,handheld,105,US/URS36_H2/HUS/205.png,US/US_labels/URS36_H2.zip,"binary pixel mask, thin contour (MetaImage .mhd/.raw, zlib)","EXPERT-ANNOTATED VISIBLE BONE SURFACE (label value 2 of {1,2}). NOT a puncture target, entry point, trajectory, interspace choice or safety window.","one physician (publication author N.A.C.), who also acquired the handheld scans","physician; single annotator, so NO inter-rater agreement exists",three-panel composite: raw | expert label | overlay,"cropped to the live ultrasound sector, rows 150-960 cols 530-960 of the 1920x1080 screen capture; removes scanner UI, depth ruler and the burned-in study/date banner",none (native sector resolution 810x430),red = expert bone surface,derived,"yes, with attribution (CC-BY-4.0)","yes, with attribution","Cavalcanti NA et al. A large, paired dataset of robotic and handheld lumbar spine ultrasound with ground-truth CT benchmarking. KU Leuven RDR, doi:10.48804/3XPCAE. Licensed CC-BY-4.0.",quantile,
URS40_H4_f0196::raw,visuals/ultrasound/real_human_lumbar/raw/URS40_H4_f0196.png,A,KU Leuven / Balgrist lumbar spine ultrasound,doi:10.48804/3XPCAE,10.1038/s41597-025-06047-9,KU Leuven (Robot-Assisted Surgery) + Balgrist University Hospital / University of Zurich,CC-BY-4.0,URS40,H4,HUS,handheld,196,US/URS40_H4/HUS/543.png,US/US_labels/URS40_H4.zip,"binary pixel mask, thin contour (MetaImage .mhd/.raw, zlib)","EXPERT-ANNOTATED VISIBLE BONE SURFACE (label value 2 of {1,2}). NOT a puncture target, entry point, trajectory, interspace choice or safety window.","one physician (publication author N.A.C.), who also acquired the handheld scans","physician; single annotator, so NO inter-rater agreement exists","decoded from MetaImage, flipped vertically (source is bottom-up), cropped","cropped to the live ultrasound sector, rows 150-960 cols 530-960 of the 1920x1080 screen capture; removes scanner UI, depth ruler and the burned-in study/date banner",none (native sector resolution 810x430),none (greyscale),original,"yes, with attribution (CC-BY-4.0)","yes, with attribution","Cavalcanti NA et al. A large, paired dataset of robotic and handheld lumbar spine ultrasound with ground-truth CT benchmarking. KU Leuven RDR, doi:10.48804/3XPCAE. Licensed CC-BY-4.0.",quantile,Real human in-vivo transcutaneous lumbar ultrasound frame.
URS40_H4_f0196::label,visuals/ultrasound/real_human_lumbar/expert_labels/URS40_H4_f0196.png,B,KU Leuven / Balgrist lumbar spine ultrasound,doi:10.48804/3XPCAE,10.1038/s41597-025-06047-9,KU Leuven (Robot-Assisted Surgery) + Balgrist University Hospital / University of Zurich,CC-BY-4.0,URS40,H4,HUS,handheld,196,US/URS40_H4/HUS/543.png,US/US_labels/URS40_H4.zip,"binary pixel mask, thin contour (MetaImage .mhd/.raw, zlib)","EXPERT-ANNOTATED VISIBLE BONE SURFACE (label value 2 of {1,2}). NOT a puncture target, entry point, trajectory, interspace choice or safety window.","one physician (publication author N.A.C.), who also acquired the handheld scans","physician; single annotator, so NO inter-rater agreement exists",label value 2 rendered white on black; flipped and cropped identically to the frame,"cropped to the live ultrasound sector, rows 150-960 cols 530-960 of the 1920x1080 screen capture; removes scanner UI, depth ruler and the burned-in study/date banner",none (native sector resolution 810x430),white on black,original,"yes, with attribution (CC-BY-4.0)","yes, with attribution","Cavalcanti NA et al. A large, paired dataset of robotic and handheld lumbar spine ultrasound with ground-truth CT benchmarking. KU Leuven RDR, doi:10.48804/3XPCAE. Licensed CC-BY-4.0.",quantile,"The source expert annotation, unmodified in content."
URS40_H4_f0196::overlay,visuals/ultrasound/real_human_lumbar/expert_overlays/URS40_H4_f0196.png,D,KU Leuven / Balgrist lumbar spine ultrasound,doi:10.48804/3XPCAE,10.1038/s41597-025-06047-9,KU Leuven (Robot-Assisted Surgery) + Balgrist University Hospital / University of Zurich,CC-BY-4.0,URS40,H4,HUS,handheld,196,US/URS40_H4/HUS/543.png,US/US_labels/URS40_H4.zip,"binary pixel mask, thin contour (MetaImage .mhd/.raw, zlib)","EXPERT-ANNOTATED VISIBLE BONE SURFACE (label value 2 of {1,2}). NOT a puncture target, entry point, trajectory, interspace choice or safety window.","one physician (publication author N.A.C.), who also acquired the handheld scans","physician; single annotator, so NO inter-rater agreement exists",expert mask dilated by 1 px for visibility and painted over the frame,"cropped to the live ultrasound sector, rows 150-960 cols 530-960 of the 1920x1080 screen capture; removes scanner UI, depth ruler and the burned-in study/date banner",none (native sector resolution 810x430),red = expert bone surface,derived,"yes, with attribution (CC-BY-4.0)","yes, with attribution","Cavalcanti NA et al. A large, paired dataset of robotic and handheld lumbar spine ultrasound with ground-truth CT benchmarking. KU Leuven RDR, doi:10.48804/3XPCAE. Licensed CC-BY-4.0.",quantile,Dilation is for display only; metrics never use the dilated mask.
URS40_H4_f0196::sidebyside,visuals/ultrasound/real_human_lumbar/side_by_side/URS40_H4_f0196.png,D,KU Leuven / Balgrist lumbar spine ultrasound,doi:10.48804/3XPCAE,10.1038/s41597-025-06047-9,KU Leuven (Robot-Assisted Surgery) + Balgrist University Hospital / University of Zurich,CC-BY-4.0,URS40,H4,HUS,handheld,196,US/URS40_H4/HUS/543.png,US/US_labels/URS40_H4.zip,"binary pixel mask, thin contour (MetaImage .mhd/.raw, zlib)","EXPERT-ANNOTATED VISIBLE BONE SURFACE (label value 2 of {1,2}). NOT a puncture target, entry point, trajectory, interspace choice or safety window.","one physician (publication author N.A.C.), who also acquired the handheld scans","physician; single annotator, so NO inter-rater agreement exists",three-panel composite: raw | expert label | overlay,"cropped to the live ultrasound sector, rows 150-960 cols 530-960 of the 1920x1080 screen capture; removes scanner UI, depth ruler and the burned-in study/date banner",none (native sector resolution 810x430),red = expert bone surface,derived,"yes, with attribution (CC-BY-4.0)","yes, with attribution","Cavalcanti NA et al. A large, paired dataset of robotic and handheld lumbar spine ultrasound with ground-truth CT benchmarking. KU Leuven RDR, doi:10.48804/3XPCAE. Licensed CC-BY-4.0.",quantile,
URS40_H4_f0087::raw,visuals/ultrasound/real_human_lumbar/raw/URS40_H4_f0087.png,A,KU Leuven / Balgrist lumbar spine ultrasound,doi:10.48804/3XPCAE,10.1038/s41597-025-06047-9,KU Leuven (Robot-Assisted Surgery) + Balgrist University Hospital / University of Zurich,CC-BY-4.0,URS40,H4,HUS,handheld,87,US/URS40_H4/HUS/223.png,US/US_labels/URS40_H4.zip,"binary pixel mask, thin contour (MetaImage .mhd/.raw, zlib)","EXPERT-ANNOTATED VISIBLE BONE SURFACE (label value 2 of {1,2}). NOT a puncture target, entry point, trajectory, interspace choice or safety window.","one physician (publication author N.A.C.), who also acquired the handheld scans","physician; single annotator, so NO inter-rater agreement exists","decoded from MetaImage, flipped vertically (source is bottom-up), cropped","cropped to the live ultrasound sector, rows 150-960 cols 530-960 of the 1920x1080 screen capture; removes scanner UI, depth ruler and the burned-in study/date banner",none (native sector resolution 810x430),none (greyscale),original,"yes, with attribution (CC-BY-4.0)","yes, with attribution","Cavalcanti NA et al. A large, paired dataset of robotic and handheld lumbar spine ultrasound with ground-truth CT benchmarking. KU Leuven RDR, doi:10.48804/3XPCAE. Licensed CC-BY-4.0.",quantile,Real human in-vivo transcutaneous lumbar ultrasound frame.
URS40_H4_f0087::label,visuals/ultrasound/real_human_lumbar/expert_labels/URS40_H4_f0087.png,B,KU Leuven / Balgrist lumbar spine ultrasound,doi:10.48804/3XPCAE,10.1038/s41597-025-06047-9,KU Leuven (Robot-Assisted Surgery) + Balgrist University Hospital / University of Zurich,CC-BY-4.0,URS40,H4,HUS,handheld,87,US/URS40_H4/HUS/223.png,US/US_labels/URS40_H4.zip,"binary pixel mask, thin contour (MetaImage .mhd/.raw, zlib)","EXPERT-ANNOTATED VISIBLE BONE SURFACE (label value 2 of {1,2}). NOT a puncture target, entry point, trajectory, interspace choice or safety window.","one physician (publication author N.A.C.), who also acquired the handheld scans","physician; single annotator, so NO inter-rater agreement exists",label value 2 rendered white on black; flipped and cropped identically to the frame,"cropped to the live ultrasound sector, rows 150-960 cols 530-960 of the 1920x1080 screen capture; removes scanner UI, depth ruler and the burned-in study/date banner",none (native sector resolution 810x430),white on black,original,"yes, with attribution (CC-BY-4.0)","yes, with attribution","Cavalcanti NA et al. A large, paired dataset of robotic and handheld lumbar spine ultrasound with ground-truth CT benchmarking. KU Leuven RDR, doi:10.48804/3XPCAE. Licensed CC-BY-4.0.",quantile,"The source expert annotation, unmodified in content."
URS40_H4_f0087::overlay,visuals/ultrasound/real_human_lumbar/expert_overlays/URS40_H4_f0087.png,D,KU Leuven / Balgrist lumbar spine ultrasound,doi:10.48804/3XPCAE,10.1038/s41597-025-06047-9,KU Leuven (Robot-Assisted Surgery) + Balgrist University Hospital / University of Zurich,CC-BY-4.0,URS40,H4,HUS,handheld,87,US/URS40_H4/HUS/223.png,US/US_labels/URS40_H4.zip,"binary pixel mask, thin contour (MetaImage .mhd/.raw, zlib)","EXPERT-ANNOTATED VISIBLE BONE SURFACE (label value 2 of {1,2}). NOT a puncture target, entry point, trajectory, interspace choice or safety window.","one physician (publication author N.A.C.), who also acquired the handheld scans","physician; single annotator, so NO inter-rater agreement exists",expert mask dilated by 1 px for visibility and painted over the frame,"cropped to the live ultrasound sector, rows 150-960 cols 530-960 of the 1920x1080 screen capture; removes scanner UI, depth ruler and the burned-in study/date banner",none (native sector resolution 810x430),red = expert bone surface,derived,"yes, with attribution (CC-BY-4.0)","yes, with attribution","Cavalcanti NA et al. A large, paired dataset of robotic and handheld lumbar spine ultrasound with ground-truth CT benchmarking. KU Leuven RDR, doi:10.48804/3XPCAE. Licensed CC-BY-4.0.",quantile,Dilation is for display only; metrics never use the dilated mask.
URS40_H4_f0087::sidebyside,visuals/ultrasound/real_human_lumbar/side_by_side/URS40_H4_f0087.png,D,KU Leuven / Balgrist lumbar spine ultrasound,doi:10.48804/3XPCAE,10.1038/s41597-025-06047-9,KU Leuven (Robot-Assisted Surgery) + Balgrist University Hospital / University of Zurich,CC-BY-4.0,URS40,H4,HUS,handheld,87,US/URS40_H4/HUS/223.png,US/US_labels/URS40_H4.zip,"binary pixel mask, thin contour (MetaImage .mhd/.raw, zlib)","EXPERT-ANNOTATED VISIBLE BONE SURFACE (label value 2 of {1,2}). NOT a puncture target, entry point, trajectory, interspace choice or safety window.","one physician (publication author N.A.C.), who also acquired the handheld scans","physician; single annotator, so NO inter-rater agreement exists",three-panel composite: raw | expert label | overlay,"cropped to the live ultrasound sector, rows 150-960 cols 530-960 of the 1920x1080 screen capture; removes scanner UI, depth ruler and the burned-in study/date banner",none (native sector resolution 810x430),red = expert bone surface,derived,"yes, with attribution (CC-BY-4.0)","yes, with attribution","Cavalcanti NA et al. A large, paired dataset of robotic and handheld lumbar spine ultrasound with ground-truth CT benchmarking. KU Leuven RDR, doi:10.48804/3XPCAE. Licensed CC-BY-4.0.",quantile,
URS40_H4_f0061::raw,visuals/ultrasound/real_human_lumbar/raw/URS40_H4_f0061.png,A,KU Leuven / Balgrist lumbar spine ultrasound,doi:10.48804/3XPCAE,10.1038/s41597-025-06047-9,KU Leuven (Robot-Assisted Surgery) + Balgrist University Hospital / University of Zurich,CC-BY-4.0,URS40,H4,HUS,handheld,61,US/URS40_H4/HUS/197.png,US/US_labels/URS40_H4.zip,"binary pixel mask, thin contour (MetaImage .mhd/.raw, zlib)","EXPERT-ANNOTATED VISIBLE BONE SURFACE (label value 2 of {1,2}). NOT a puncture target, entry point, trajectory, interspace choice or safety window.","one physician (publication author N.A.C.), who also acquired the handheld scans","physician; single annotator, so NO inter-rater agreement exists","decoded from MetaImage, flipped vertically (source is bottom-up), cropped","cropped to the live ultrasound sector, rows 150-960 cols 530-960 of the 1920x1080 screen capture; removes scanner UI, depth ruler and the burned-in study/date banner",none (native sector resolution 810x430),none (greyscale),original,"yes, with attribution (CC-BY-4.0)","yes, with attribution","Cavalcanti NA et al. A large, paired dataset of robotic and handheld lumbar spine ultrasound with ground-truth CT benchmarking. KU Leuven RDR, doi:10.48804/3XPCAE. Licensed CC-BY-4.0.",quantile,Real human in-vivo transcutaneous lumbar ultrasound frame.
URS40_H4_f0061::label,visuals/ultrasound/real_human_lumbar/expert_labels/URS40_H4_f0061.png,B,KU Leuven / Balgrist lumbar spine ultrasound,doi:10.48804/3XPCAE,10.1038/s41597-025-06047-9,KU Leuven (Robot-Assisted Surgery) + Balgrist University Hospital / University of Zurich,CC-BY-4.0,URS40,H4,HUS,handheld,61,US/URS40_H4/HUS/197.png,US/US_labels/URS40_H4.zip,"binary pixel mask, thin contour (MetaImage .mhd/.raw, zlib)","EXPERT-ANNOTATED VISIBLE BONE SURFACE (label value 2 of {1,2}). NOT a puncture target, entry point, trajectory, interspace choice or safety window.","one physician (publication author N.A.C.), who also acquired the handheld scans","physician; single annotator, so NO inter-rater agreement exists",label value 2 rendered white on black; flipped and cropped identically to the frame,"cropped to the live ultrasound sector, rows 150-960 cols 530-960 of the 1920x1080 screen capture; removes scanner UI, depth ruler and the burned-in study/date banner",none (native sector resolution 810x430),white on black,original,"yes, with attribution (CC-BY-4.0)","yes, with attribution","Cavalcanti NA et al. A large, paired dataset of robotic and handheld lumbar spine ultrasound with ground-truth CT benchmarking. KU Leuven RDR, doi:10.48804/3XPCAE. Licensed CC-BY-4.0.",quantile,"The source expert annotation, unmodified in content."
URS40_H4_f0061::overlay,visuals/ultrasound/real_human_lumbar/expert_overlays/URS40_H4_f0061.png,D,KU Leuven / Balgrist lumbar spine ultrasound,doi:10.48804/3XPCAE,10.1038/s41597-025-06047-9,KU Leuven (Robot-Assisted Surgery) + Balgrist University Hospital / University of Zurich,CC-BY-4.0,URS40,H4,HUS,handheld,61,US/URS40_H4/HUS/197.png,US/US_labels/URS40_H4.zip,"binary pixel mask, thin contour (MetaImage .mhd/.raw, zlib)","EXPERT-ANNOTATED VISIBLE BONE SURFACE (label value 2 of {1,2}). NOT a puncture target, entry point, trajectory, interspace choice or safety window.","one physician (publication author N.A.C.), who also acquired the handheld scans","physician; single annotator, so NO inter-rater agreement exists",expert mask dilated by 1 px for visibility and painted over the frame,"cropped to the live ultrasound sector, rows 150-960 cols 530-960 of the 1920x1080 screen capture; removes scanner UI, depth ruler and the burned-in study/date banner",none (native sector resolution 810x430),red = expert bone surface,derived,"yes, with attribution (CC-BY-4.0)","yes, with attribution","Cavalcanti NA et al. A large, paired dataset of robotic and handheld lumbar spine ultrasound with ground-truth CT benchmarking. KU Leuven RDR, doi:10.48804/3XPCAE. Licensed CC-BY-4.0.",quantile,Dilation is for display only; metrics never use the dilated mask.
URS40_H4_f0061::sidebyside,visuals/ultrasound/real_human_lumbar/side_by_side/URS40_H4_f0061.png,D,KU Leuven / Balgrist lumbar spine ultrasound,doi:10.48804/3XPCAE,10.1038/s41597-025-06047-9,KU Leuven (Robot-Assisted Surgery) + Balgrist University Hospital / University of Zurich,CC-BY-4.0,URS40,H4,HUS,handheld,61,US/URS40_H4/HUS/197.png,US/US_labels/URS40_H4.zip,"binary pixel mask, thin contour (MetaImage .mhd/.raw, zlib)","EXPERT-ANNOTATED VISIBLE BONE SURFACE (label value 2 of {1,2}). NOT a puncture target, entry point, trajectory, interspace choice or safety window.","one physician (publication author N.A.C.), who also acquired the handheld scans","physician; single annotator, so NO inter-rater agreement exists",three-panel composite: raw | expert label | overlay,"cropped to the live ultrasound sector, rows 150-960 cols 530-960 of the 1920x1080 screen capture; removes scanner UI, depth ruler and the burned-in study/date banner",none (native sector resolution 810x430),red = expert bone surface,derived,"yes, with attribution (CC-BY-4.0)","yes, with attribution","Cavalcanti NA et al. A large, paired dataset of robotic and handheld lumbar spine ultrasound with ground-truth CT benchmarking. KU Leuven RDR, doi:10.48804/3XPCAE. Licensed CC-BY-4.0.",quantile,
URS40_H4_f0331::raw,visuals/ultrasound/real_human_lumbar/raw/URS40_H4_f0331.png,A,KU Leuven / Balgrist lumbar spine ultrasound,doi:10.48804/3XPCAE,10.1038/s41597-025-06047-9,KU Leuven (Robot-Assisted Surgery) + Balgrist University Hospital / University of Zurich,CC-BY-4.0,URS40,H4,HUS,handheld,331,US/URS40_H4/HUS/707.png,US/US_labels/URS40_H4.zip,"binary pixel mask, thin contour (MetaImage .mhd/.raw, zlib)","EXPERT-ANNOTATED VISIBLE BONE SURFACE (label value 2 of {1,2}). NOT a puncture target, entry point, trajectory, interspace choice or safety window.","one physician (publication author N.A.C.), who also acquired the handheld scans","physician; single annotator, so NO inter-rater agreement exists","decoded from MetaImage, flipped vertically (source is bottom-up), cropped","cropped to the live ultrasound sector, rows 150-960 cols 530-960 of the 1920x1080 screen capture; removes scanner UI, depth ruler and the burned-in study/date banner",none (native sector resolution 810x430),none (greyscale),original,"yes, with attribution (CC-BY-4.0)","yes, with attribution","Cavalcanti NA et al. A large, paired dataset of robotic and handheld lumbar spine ultrasound with ground-truth CT benchmarking. KU Leuven RDR, doi:10.48804/3XPCAE. Licensed CC-BY-4.0.",quantile,Real human in-vivo transcutaneous lumbar ultrasound frame.
URS40_H4_f0331::label,visuals/ultrasound/real_human_lumbar/expert_labels/URS40_H4_f0331.png,B,KU Leuven / Balgrist lumbar spine ultrasound,doi:10.48804/3XPCAE,10.1038/s41597-025-06047-9,KU Leuven (Robot-Assisted Surgery) + Balgrist University Hospital / University of Zurich,CC-BY-4.0,URS40,H4,HUS,handheld,331,US/URS40_H4/HUS/707.png,US/US_labels/URS40_H4.zip,"binary pixel mask, thin contour (MetaImage .mhd/.raw, zlib)","EXPERT-ANNOTATED VISIBLE BONE SURFACE (label value 2 of {1,2}). NOT a puncture target, entry point, trajectory, interspace choice or safety window.","one physician (publication author N.A.C.), who also acquired the handheld scans","physician; single annotator, so NO inter-rater agreement exists",label value 2 rendered white on black; flipped and cropped identically to the frame,"cropped to the live ultrasound sector, rows 150-960 cols 530-960 of the 1920x1080 screen capture; removes scanner UI, depth ruler and the burned-in study/date banner",none (native sector resolution 810x430),white on black,original,"yes, with attribution (CC-BY-4.0)","yes, with attribution","Cavalcanti NA et al. A large, paired dataset of robotic and handheld lumbar spine ultrasound with ground-truth CT benchmarking. KU Leuven RDR, doi:10.48804/3XPCAE. Licensed CC-BY-4.0.",quantile,"The source expert annotation, unmodified in content."
URS40_H4_f0331::overlay,visuals/ultrasound/real_human_lumbar/expert_overlays/URS40_H4_f0331.png,D,KU Leuven / Balgrist lumbar spine ultrasound,doi:10.48804/3XPCAE,10.1038/s41597-025-06047-9,KU Leuven (Robot-Assisted Surgery) + Balgrist University Hospital / University of Zurich,CC-BY-4.0,URS40,H4,HUS,handheld,331,US/URS40_H4/HUS/707.png,US/US_labels/URS40_H4.zip,"binary pixel mask, thin contour (MetaImage .mhd/.raw, zlib)","EXPERT-ANNOTATED VISIBLE BONE SURFACE (label value 2 of {1,2}). NOT a puncture target, entry point, trajectory, interspace choice or safety window.","one physician (publication author N.A.C.), who also acquired the handheld scans","physician; single annotator, so NO inter-rater agreement exists",expert mask dilated by 1 px for visibility and painted over the frame,"cropped to the live ultrasound sector, rows 150-960 cols 530-960 of the 1920x1080 screen capture; removes scanner UI, depth ruler and the burned-in study/date banner",none (native sector resolution 810x430),red = expert bone surface,derived,"yes, with attribution (CC-BY-4.0)","yes, with attribution","Cavalcanti NA et al. A large, paired dataset of robotic and handheld lumbar spine ultrasound with ground-truth CT benchmarking. KU Leuven RDR, doi:10.48804/3XPCAE. Licensed CC-BY-4.0.",quantile,Dilation is for display only; metrics never use the dilated mask.
URS40_H4_f0331::sidebyside,visuals/ultrasound/real_human_lumbar/side_by_side/URS40_H4_f0331.png,D,KU Leuven / Balgrist lumbar spine ultrasound,doi:10.48804/3XPCAE,10.1038/s41597-025-06047-9,KU Leuven (Robot-Assisted Surgery) + Balgrist University Hospital / University of Zurich,CC-BY-4.0,URS40,H4,HUS,handheld,331,US/URS40_H4/HUS/707.png,US/US_labels/URS40_H4.zip,"binary pixel mask, thin contour (MetaImage .mhd/.raw, zlib)","EXPERT-ANNOTATED VISIBLE BONE SURFACE (label value 2 of {1,2}). NOT a puncture target, entry point, trajectory, interspace choice or safety window.","one physician (publication author N.A.C.), who also acquired the handheld scans","physician; single annotator, so NO inter-rater agreement exists",three-panel composite: raw | expert label | overlay,"cropped to the live ultrasound sector, rows 150-960 cols 530-960 of the 1920x1080 screen capture; removes scanner UI, depth ruler and the burned-in study/date banner",none (native sector resolution 810x430),red = expert bone surface,derived,"yes, with attribution (CC-BY-4.0)","yes, with attribution","Cavalcanti NA et al. A large, paired dataset of robotic and handheld lumbar spine ultrasound with ground-truth CT benchmarking. KU Leuven RDR, doi:10.48804/3XPCAE. Licensed CC-BY-4.0.",quantile,
URS40_R1_f0101::raw,visuals/ultrasound/real_human_lumbar/raw/URS40_R1_f0101.png,A,KU Leuven / Balgrist lumbar spine ultrasound,doi:10.48804/3XPCAE,10.1038/s41597-025-06047-9,KU Leuven (Robot-Assisted Surgery) + Balgrist University Hospital / University of Zurich,CC-BY-4.0,URS40,R1,RUS,robotic_perpendicular,101,US/URS40_R1/RUS/1276.png,US/US_labels/URS40_R1.zip,"binary pixel mask, thin contour (MetaImage .mhd/.raw, zlib)","EXPERT-ANNOTATED VISIBLE BONE SURFACE (label value 2 of {1,2}). NOT a puncture target, entry point, trajectory, interspace choice or safety window.","one physician (publication author N.A.C.), who also acquired the handheld scans","physician; single annotator, so NO inter-rater agreement exists","decoded from MetaImage, flipped vertically (source is bottom-up), cropped","cropped to the live ultrasound sector, rows 150-960 cols 530-960 of the 1920x1080 screen capture; removes scanner UI, depth ruler and the burned-in study/date banner",none (native sector resolution 810x430),none (greyscale),original,"yes, with attribution (CC-BY-4.0)","yes, with attribution","Cavalcanti NA et al. A large, paired dataset of robotic and handheld lumbar spine ultrasound with ground-truth CT benchmarking. KU Leuven RDR, doi:10.48804/3XPCAE. Licensed CC-BY-4.0.",quantile,Real human in-vivo transcutaneous lumbar ultrasound frame.
URS40_R1_f0101::label,visuals/ultrasound/real_human_lumbar/expert_labels/URS40_R1_f0101.png,B,KU Leuven / Balgrist lumbar spine ultrasound,doi:10.48804/3XPCAE,10.1038/s41597-025-06047-9,KU Leuven (Robot-Assisted Surgery) + Balgrist University Hospital / University of Zurich,CC-BY-4.0,URS40,R1,RUS,robotic_perpendicular,101,US/URS40_R1/RUS/1276.png,US/US_labels/URS40_R1.zip,"binary pixel mask, thin contour (MetaImage .mhd/.raw, zlib)","EXPERT-ANNOTATED VISIBLE BONE SURFACE (label value 2 of {1,2}). NOT a puncture target, entry point, trajectory, interspace choice or safety window.","one physician (publication author N.A.C.), who also acquired the handheld scans","physician; single annotator, so NO inter-rater agreement exists",label value 2 rendered white on black; flipped and cropped identically to the frame,"cropped to the live ultrasound sector, rows 150-960 cols 530-960 of the 1920x1080 screen capture; removes scanner UI, depth ruler and the burned-in study/date banner",none (native sector resolution 810x430),white on black,original,"yes, with attribution (CC-BY-4.0)","yes, with attribution","Cavalcanti NA et al. A large, paired dataset of robotic and handheld lumbar spine ultrasound with ground-truth CT benchmarking. KU Leuven RDR, doi:10.48804/3XPCAE. Licensed CC-BY-4.0.",quantile,"The source expert annotation, unmodified in content."
URS40_R1_f0101::overlay,visuals/ultrasound/real_human_lumbar/expert_overlays/URS40_R1_f0101.png,D,KU Leuven / Balgrist lumbar spine ultrasound,doi:10.48804/3XPCAE,10.1038/s41597-025-06047-9,KU Leuven (Robot-Assisted Surgery) + Balgrist University Hospital / University of Zurich,CC-BY-4.0,URS40,R1,RUS,robotic_perpendicular,101,US/URS40_R1/RUS/1276.png,US/US_labels/URS40_R1.zip,"binary pixel mask, thin contour (MetaImage .mhd/.raw, zlib)","EXPERT-ANNOTATED VISIBLE BONE SURFACE (label value 2 of {1,2}). NOT a puncture target, entry point, trajectory, interspace choice or safety window.","one physician (publication author N.A.C.), who also acquired the handheld scans","physician; single annotator, so NO inter-rater agreement exists",expert mask dilated by 1 px for visibility and painted over the frame,"cropped to the live ultrasound sector, rows 150-960 cols 530-960 of the 1920x1080 screen capture; removes scanner UI, depth ruler and the burned-in study/date banner",none (native sector resolution 810x430),red = expert bone surface,derived,"yes, with attribution (CC-BY-4.0)","yes, with attribution","Cavalcanti NA et al. A large, paired dataset of robotic and handheld lumbar spine ultrasound with ground-truth CT benchmarking. KU Leuven RDR, doi:10.48804/3XPCAE. Licensed CC-BY-4.0.",quantile,Dilation is for display only; metrics never use the dilated mask.
URS40_R1_f0101::sidebyside,visuals/ultrasound/real_human_lumbar/side_by_side/URS40_R1_f0101.png,D,KU Leuven / Balgrist lumbar spine ultrasound,doi:10.48804/3XPCAE,10.1038/s41597-025-06047-9,KU Leuven (Robot-Assisted Surgery) + Balgrist University Hospital / University of Zurich,CC-BY-4.0,URS40,R1,RUS,robotic_perpendicular,101,US/URS40_R1/RUS/1276.png,US/US_labels/URS40_R1.zip,"binary pixel mask, thin contour (MetaImage .mhd/.raw, zlib)","EXPERT-ANNOTATED VISIBLE BONE SURFACE (label value 2 of {1,2}). NOT a puncture target, entry point, trajectory, interspace choice or safety window.","one physician (publication author N.A.C.), who also acquired the handheld scans","physician; single annotator, so NO inter-rater agreement exists",three-panel composite: raw | expert label | overlay,"cropped to the live ultrasound sector, rows 150-960 cols 530-960 of the 1920x1080 screen capture; removes scanner UI, depth ruler and the burned-in study/date banner",none (native sector resolution 810x430),red = expert bone surface,derived,"yes, with attribution (CC-BY-4.0)","yes, with attribution","Cavalcanti NA et al. A large, paired dataset of robotic and handheld lumbar spine ultrasound with ground-truth CT benchmarking. KU Leuven RDR, doi:10.48804/3XPCAE. Licensed CC-BY-4.0.",quantile,
URS40_R1_f0158::raw,visuals/ultrasound/real_human_lumbar/raw/URS40_R1_f0158.png,A,KU Leuven / Balgrist lumbar spine ultrasound,doi:10.48804/3XPCAE,10.1038/s41597-025-06047-9,KU Leuven (Robot-Assisted Surgery) + Balgrist University Hospital / University of Zurich,CC-BY-4.0,URS40,R1,RUS,robotic_perpendicular,158,US/URS40_R1/RUS/1348.png,US/US_labels/URS40_R1.zip,"binary pixel mask, thin contour (MetaImage .mhd/.raw, zlib)","EXPERT-ANNOTATED VISIBLE BONE SURFACE (label value 2 of {1,2}). NOT a puncture target, entry point, trajectory, interspace choice or safety window.","one physician (publication author N.A.C.), who also acquired the handheld scans","physician; single annotator, so NO inter-rater agreement exists","decoded from MetaImage, flipped vertically (source is bottom-up), cropped","cropped to the live ultrasound sector, rows 150-960 cols 530-960 of the 1920x1080 screen capture; removes scanner UI, depth ruler and the burned-in study/date banner",none (native sector resolution 810x430),none (greyscale),original,"yes, with attribution (CC-BY-4.0)","yes, with attribution","Cavalcanti NA et al. A large, paired dataset of robotic and handheld lumbar spine ultrasound with ground-truth CT benchmarking. KU Leuven RDR, doi:10.48804/3XPCAE. Licensed CC-BY-4.0.",quantile,Real human in-vivo transcutaneous lumbar ultrasound frame.
URS40_R1_f0158::label,visuals/ultrasound/real_human_lumbar/expert_labels/URS40_R1_f0158.png,B,KU Leuven / Balgrist lumbar spine ultrasound,doi:10.48804/3XPCAE,10.1038/s41597-025-06047-9,KU Leuven (Robot-Assisted Surgery) + Balgrist University Hospital / University of Zurich,CC-BY-4.0,URS40,R1,RUS,robotic_perpendicular,158,US/URS40_R1/RUS/1348.png,US/US_labels/URS40_R1.zip,"binary pixel mask, thin contour (MetaImage .mhd/.raw, zlib)","EXPERT-ANNOTATED VISIBLE BONE SURFACE (label value 2 of {1,2}). NOT a puncture target, entry point, trajectory, interspace choice or safety window.","one physician (publication author N.A.C.), who also acquired the handheld scans","physician; single annotator, so NO inter-rater agreement exists",label value 2 rendered white on black; flipped and cropped identically to the frame,"cropped to the live ultrasound sector, rows 150-960 cols 530-960 of the 1920x1080 screen capture; removes scanner UI, depth ruler and the burned-in study/date banner",none (native sector resolution 810x430),white on black,original,"yes, with attribution (CC-BY-4.0)","yes, with attribution","Cavalcanti NA et al. A large, paired dataset of robotic and handheld lumbar spine ultrasound with ground-truth CT benchmarking. KU Leuven RDR, doi:10.48804/3XPCAE. Licensed CC-BY-4.0.",quantile,"The source expert annotation, unmodified in content."
URS40_R1_f0158::overlay,visuals/ultrasound/real_human_lumbar/expert_overlays/URS40_R1_f0158.png,D,KU Leuven / Balgrist lumbar spine ultrasound,doi:10.48804/3XPCAE,10.1038/s41597-025-06047-9,KU Leuven (Robot-Assisted Surgery) + Balgrist University Hospital / University of Zurich,CC-BY-4.0,URS40,R1,RUS,robotic_perpendicular,158,US/URS40_R1/RUS/1348.png,US/US_labels/URS40_R1.zip,"binary pixel mask, thin contour (MetaImage .mhd/.raw, zlib)","EXPERT-ANNOTATED VISIBLE BONE SURFACE (label value 2 of {1,2}). NOT a puncture target, entry point, trajectory, interspace choice or safety window.","one physician (publication author N.A.C.), who also acquired the handheld scans","physician; single annotator, so NO inter-rater agreement exists",expert mask dilated by 1 px for visibility and painted over the frame,"cropped to the live ultrasound sector, rows 150-960 cols 530-960 of the 1920x1080 screen capture; removes scanner UI, depth ruler and the burned-in study/date banner",none (native sector resolution 810x430),red = expert bone surface,derived,"yes, with attribution (CC-BY-4.0)","yes, with attribution","Cavalcanti NA et al. A large, paired dataset of robotic and handheld lumbar spine ultrasound with ground-truth CT benchmarking. KU Leuven RDR, doi:10.48804/3XPCAE. Licensed CC-BY-4.0.",quantile,Dilation is for display only; metrics never use the dilated mask.
URS40_R1_f0158::sidebyside,visuals/ultrasound/real_human_lumbar/side_by_side/URS40_R1_f0158.png,D,KU Leuven / Balgrist lumbar spine ultrasound,doi:10.48804/3XPCAE,10.1038/s41597-025-06047-9,KU Leuven (Robot-Assisted Surgery) + Balgrist University Hospital / University of Zurich,CC-BY-4.0,URS40,R1,RUS,robotic_perpendicular,158,US/URS40_R1/RUS/1348.png,US/US_labels/URS40_R1.zip,"binary pixel mask, thin contour (MetaImage .mhd/.raw, zlib)","EXPERT-ANNOTATED VISIBLE BONE SURFACE (label value 2 of {1,2}). NOT a puncture target, entry point, trajectory, interspace choice or safety window.","one physician (publication author N.A.C.), who also acquired the handheld scans","physician; single annotator, so NO inter-rater agreement exists",three-panel composite: raw | expert label | overlay,"cropped to the live ultrasound sector, rows 150-960 cols 530-960 of the 1920x1080 screen capture; removes scanner UI, depth ruler and the burned-in study/date banner",none (native sector resolution 810x430),red = expert bone surface,derived,"yes, with attribution (CC-BY-4.0)","yes, with attribution","Cavalcanti NA et al. A large, paired dataset of robotic and handheld lumbar spine ultrasound with ground-truth CT benchmarking. KU Leuven RDR, doi:10.48804/3XPCAE. Licensed CC-BY-4.0.",quantile,
URS40_R1_f0108::raw,visuals/ultrasound/real_human_lumbar/raw/URS40_R1_f0108.png,A,KU Leuven / Balgrist lumbar spine ultrasound,doi:10.48804/3XPCAE,10.1038/s41597-025-06047-9,KU Leuven (Robot-Assisted Surgery) + Balgrist University Hospital / University of Zurich,CC-BY-4.0,URS40,R1,RUS,robotic_perpendicular,108,US/URS40_R1/RUS/1291.png,US/US_labels/URS40_R1.zip,"binary pixel mask, thin contour (MetaImage .mhd/.raw, zlib)","EXPERT-ANNOTATED VISIBLE BONE SURFACE (label value 2 of {1,2}). NOT a puncture target, entry point, trajectory, interspace choice or safety window.","one physician (publication author N.A.C.), who also acquired the handheld scans","physician; single annotator, so NO inter-rater agreement exists","decoded from MetaImage, flipped vertically (source is bottom-up), cropped","cropped to the live ultrasound sector, rows 150-960 cols 530-960 of the 1920x1080 screen capture; removes scanner UI, depth ruler and the burned-in study/date banner",none (native sector resolution 810x430),none (greyscale),original,"yes, with attribution (CC-BY-4.0)","yes, with attribution","Cavalcanti NA et al. A large, paired dataset of robotic and handheld lumbar spine ultrasound with ground-truth CT benchmarking. KU Leuven RDR, doi:10.48804/3XPCAE. Licensed CC-BY-4.0.",quantile,Real human in-vivo transcutaneous lumbar ultrasound frame.
URS40_R1_f0108::label,visuals/ultrasound/real_human_lumbar/expert_labels/URS40_R1_f0108.png,B,KU Leuven / Balgrist lumbar spine ultrasound,doi:10.48804/3XPCAE,10.1038/s41597-025-06047-9,KU Leuven (Robot-Assisted Surgery) + Balgrist University Hospital / University of Zurich,CC-BY-4.0,URS40,R1,RUS,robotic_perpendicular,108,US/URS40_R1/RUS/1291.png,US/US_labels/URS40_R1.zip,"binary pixel mask, thin contour (MetaImage .mhd/.raw, zlib)","EXPERT-ANNOTATED VISIBLE BONE SURFACE (label value 2 of {1,2}). NOT a puncture target, entry point, trajectory, interspace choice or safety window.","one physician (publication author N.A.C.), who also acquired the handheld scans","physician; single annotator, so NO inter-rater agreement exists",label value 2 rendered white on black; flipped and cropped identically to the frame,"cropped to the live ultrasound sector, rows 150-960 cols 530-960 of the 1920x1080 screen capture; removes scanner UI, depth ruler and the burned-in study/date banner",none (native sector resolution 810x430),white on black,original,"yes, with attribution (CC-BY-4.0)","yes, with attribution","Cavalcanti NA et al. A large, paired dataset of robotic and handheld lumbar spine ultrasound with ground-truth CT benchmarking. KU Leuven RDR, doi:10.48804/3XPCAE. Licensed CC-BY-4.0.",quantile,"The source expert annotation, unmodified in content."
URS40_R1_f0108::overlay,visuals/ultrasound/real_human_lumbar/expert_overlays/URS40_R1_f0108.png,D,KU Leuven / Balgrist lumbar spine ultrasound,doi:10.48804/3XPCAE,10.1038/s41597-025-06047-9,KU Leuven (Robot-Assisted Surgery) + Balgrist University Hospital / University of Zurich,CC-BY-4.0,URS40,R1,RUS,robotic_perpendicular,108,US/URS40_R1/RUS/1291.png,US/US_labels/URS40_R1.zip,"binary pixel mask, thin contour (MetaImage .mhd/.raw, zlib)","EXPERT-ANNOTATED VISIBLE BONE SURFACE (label value 2 of {1,2}). NOT a puncture target, entry point, trajectory, interspace choice or safety window.","one physician (publication author N.A.C.), who also acquired the handheld scans","physician; single annotator, so NO inter-rater agreement exists",expert mask dilated by 1 px for visibility and painted over the frame,"cropped to the live ultrasound sector, rows 150-960 cols 530-960 of the 1920x1080 screen capture; removes scanner UI, depth ruler and the burned-in study/date banner",none (native sector resolution 810x430),red = expert bone surface,derived,"yes, with attribution (CC-BY-4.0)","yes, with attribution","Cavalcanti NA et al. A large, paired dataset of robotic and handheld lumbar spine ultrasound with ground-truth CT benchmarking. KU Leuven RDR, doi:10.48804/3XPCAE. Licensed CC-BY-4.0.",quantile,Dilation is for display only; metrics never use the dilated mask.
URS40_R1_f0108::sidebyside,visuals/ultrasound/real_human_lumbar/side_by_side/URS40_R1_f0108.png,D,KU Leuven / Balgrist lumbar spine ultrasound,doi:10.48804/3XPCAE,10.1038/s41597-025-06047-9,KU Leuven (Robot-Assisted Surgery) + Balgrist University Hospital / University of Zurich,CC-BY-4.0,URS40,R1,RUS,robotic_perpendicular,108,US/URS40_R1/RUS/1291.png,US/US_labels/URS40_R1.zip,"binary pixel mask, thin contour (MetaImage .mhd/.raw, zlib)","EXPERT-ANNOTATED VISIBLE BONE SURFACE (label value 2 of {1,2}). NOT a puncture target, entry point, trajectory, interspace choice or safety window.","one physician (publication author N.A.C.), who also acquired the handheld scans","physician; single annotator, so NO inter-rater agreement exists",three-panel composite: raw | expert label | overlay,"cropped to the live ultrasound sector, rows 150-960 cols 530-960 of the 1920x1080 screen capture; removes scanner UI, depth ruler and the burned-in study/date banner",none (native sector resolution 810x430),red = expert bone surface,derived,"yes, with attribution (CC-BY-4.0)","yes, with attribution","Cavalcanti NA et al. A large, paired dataset of robotic and handheld lumbar spine ultrasound with ground-truth CT benchmarking. KU Leuven RDR, doi:10.48804/3XPCAE. Licensed CC-BY-4.0.",quantile,
URS40_R1_f0276::raw,visuals/ultrasound/real_human_lumbar/raw/URS40_R1_f0276.png,A,KU Leuven / Balgrist lumbar spine ultrasound,doi:10.48804/3XPCAE,10.1038/s41597-025-06047-9,KU Leuven (Robot-Assisted Surgery) + Balgrist University Hospital / University of Zurich,CC-BY-4.0,URS40,R1,RUS,robotic_perpendicular,276,US/URS40_R1/RUS/1998.png,US/US_labels/URS40_R1.zip,"binary pixel mask, thin contour (MetaImage .mhd/.raw, zlib)","EXPERT-ANNOTATED VISIBLE BONE SURFACE (label value 2 of {1,2}). NOT a puncture target, entry point, trajectory, interspace choice or safety window.","one physician (publication author N.A.C.), who also acquired the handheld scans","physician; single annotator, so NO inter-rater agreement exists","decoded from MetaImage, flipped vertically (source is bottom-up), cropped","cropped to the live ultrasound sector, rows 150-960 cols 530-960 of the 1920x1080 screen capture; removes scanner UI, depth ruler and the burned-in study/date banner",none (native sector resolution 810x430),none (greyscale),original,"yes, with attribution (CC-BY-4.0)","yes, with attribution","Cavalcanti NA et al. A large, paired dataset of robotic and handheld lumbar spine ultrasound with ground-truth CT benchmarking. KU Leuven RDR, doi:10.48804/3XPCAE. Licensed CC-BY-4.0.",quantile,Real human in-vivo transcutaneous lumbar ultrasound frame.
URS40_R1_f0276::label,visuals/ultrasound/real_human_lumbar/expert_labels/URS40_R1_f0276.png,B,KU Leuven / Balgrist lumbar spine ultrasound,doi:10.48804/3XPCAE,10.1038/s41597-025-06047-9,KU Leuven (Robot-Assisted Surgery) + Balgrist University Hospital / University of Zurich,CC-BY-4.0,URS40,R1,RUS,robotic_perpendicular,276,US/URS40_R1/RUS/1998.png,US/US_labels/URS40_R1.zip,"binary pixel mask, thin contour (MetaImage .mhd/.raw, zlib)","EXPERT-ANNOTATED VISIBLE BONE SURFACE (label value 2 of {1,2}). NOT a puncture target, entry point, trajectory, interspace choice or safety window.","one physician (publication author N.A.C.), who also acquired the handheld scans","physician; single annotator, so NO inter-rater agreement exists",label value 2 rendered white on black; flipped and cropped identically to the frame,"cropped to the live ultrasound sector, rows 150-960 cols 530-960 of the 1920x1080 screen capture; removes scanner UI, depth ruler and the burned-in study/date banner",none (native sector resolution 810x430),white on black,original,"yes, with attribution (CC-BY-4.0)","yes, with attribution","Cavalcanti NA et al. A large, paired dataset of robotic and handheld lumbar spine ultrasound with ground-truth CT benchmarking. KU Leuven RDR, doi:10.48804/3XPCAE. Licensed CC-BY-4.0.",quantile,"The source expert annotation, unmodified in content."
URS40_R1_f0276::overlay,visuals/ultrasound/real_human_lumbar/expert_overlays/URS40_R1_f0276.png,D,KU Leuven / Balgrist lumbar spine ultrasound,doi:10.48804/3XPCAE,10.1038/s41597-025-06047-9,KU Leuven (Robot-Assisted Surgery) + Balgrist University Hospital / University of Zurich,CC-BY-4.0,URS40,R1,RUS,robotic_perpendicular,276,US/URS40_R1/RUS/1998.png,US/US_labels/URS40_R1.zip,"binary pixel mask, thin contour (MetaImage .mhd/.raw, zlib)","EXPERT-ANNOTATED VISIBLE BONE SURFACE (label value 2 of {1,2}). NOT a puncture target, entry point, trajectory, interspace choice or safety window.","one physician (publication author N.A.C.), who also acquired the handheld scans","physician; single annotator, so NO inter-rater agreement exists",expert mask dilated by 1 px for visibility and painted over the frame,"cropped to the live ultrasound sector, rows 150-960 cols 530-960 of the 1920x1080 screen capture; removes scanner UI, depth ruler and the burned-in study/date banner",none (native sector resolution 810x430),red = expert bone surface,derived,"yes, with attribution (CC-BY-4.0)","yes, with attribution","Cavalcanti NA et al. A large, paired dataset of robotic and handheld lumbar spine ultrasound with ground-truth CT benchmarking. KU Leuven RDR, doi:10.48804/3XPCAE. Licensed CC-BY-4.0.",quantile,Dilation is for display only; metrics never use the dilated mask.
URS40_R1_f0276::sidebyside,visuals/ultrasound/real_human_lumbar/side_by_side/URS40_R1_f0276.png,D,KU Leuven / Balgrist lumbar spine ultrasound,doi:10.48804/3XPCAE,10.1038/s41597-025-06047-9,KU Leuven (Robot-Assisted Surgery) + Balgrist University Hospital / University of Zurich,CC-BY-4.0,URS40,R1,RUS,robotic_perpendicular,276,US/URS40_R1/RUS/1998.png,US/US_labels/URS40_R1.zip,"binary pixel mask, thin contour (MetaImage .mhd/.raw, zlib)","EXPERT-ANNOTATED VISIBLE BONE SURFACE (label value 2 of {1,2}). NOT a puncture target, entry point, trajectory, interspace choice or safety window.","one physician (publication author N.A.C.), who also acquired the handheld scans","physician; single annotator, so NO inter-rater agreement exists",three-panel composite: raw | expert label | overlay,"cropped to the live ultrasound sector, rows 150-960 cols 530-960 of the 1920x1080 screen capture; removes scanner UI, depth ruler and the burned-in study/date banner",none (native sector resolution 810x430),red = expert bone surface,derived,"yes, with attribution (CC-BY-4.0)","yes, with attribution","Cavalcanti NA et al. A large, paired dataset of robotic and handheld lumbar spine ultrasound with ground-truth CT benchmarking. KU Leuven RDR, doi:10.48804/3XPCAE. Licensed CC-BY-4.0.",quantile,
URS45_H2_f0371::raw,visuals/ultrasound/real_human_lumbar/raw/URS45_H2_f0371.png,A,KU Leuven / Balgrist lumbar spine ultrasound,doi:10.48804/3XPCAE,10.1038/s41597-025-06047-9,KU Leuven (Robot-Assisted Surgery) + Balgrist University Hospital / University of Zurich,CC-BY-4.0,URS45,H2,HUS,handheld,371,US/URS45_H2/HUS/973.png,US/US_labels/URS45_H2.zip,"binary pixel mask, thin contour (MetaImage .mhd/.raw, zlib)","EXPERT-ANNOTATED VISIBLE BONE SURFACE (label value 2 of {1,2}). NOT a puncture target, entry point, trajectory, interspace choice or safety window.","one physician (publication author N.A.C.), who also acquired the handheld scans","physician; single annotator, so NO inter-rater agreement exists","decoded from MetaImage, flipped vertically (source is bottom-up), cropped","cropped to the live ultrasound sector, rows 150-960 cols 530-960 of the 1920x1080 screen capture; removes scanner UI, depth ruler and the burned-in study/date banner",none (native sector resolution 810x430),none (greyscale),original,"yes, with attribution (CC-BY-4.0)","yes, with attribution","Cavalcanti NA et al. A large, paired dataset of robotic and handheld lumbar spine ultrasound with ground-truth CT benchmarking. KU Leuven RDR, doi:10.48804/3XPCAE. Licensed CC-BY-4.0.",quantile,Real human in-vivo transcutaneous lumbar ultrasound frame.
URS45_H2_f0371::label,visuals/ultrasound/real_human_lumbar/expert_labels/URS45_H2_f0371.png,B,KU Leuven / Balgrist lumbar spine ultrasound,doi:10.48804/3XPCAE,10.1038/s41597-025-06047-9,KU Leuven (Robot-Assisted Surgery) + Balgrist University Hospital / University of Zurich,CC-BY-4.0,URS45,H2,HUS,handheld,371,US/URS45_H2/HUS/973.png,US/US_labels/URS45_H2.zip,"binary pixel mask, thin contour (MetaImage .mhd/.raw, zlib)","EXPERT-ANNOTATED VISIBLE BONE SURFACE (label value 2 of {1,2}). NOT a puncture target, entry point, trajectory, interspace choice or safety window.","one physician (publication author N.A.C.), who also acquired the handheld scans","physician; single annotator, so NO inter-rater agreement exists",label value 2 rendered white on black; flipped and cropped identically to the frame,"cropped to the live ultrasound sector, rows 150-960 cols 530-960 of the 1920x1080 screen capture; removes scanner UI, depth ruler and the burned-in study/date banner",none (native sector resolution 810x430),white on black,original,"yes, with attribution (CC-BY-4.0)","yes, with attribution","Cavalcanti NA et al. A large, paired dataset of robotic and handheld lumbar spine ultrasound with ground-truth CT benchmarking. KU Leuven RDR, doi:10.48804/3XPCAE. Licensed CC-BY-4.0.",quantile,"The source expert annotation, unmodified in content."
URS45_H2_f0371::overlay,visuals/ultrasound/real_human_lumbar/expert_overlays/URS45_H2_f0371.png,D,KU Leuven / Balgrist lumbar spine ultrasound,doi:10.48804/3XPCAE,10.1038/s41597-025-06047-9,KU Leuven (Robot-Assisted Surgery) + Balgrist University Hospital / University of Zurich,CC-BY-4.0,URS45,H2,HUS,handheld,371,US/URS45_H2/HUS/973.png,US/US_labels/URS45_H2.zip,"binary pixel mask, thin contour (MetaImage .mhd/.raw, zlib)","EXPERT-ANNOTATED VISIBLE BONE SURFACE (label value 2 of {1,2}). NOT a puncture target, entry point, trajectory, interspace choice or safety window.","one physician (publication author N.A.C.), who also acquired the handheld scans","physician; single annotator, so NO inter-rater agreement exists",expert mask dilated by 1 px for visibility and painted over the frame,"cropped to the live ultrasound sector, rows 150-960 cols 530-960 of the 1920x1080 screen capture; removes scanner UI, depth ruler and the burned-in study/date banner",none (native sector resolution 810x430),red = expert bone surface,derived,"yes, with attribution (CC-BY-4.0)","yes, with attribution","Cavalcanti NA et al. A large, paired dataset of robotic and handheld lumbar spine ultrasound with ground-truth CT benchmarking. KU Leuven RDR, doi:10.48804/3XPCAE. Licensed CC-BY-4.0.",quantile,Dilation is for display only; metrics never use the dilated mask.
URS45_H2_f0371::sidebyside,visuals/ultrasound/real_human_lumbar/side_by_side/URS45_H2_f0371.png,D,KU Leuven / Balgrist lumbar spine ultrasound,doi:10.48804/3XPCAE,10.1038/s41597-025-06047-9,KU Leuven (Robot-Assisted Surgery) + Balgrist University Hospital / University of Zurich,CC-BY-4.0,URS45,H2,HUS,handheld,371,US/URS45_H2/HUS/973.png,US/US_labels/URS45_H2.zip,"binary pixel mask, thin contour (MetaImage .mhd/.raw, zlib)","EXPERT-ANNOTATED VISIBLE BONE SURFACE (label value 2 of {1,2}). NOT a puncture target, entry point, trajectory, interspace choice or safety window.","one physician (publication author N.A.C.), who also acquired the handheld scans","physician; single annotator, so NO inter-rater agreement exists",three-panel composite: raw | expert label | overlay,"cropped to the live ultrasound sector, rows 150-960 cols 530-960 of the 1920x1080 screen capture; removes scanner UI, depth ruler and the burned-in study/date banner",none (native sector resolution 810x430),red = expert bone surface,derived,"yes, with attribution (CC-BY-4.0)","yes, with attribution","Cavalcanti NA et al. A large, paired dataset of robotic and handheld lumbar spine ultrasound with ground-truth CT benchmarking. KU Leuven RDR, doi:10.48804/3XPCAE. Licensed CC-BY-4.0.",quantile,
URS45_H2_f0378::raw,visuals/ultrasound/real_human_lumbar/raw/URS45_H2_f0378.png,A,KU Leuven / Balgrist lumbar spine ultrasound,doi:10.48804/3XPCAE,10.1038/s41597-025-06047-9,KU Leuven (Robot-Assisted Surgery) + Balgrist University Hospital / University of Zurich,CC-BY-4.0,URS45,H2,HUS,handheld,378,US/URS45_H2/HUS/986.png,US/US_labels/URS45_H2.zip,"binary pixel mask, thin contour (MetaImage .mhd/.raw, zlib)","EXPERT-ANNOTATED VISIBLE BONE SURFACE (label value 2 of {1,2}). NOT a puncture target, entry point, trajectory, interspace choice or safety window.","one physician (publication author N.A.C.), who also acquired the handheld scans","physician; single annotator, so NO inter-rater agreement exists","decoded from MetaImage, flipped vertically (source is bottom-up), cropped","cropped to the live ultrasound sector, rows 150-960 cols 530-960 of the 1920x1080 screen capture; removes scanner UI, depth ruler and the burned-in study/date banner",none (native sector resolution 810x430),none (greyscale),original,"yes, with attribution (CC-BY-4.0)","yes, with attribution","Cavalcanti NA et al. A large, paired dataset of robotic and handheld lumbar spine ultrasound with ground-truth CT benchmarking. KU Leuven RDR, doi:10.48804/3XPCAE. Licensed CC-BY-4.0.",quantile,Real human in-vivo transcutaneous lumbar ultrasound frame.
URS45_H2_f0378::label,visuals/ultrasound/real_human_lumbar/expert_labels/URS45_H2_f0378.png,B,KU Leuven / Balgrist lumbar spine ultrasound,doi:10.48804/3XPCAE,10.1038/s41597-025-06047-9,KU Leuven (Robot-Assisted Surgery) + Balgrist University Hospital / University of Zurich,CC-BY-4.0,URS45,H2,HUS,handheld,378,US/URS45_H2/HUS/986.png,US/US_labels/URS45_H2.zip,"binary pixel mask, thin contour (MetaImage .mhd/.raw, zlib)","EXPERT-ANNOTATED VISIBLE BONE SURFACE (label value 2 of {1,2}). NOT a puncture target, entry point, trajectory, interspace choice or safety window.","one physician (publication author N.A.C.), who also acquired the handheld scans","physician; single annotator, so NO inter-rater agreement exists",label value 2 rendered white on black; flipped and cropped identically to the frame,"cropped to the live ultrasound sector, rows 150-960 cols 530-960 of the 1920x1080 screen capture; removes scanner UI, depth ruler and the burned-in study/date banner",none (native sector resolution 810x430),white on black,original,"yes, with attribution (CC-BY-4.0)","yes, with attribution","Cavalcanti NA et al. A large, paired dataset of robotic and handheld lumbar spine ultrasound with ground-truth CT benchmarking. KU Leuven RDR, doi:10.48804/3XPCAE. Licensed CC-BY-4.0.",quantile,"The source expert annotation, unmodified in content."
URS45_H2_f0378::overlay,visuals/ultrasound/real_human_lumbar/expert_overlays/URS45_H2_f0378.png,D,KU Leuven / Balgrist lumbar spine ultrasound,doi:10.48804/3XPCAE,10.1038/s41597-025-06047-9,KU Leuven (Robot-Assisted Surgery) + Balgrist University Hospital / University of Zurich,CC-BY-4.0,URS45,H2,HUS,handheld,378,US/URS45_H2/HUS/986.png,US/US_labels/URS45_H2.zip,"binary pixel mask, thin contour (MetaImage .mhd/.raw, zlib)","EXPERT-ANNOTATED VISIBLE BONE SURFACE (label value 2 of {1,2}). NOT a puncture target, entry point, trajectory, interspace choice or safety window.","one physician (publication author N.A.C.), who also acquired the handheld scans","physician; single annotator, so NO inter-rater agreement exists",expert mask dilated by 1 px for visibility and painted over the frame,"cropped to the live ultrasound sector, rows 150-960 cols 530-960 of the 1920x1080 screen capture; removes scanner UI, depth ruler and the burned-in study/date banner",none (native sector resolution 810x430),red = expert bone surface,derived,"yes, with attribution (CC-BY-4.0)","yes, with attribution","Cavalcanti NA et al. A large, paired dataset of robotic and handheld lumbar spine ultrasound with ground-truth CT benchmarking. KU Leuven RDR, doi:10.48804/3XPCAE. Licensed CC-BY-4.0.",quantile,Dilation is for display only; metrics never use the dilated mask.
URS45_H2_f0378::sidebyside,visuals/ultrasound/real_human_lumbar/side_by_side/URS45_H2_f0378.png,D,KU Leuven / Balgrist lumbar spine ultrasound,doi:10.48804/3XPCAE,10.1038/s41597-025-06047-9,KU Leuven (Robot-Assisted Surgery) + Balgrist University Hospital / University of Zurich,CC-BY-4.0,URS45,H2,HUS,handheld,378,US/URS45_H2/HUS/986.png,US/US_labels/URS45_H2.zip,"binary pixel mask, thin contour (MetaImage .mhd/.raw, zlib)","EXPERT-ANNOTATED VISIBLE BONE SURFACE (label value 2 of {1,2}). NOT a puncture target, entry point, trajectory, interspace choice or safety window.","one physician (publication author N.A.C.), who also acquired the handheld scans","physician; single annotator, so NO inter-rater agreement exists",three-panel composite: raw | expert label | overlay,"cropped to the live ultrasound sector, rows 150-960 cols 530-960 of the 1920x1080 screen capture; removes scanner UI, depth ruler and the burned-in study/date banner",none (native sector resolution 810x430),red = expert bone surface,derived,"yes, with attribution (CC-BY-4.0)","yes, with attribution","Cavalcanti NA et al. A large, paired dataset of robotic and handheld lumbar spine ultrasound with ground-truth CT benchmarking. KU Leuven RDR, doi:10.48804/3XPCAE. Licensed CC-BY-4.0.",quantile,
URS45_H2_f0361::raw,visuals/ultrasound/real_human_lumbar/raw/URS45_H2_f0361.png,A,KU Leuven / Balgrist lumbar spine ultrasound,doi:10.48804/3XPCAE,10.1038/s41597-025-06047-9,KU Leuven (Robot-Assisted Surgery) + Balgrist University Hospital / University of Zurich,CC-BY-4.0,URS45,H2,HUS,handheld,361,US/URS45_H2/HUS/962.png,US/US_labels/URS45_H2.zip,"binary pixel mask, thin contour (MetaImage .mhd/.raw, zlib)","EXPERT-ANNOTATED VISIBLE BONE SURFACE (label value 2 of {1,2}). NOT a puncture target, entry point, trajectory, interspace choice or safety window.","one physician (publication author N.A.C.), who also acquired the handheld scans","physician; single annotator, so NO inter-rater agreement exists","decoded from MetaImage, flipped vertically (source is bottom-up), cropped","cropped to the live ultrasound sector, rows 150-960 cols 530-960 of the 1920x1080 screen capture; removes scanner UI, depth ruler and the burned-in study/date banner",none (native sector resolution 810x430),none (greyscale),original,"yes, with attribution (CC-BY-4.0)","yes, with attribution","Cavalcanti NA et al. A large, paired dataset of robotic and handheld lumbar spine ultrasound with ground-truth CT benchmarking. KU Leuven RDR, doi:10.48804/3XPCAE. Licensed CC-BY-4.0.",quantile,Real human in-vivo transcutaneous lumbar ultrasound frame.
URS45_H2_f0361::label,visuals/ultrasound/real_human_lumbar/expert_labels/URS45_H2_f0361.png,B,KU Leuven / Balgrist lumbar spine ultrasound,doi:10.48804/3XPCAE,10.1038/s41597-025-06047-9,KU Leuven (Robot-Assisted Surgery) + Balgrist University Hospital / University of Zurich,CC-BY-4.0,URS45,H2,HUS,handheld,361,US/URS45_H2/HUS/962.png,US/US_labels/URS45_H2.zip,"binary pixel mask, thin contour (MetaImage .mhd/.raw, zlib)","EXPERT-ANNOTATED VISIBLE BONE SURFACE (label value 2 of {1,2}). NOT a puncture target, entry point, trajectory, interspace choice or safety window.","one physician (publication author N.A.C.), who also acquired the handheld scans","physician; single annotator, so NO inter-rater agreement exists",label value 2 rendered white on black; flipped and cropped identically to the frame,"cropped to the live ultrasound sector, rows 150-960 cols 530-960 of the 1920x1080 screen capture; removes scanner UI, depth ruler and the burned-in study/date banner",none (native sector resolution 810x430),white on black,original,"yes, with attribution (CC-BY-4.0)","yes, with attribution","Cavalcanti NA et al. A large, paired dataset of robotic and handheld lumbar spine ultrasound with ground-truth CT benchmarking. KU Leuven RDR, doi:10.48804/3XPCAE. Licensed CC-BY-4.0.",quantile,"The source expert annotation, unmodified in content."
URS45_H2_f0361::overlay,visuals/ultrasound/real_human_lumbar/expert_overlays/URS45_H2_f0361.png,D,KU Leuven / Balgrist lumbar spine ultrasound,doi:10.48804/3XPCAE,10.1038/s41597-025-06047-9,KU Leuven (Robot-Assisted Surgery) + Balgrist University Hospital / University of Zurich,CC-BY-4.0,URS45,H2,HUS,handheld,361,US/URS45_H2/HUS/962.png,US/US_labels/URS45_H2.zip,"binary pixel mask, thin contour (MetaImage .mhd/.raw, zlib)","EXPERT-ANNOTATED VISIBLE BONE SURFACE (label value 2 of {1,2}). NOT a puncture target, entry point, trajectory, interspace choice or safety window.","one physician (publication author N.A.C.), who also acquired the handheld scans","physician; single annotator, so NO inter-rater agreement exists",expert mask dilated by 1 px for visibility and painted over the frame,"cropped to the live ultrasound sector, rows 150-960 cols 530-960 of the 1920x1080 screen capture; removes scanner UI, depth ruler and the burned-in study/date banner",none (native sector resolution 810x430),red = expert bone surface,derived,"yes, with attribution (CC-BY-4.0)","yes, with attribution","Cavalcanti NA et al. A large, paired dataset of robotic and handheld lumbar spine ultrasound with ground-truth CT benchmarking. KU Leuven RDR, doi:10.48804/3XPCAE. Licensed CC-BY-4.0.",quantile,Dilation is for display only; metrics never use the dilated mask.
URS45_H2_f0361::sidebyside,visuals/ultrasound/real_human_lumbar/side_by_side/URS45_H2_f0361.png,D,KU Leuven / Balgrist lumbar spine ultrasound,doi:10.48804/3XPCAE,10.1038/s41597-025-06047-9,KU Leuven (Robot-Assisted Surgery) + Balgrist University Hospital / University of Zurich,CC-BY-4.0,URS45,H2,HUS,handheld,361,US/URS45_H2/HUS/962.png,US/US_labels/URS45_H2.zip,"binary pixel mask, thin contour (MetaImage .mhd/.raw, zlib)","EXPERT-ANNOTATED VISIBLE BONE SURFACE (label value 2 of {1,2}). NOT a puncture target, entry point, trajectory, interspace choice or safety window.","one physician (publication author N.A.C.), who also acquired the handheld scans","physician; single annotator, so NO inter-rater agreement exists",three-panel composite: raw | expert label | overlay,"cropped to the live ultrasound sector, rows 150-960 cols 530-960 of the 1920x1080 screen capture; removes scanner UI, depth ruler and the burned-in study/date banner",none (native sector resolution 810x430),red = expert bone surface,derived,"yes, with attribution (CC-BY-4.0)","yes, with attribution","Cavalcanti NA et al. A large, paired dataset of robotic and handheld lumbar spine ultrasound with ground-truth CT benchmarking. KU Leuven RDR, doi:10.48804/3XPCAE. Licensed CC-BY-4.0.",quantile,
URS45_H2_f0178::raw,visuals/ultrasound/real_human_lumbar/raw/URS45_H2_f0178.png,A,KU Leuven / Balgrist lumbar spine ultrasound,doi:10.48804/3XPCAE,10.1038/s41597-025-06047-9,KU Leuven (Robot-Assisted Surgery) + Balgrist University Hospital / University of Zurich,CC-BY-4.0,URS45,H2,HUS,handheld,178,US/URS45_H2/HUS/1711.png,US/US_labels/URS45_H2.zip,"binary pixel mask, thin contour (MetaImage .mhd/.raw, zlib)","EXPERT-ANNOTATED VISIBLE BONE SURFACE (label value 2 of {1,2}). NOT a puncture target, entry point, trajectory, interspace choice or safety window.","one physician (publication author N.A.C.), who also acquired the handheld scans","physician; single annotator, so NO inter-rater agreement exists","decoded from MetaImage, flipped vertically (source is bottom-up), cropped","cropped to the live ultrasound sector, rows 150-960 cols 530-960 of the 1920x1080 screen capture; removes scanner UI, depth ruler and the burned-in study/date banner",none (native sector resolution 810x430),none (greyscale),original,"yes, with attribution (CC-BY-4.0)","yes, with attribution","Cavalcanti NA et al. A large, paired dataset of robotic and handheld lumbar spine ultrasound with ground-truth CT benchmarking. KU Leuven RDR, doi:10.48804/3XPCAE. Licensed CC-BY-4.0.",quantile,Real human in-vivo transcutaneous lumbar ultrasound frame.
URS45_H2_f0178::label,visuals/ultrasound/real_human_lumbar/expert_labels/URS45_H2_f0178.png,B,KU Leuven / Balgrist lumbar spine ultrasound,doi:10.48804/3XPCAE,10.1038/s41597-025-06047-9,KU Leuven (Robot-Assisted Surgery) + Balgrist University Hospital / University of Zurich,CC-BY-4.0,URS45,H2,HUS,handheld,178,US/URS45_H2/HUS/1711.png,US/US_labels/URS45_H2.zip,"binary pixel mask, thin contour (MetaImage .mhd/.raw, zlib)","EXPERT-ANNOTATED VISIBLE BONE SURFACE (label value 2 of {1,2}). NOT a puncture target, entry point, trajectory, interspace choice or safety window.","one physician (publication author N.A.C.), who also acquired the handheld scans","physician; single annotator, so NO inter-rater agreement exists",label value 2 rendered white on black; flipped and cropped identically to the frame,"cropped to the live ultrasound sector, rows 150-960 cols 530-960 of the 1920x1080 screen capture; removes scanner UI, depth ruler and the burned-in study/date banner",none (native sector resolution 810x430),white on black,original,"yes, with attribution (CC-BY-4.0)","yes, with attribution","Cavalcanti NA et al. A large, paired dataset of robotic and handheld lumbar spine ultrasound with ground-truth CT benchmarking. KU Leuven RDR, doi:10.48804/3XPCAE. Licensed CC-BY-4.0.",quantile,"The source expert annotation, unmodified in content."
URS45_H2_f0178::overlay,visuals/ultrasound/real_human_lumbar/expert_overlays/URS45_H2_f0178.png,D,KU Leuven / Balgrist lumbar spine ultrasound,doi:10.48804/3XPCAE,10.1038/s41597-025-06047-9,KU Leuven (Robot-Assisted Surgery) + Balgrist University Hospital / University of Zurich,CC-BY-4.0,URS45,H2,HUS,handheld,178,US/URS45_H2/HUS/1711.png,US/US_labels/URS45_H2.zip,"binary pixel mask, thin contour (MetaImage .mhd/.raw, zlib)","EXPERT-ANNOTATED VISIBLE BONE SURFACE (label value 2 of {1,2}). NOT a puncture target, entry point, trajectory, interspace choice or safety window.","one physician (publication author N.A.C.), who also acquired the handheld scans","physician; single annotator, so NO inter-rater agreement exists",expert mask dilated by 1 px for visibility and painted over the frame,"cropped to the live ultrasound sector, rows 150-960 cols 530-960 of the 1920x1080 screen capture; removes scanner UI, depth ruler and the burned-in study/date banner",none (native sector resolution 810x430),red = expert bone surface,derived,"yes, with attribution (CC-BY-4.0)","yes, with attribution","Cavalcanti NA et al. A large, paired dataset of robotic and handheld lumbar spine ultrasound with ground-truth CT benchmarking. KU Leuven RDR, doi:10.48804/3XPCAE. Licensed CC-BY-4.0.",quantile,Dilation is for display only; metrics never use the dilated mask.
URS45_H2_f0178::sidebyside,visuals/ultrasound/real_human_lumbar/side_by_side/URS45_H2_f0178.png,D,KU Leuven / Balgrist lumbar spine ultrasound,doi:10.48804/3XPCAE,10.1038/s41597-025-06047-9,KU Leuven (Robot-Assisted Surgery) + Balgrist University Hospital / University of Zurich,CC-BY-4.0,URS45,H2,HUS,handheld,178,US/URS45_H2/HUS/1711.png,US/US_labels/URS45_H2.zip,"binary pixel mask, thin contour (MetaImage .mhd/.raw, zlib)","EXPERT-ANNOTATED VISIBLE BONE SURFACE (label value 2 of {1,2}). NOT a puncture target, entry point, trajectory, interspace choice or safety window.","one physician (publication author N.A.C.), who also acquired the handheld scans","physician; single annotator, so NO inter-rater agreement exists",three-panel composite: raw | expert label | overlay,"cropped to the live ultrasound sector, rows 150-960 cols 530-960 of the 1920x1080 screen capture; removes scanner UI, depth ruler and the burned-in study/date banner",none (native sector resolution 810x430),red = expert bone surface,derived,"yes, with attribution (CC-BY-4.0)","yes, with attribution","Cavalcanti NA et al. A large, paired dataset of robotic and handheld lumbar spine ultrasound with ground-truth CT benchmarking. KU Leuven RDR, doi:10.48804/3XPCAE. Licensed CC-BY-4.0.",quantile,
URS45_R2_f0394::raw,visuals/ultrasound/real_human_lumbar/raw/URS45_R2_f0394.png,A,KU Leuven / Balgrist lumbar spine ultrasound,doi:10.48804/3XPCAE,10.1038/s41597-025-06047-9,KU Leuven (Robot-Assisted Surgery) + Balgrist University Hospital / University of Zurich,CC-BY-4.0,URS45,R2,RUS,robotic_perpendicular,394,US/URS45_R2/RUS/997.png,US/US_labels/URS45_R2.zip,"binary pixel mask, thin contour (MetaImage .mhd/.raw, zlib)","EXPERT-ANNOTATED VISIBLE BONE SURFACE (label value 2 of {1,2}). NOT a puncture target, entry point, trajectory, interspace choice or safety window.","one physician (publication author N.A.C.), who also acquired the handheld scans","physician; single annotator, so NO inter-rater agreement exists","decoded from MetaImage, flipped vertically (source is bottom-up), cropped","cropped to the live ultrasound sector, rows 150-960 cols 530-960 of the 1920x1080 screen capture; removes scanner UI, depth ruler and the burned-in study/date banner",none (native sector resolution 810x430),none (greyscale),original,"yes, with attribution (CC-BY-4.0)","yes, with attribution","Cavalcanti NA et al. A large, paired dataset of robotic and handheld lumbar spine ultrasound with ground-truth CT benchmarking. KU Leuven RDR, doi:10.48804/3XPCAE. Licensed CC-BY-4.0.",quantile,Real human in-vivo transcutaneous lumbar ultrasound frame.
URS45_R2_f0394::label,visuals/ultrasound/real_human_lumbar/expert_labels/URS45_R2_f0394.png,B,KU Leuven / Balgrist lumbar spine ultrasound,doi:10.48804/3XPCAE,10.1038/s41597-025-06047-9,KU Leuven (Robot-Assisted Surgery) + Balgrist University Hospital / University of Zurich,CC-BY-4.0,URS45,R2,RUS,robotic_perpendicular,394,US/URS45_R2/RUS/997.png,US/US_labels/URS45_R2.zip,"binary pixel mask, thin contour (MetaImage .mhd/.raw, zlib)","EXPERT-ANNOTATED VISIBLE BONE SURFACE (label value 2 of {1,2}). NOT a puncture target, entry point, trajectory, interspace choice or safety window.","one physician (publication author N.A.C.), who also acquired the handheld scans","physician; single annotator, so NO inter-rater agreement exists",label value 2 rendered white on black; flipped and cropped identically to the frame,"cropped to the live ultrasound sector, rows 150-960 cols 530-960 of the 1920x1080 screen capture; removes scanner UI, depth ruler and the burned-in study/date banner",none (native sector resolution 810x430),white on black,original,"yes, with attribution (CC-BY-4.0)","yes, with attribution","Cavalcanti NA et al. A large, paired dataset of robotic and handheld lumbar spine ultrasound with ground-truth CT benchmarking. KU Leuven RDR, doi:10.48804/3XPCAE. Licensed CC-BY-4.0.",quantile,"The source expert annotation, unmodified in content."
URS45_R2_f0394::overlay,visuals/ultrasound/real_human_lumbar/expert_overlays/URS45_R2_f0394.png,D,KU Leuven / Balgrist lumbar spine ultrasound,doi:10.48804/3XPCAE,10.1038/s41597-025-06047-9,KU Leuven (Robot-Assisted Surgery) + Balgrist University Hospital / University of Zurich,CC-BY-4.0,URS45,R2,RUS,robotic_perpendicular,394,US/URS45_R2/RUS/997.png,US/US_labels/URS45_R2.zip,"binary pixel mask, thin contour (MetaImage .mhd/.raw, zlib)","EXPERT-ANNOTATED VISIBLE BONE SURFACE (label value 2 of {1,2}). NOT a puncture target, entry point, trajectory, interspace choice or safety window.","one physician (publication author N.A.C.), who also acquired the handheld scans","physician; single annotator, so NO inter-rater agreement exists",expert mask dilated by 1 px for visibility and painted over the frame,"cropped to the live ultrasound sector, rows 150-960 cols 530-960 of the 1920x1080 screen capture; removes scanner UI, depth ruler and the burned-in study/date banner",none (native sector resolution 810x430),red = expert bone surface,derived,"yes, with attribution (CC-BY-4.0)","yes, with attribution","Cavalcanti NA et al. A large, paired dataset of robotic and handheld lumbar spine ultrasound with ground-truth CT benchmarking. KU Leuven RDR, doi:10.48804/3XPCAE. Licensed CC-BY-4.0.",quantile,Dilation is for display only; metrics never use the dilated mask.
URS45_R2_f0394::sidebyside,visuals/ultrasound/real_human_lumbar/side_by_side/URS45_R2_f0394.png,D,KU Leuven / Balgrist lumbar spine ultrasound,doi:10.48804/3XPCAE,10.1038/s41597-025-06047-9,KU Leuven (Robot-Assisted Surgery) + Balgrist University Hospital / University of Zurich,CC-BY-4.0,URS45,R2,RUS,robotic_perpendicular,394,US/URS45_R2/RUS/997.png,US/US_labels/URS45_R2.zip,"binary pixel mask, thin contour (MetaImage .mhd/.raw, zlib)","EXPERT-ANNOTATED VISIBLE BONE SURFACE (label value 2 of {1,2}). NOT a puncture target, entry point, trajectory, interspace choice or safety window.","one physician (publication author N.A.C.), who also acquired the handheld scans","physician; single annotator, so NO inter-rater agreement exists",three-panel composite: raw | expert label | overlay,"cropped to the live ultrasound sector, rows 150-960 cols 530-960 of the 1920x1080 screen capture; removes scanner UI, depth ruler and the burned-in study/date banner",none (native sector resolution 810x430),red = expert bone surface,derived,"yes, with attribution (CC-BY-4.0)","yes, with attribution","Cavalcanti NA et al. A large, paired dataset of robotic and handheld lumbar spine ultrasound with ground-truth CT benchmarking. KU Leuven RDR, doi:10.48804/3XPCAE. Licensed CC-BY-4.0.",quantile,
URS45_R2_f0232::raw,visuals/ultrasound/real_human_lumbar/raw/URS45_R2_f0232.png,A,KU Leuven / Balgrist lumbar spine ultrasound,doi:10.48804/3XPCAE,10.1038/s41597-025-06047-9,KU Leuven (Robot-Assisted Surgery) + Balgrist University Hospital / University of Zurich,CC-BY-4.0,URS45,R2,RUS,robotic_perpendicular,232,US/URS45_R2/RUS/1264.png,US/US_labels/URS45_R2.zip,"binary pixel mask, thin contour (MetaImage .mhd/.raw, zlib)","EXPERT-ANNOTATED VISIBLE BONE SURFACE (label value 2 of {1,2}). NOT a puncture target, entry point, trajectory, interspace choice or safety window.","one physician (publication author N.A.C.), who also acquired the handheld scans","physician; single annotator, so NO inter-rater agreement exists","decoded from MetaImage, flipped vertically (source is bottom-up), cropped","cropped to the live ultrasound sector, rows 150-960 cols 530-960 of the 1920x1080 screen capture; removes scanner UI, depth ruler and the burned-in study/date banner",none (native sector resolution 810x430),none (greyscale),original,"yes, with attribution (CC-BY-4.0)","yes, with attribution","Cavalcanti NA et al. A large, paired dataset of robotic and handheld lumbar spine ultrasound with ground-truth CT benchmarking. KU Leuven RDR, doi:10.48804/3XPCAE. Licensed CC-BY-4.0.",quantile,Real human in-vivo transcutaneous lumbar ultrasound frame.
URS45_R2_f0232::label,visuals/ultrasound/real_human_lumbar/expert_labels/URS45_R2_f0232.png,B,KU Leuven / Balgrist lumbar spine ultrasound,doi:10.48804/3XPCAE,10.1038/s41597-025-06047-9,KU Leuven (Robot-Assisted Surgery) + Balgrist University Hospital / University of Zurich,CC-BY-4.0,URS45,R2,RUS,robotic_perpendicular,232,US/URS45_R2/RUS/1264.png,US/US_labels/URS45_R2.zip,"binary pixel mask, thin contour (MetaImage .mhd/.raw, zlib)","EXPERT-ANNOTATED VISIBLE BONE SURFACE (label value 2 of {1,2}). NOT a puncture target, entry point, trajectory, interspace choice or safety window.","one physician (publication author N.A.C.), who also acquired the handheld scans","physician; single annotator, so NO inter-rater agreement exists",label value 2 rendered white on black; flipped and cropped identically to the frame,"cropped to the live ultrasound sector, rows 150-960 cols 530-960 of the 1920x1080 screen capture; removes scanner UI, depth ruler and the burned-in study/date banner",none (native sector resolution 810x430),white on black,original,"yes, with attribution (CC-BY-4.0)","yes, with attribution","Cavalcanti NA et al. A large, paired dataset of robotic and handheld lumbar spine ultrasound with ground-truth CT benchmarking. KU Leuven RDR, doi:10.48804/3XPCAE. Licensed CC-BY-4.0.",quantile,"The source expert annotation, unmodified in content."
URS45_R2_f0232::overlay,visuals/ultrasound/real_human_lumbar/expert_overlays/URS45_R2_f0232.png,D,KU Leuven / Balgrist lumbar spine ultrasound,doi:10.48804/3XPCAE,10.1038/s41597-025-06047-9,KU Leuven (Robot-Assisted Surgery) + Balgrist University Hospital / University of Zurich,CC-BY-4.0,URS45,R2,RUS,robotic_perpendicular,232,US/URS45_R2/RUS/1264.png,US/US_labels/URS45_R2.zip,"binary pixel mask, thin contour (MetaImage .mhd/.raw, zlib)","EXPERT-ANNOTATED VISIBLE BONE SURFACE (label value 2 of {1,2}). NOT a puncture target, entry point, trajectory, interspace choice or safety window.","one physician (publication author N.A.C.), who also acquired the handheld scans","physician; single annotator, so NO inter-rater agreement exists",expert mask dilated by 1 px for visibility and painted over the frame,"cropped to the live ultrasound sector, rows 150-960 cols 530-960 of the 1920x1080 screen capture; removes scanner UI, depth ruler and the burned-in study/date banner",none (native sector resolution 810x430),red = expert bone surface,derived,"yes, with attribution (CC-BY-4.0)","yes, with attribution","Cavalcanti NA et al. A large, paired dataset of robotic and handheld lumbar spine ultrasound with ground-truth CT benchmarking. KU Leuven RDR, doi:10.48804/3XPCAE. Licensed CC-BY-4.0.",quantile,Dilation is for display only; metrics never use the dilated mask.
URS45_R2_f0232::sidebyside,visuals/ultrasound/real_human_lumbar/side_by_side/URS45_R2_f0232.png,D,KU Leuven / Balgrist lumbar spine ultrasound,doi:10.48804/3XPCAE,10.1038/s41597-025-06047-9,KU Leuven (Robot-Assisted Surgery) + Balgrist University Hospital / University of Zurich,CC-BY-4.0,URS45,R2,RUS,robotic_perpendicular,232,US/URS45_R2/RUS/1264.png,US/US_labels/URS45_R2.zip,"binary pixel mask, thin contour (MetaImage .mhd/.raw, zlib)","EXPERT-ANNOTATED VISIBLE BONE SURFACE (label value 2 of {1,2}). NOT a puncture target, entry point, trajectory, interspace choice or safety window.","one physician (publication author N.A.C.), who also acquired the handheld scans","physician; single annotator, so NO inter-rater agreement exists",three-panel composite: raw | expert label | overlay,"cropped to the live ultrasound sector, rows 150-960 cols 530-960 of the 1920x1080 screen capture; removes scanner UI, depth ruler and the burned-in study/date banner",none (native sector resolution 810x430),red = expert bone surface,derived,"yes, with attribution (CC-BY-4.0)","yes, with attribution","Cavalcanti NA et al. A large, paired dataset of robotic and handheld lumbar spine ultrasound with ground-truth CT benchmarking. KU Leuven RDR, doi:10.48804/3XPCAE. Licensed CC-BY-4.0.",quantile,
URS45_R2_f0324::raw,visuals/ultrasound/real_human_lumbar/raw/URS45_R2_f0324.png,A,KU Leuven / Balgrist lumbar spine ultrasound,doi:10.48804/3XPCAE,10.1038/s41597-025-06047-9,KU Leuven (Robot-Assisted Surgery) + Balgrist University Hospital / University of Zurich,CC-BY-4.0,URS45,R2,RUS,robotic_perpendicular,324,US/URS45_R2/RUS/321.png,US/US_labels/URS45_R2.zip,"binary pixel mask, thin contour (MetaImage .mhd/.raw, zlib)","EXPERT-ANNOTATED VISIBLE BONE SURFACE (label value 2 of {1,2}). NOT a puncture target, entry point, trajectory, interspace choice or safety window.","one physician (publication author N.A.C.), who also acquired the handheld scans","physician; single annotator, so NO inter-rater agreement exists","decoded from MetaImage, flipped vertically (source is bottom-up), cropped","cropped to the live ultrasound sector, rows 150-960 cols 530-960 of the 1920x1080 screen capture; removes scanner UI, depth ruler and the burned-in study/date banner",none (native sector resolution 810x430),none (greyscale),original,"yes, with attribution (CC-BY-4.0)","yes, with attribution","Cavalcanti NA et al. A large, paired dataset of robotic and handheld lumbar spine ultrasound with ground-truth CT benchmarking. KU Leuven RDR, doi:10.48804/3XPCAE. Licensed CC-BY-4.0.",quantile,Real human in-vivo transcutaneous lumbar ultrasound frame.
URS45_R2_f0324::label,visuals/ultrasound/real_human_lumbar/expert_labels/URS45_R2_f0324.png,B,KU Leuven / Balgrist lumbar spine ultrasound,doi:10.48804/3XPCAE,10.1038/s41597-025-06047-9,KU Leuven (Robot-Assisted Surgery) + Balgrist University Hospital / University of Zurich,CC-BY-4.0,URS45,R2,RUS,robotic_perpendicular,324,US/URS45_R2/RUS/321.png,US/US_labels/URS45_R2.zip,"binary pixel mask, thin contour (MetaImage .mhd/.raw, zlib)","EXPERT-ANNOTATED VISIBLE BONE SURFACE (label value 2 of {1,2}). NOT a puncture target, entry point, trajectory, interspace choice or safety window.","one physician (publication author N.A.C.), who also acquired the handheld scans","physician; single annotator, so NO inter-rater agreement exists",label value 2 rendered white on black; flipped and cropped identically to the frame,"cropped to the live ultrasound sector, rows 150-960 cols 530-960 of the 1920x1080 screen capture; removes scanner UI, depth ruler and the burned-in study/date banner",none (native sector resolution 810x430),white on black,original,"yes, with attribution (CC-BY-4.0)","yes, with attribution","Cavalcanti NA et al. A large, paired dataset of robotic and handheld lumbar spine ultrasound with ground-truth CT benchmarking. KU Leuven RDR, doi:10.48804/3XPCAE. Licensed CC-BY-4.0.",quantile,"The source expert annotation, unmodified in content."
URS45_R2_f0324::overlay,visuals/ultrasound/real_human_lumbar/expert_overlays/URS45_R2_f0324.png,D,KU Leuven / Balgrist lumbar spine ultrasound,doi:10.48804/3XPCAE,10.1038/s41597-025-06047-9,KU Leuven (Robot-Assisted Surgery) + Balgrist University Hospital / University of Zurich,CC-BY-4.0,URS45,R2,RUS,robotic_perpendicular,324,US/URS45_R2/RUS/321.png,US/US_labels/URS45_R2.zip,"binary pixel mask, thin contour (MetaImage .mhd/.raw, zlib)","EXPERT-ANNOTATED VISIBLE BONE SURFACE (label value 2 of {1,2}). NOT a puncture target, entry point, trajectory, interspace choice or safety window.","one physician (publication author N.A.C.), who also acquired the handheld scans","physician; single annotator, so NO inter-rater agreement exists",expert mask dilated by 1 px for visibility and painted over the frame,"cropped to the live ultrasound sector, rows 150-960 cols 530-960 of the 1920x1080 screen capture; removes scanner UI, depth ruler and the burned-in study/date banner",none (native sector resolution 810x430),red = expert bone surface,derived,"yes, with attribution (CC-BY-4.0)","yes, with attribution","Cavalcanti NA et al. A large, paired dataset of robotic and handheld lumbar spine ultrasound with ground-truth CT benchmarking. KU Leuven RDR, doi:10.48804/3XPCAE. Licensed CC-BY-4.0.",quantile,Dilation is for display only; metrics never use the dilated mask.
URS45_R2_f0324::sidebyside,visuals/ultrasound/real_human_lumbar/side_by_side/URS45_R2_f0324.png,D,KU Leuven / Balgrist lumbar spine ultrasound,doi:10.48804/3XPCAE,10.1038/s41597-025-06047-9,KU Leuven (Robot-Assisted Surgery) + Balgrist University Hospital / University of Zurich,CC-BY-4.0,URS45,R2,RUS,robotic_perpendicular,324,US/URS45_R2/RUS/321.png,US/US_labels/URS45_R2.zip,"binary pixel mask, thin contour (MetaImage .mhd/.raw, zlib)","EXPERT-ANNOTATED VISIBLE BONE SURFACE (label value 2 of {1,2}). NOT a puncture target, entry point, trajectory, interspace choice or safety window.","one physician (publication author N.A.C.), who also acquired the handheld scans","physician; single annotator, so NO inter-rater agreement exists",three-panel composite: raw | expert label | overlay,"cropped to the live ultrasound sector, rows 150-960 cols 530-960 of the 1920x1080 screen capture; removes scanner UI, depth ruler and the burned-in study/date banner",none (native sector resolution 810x430),red = expert bone surface,derived,"yes, with attribution (CC-BY-4.0)","yes, with attribution","Cavalcanti NA et al. A large, paired dataset of robotic and handheld lumbar spine ultrasound with ground-truth CT benchmarking. KU Leuven RDR, doi:10.48804/3XPCAE. Licensed CC-BY-4.0.",quantile,
URS45_R2_f0152::raw,visuals/ultrasound/real_human_lumbar/raw/URS45_R2_f0152.png,A,KU Leuven / Balgrist lumbar spine ultrasound,doi:10.48804/3XPCAE,10.1038/s41597-025-06047-9,KU Leuven (Robot-Assisted Surgery) + Balgrist University Hospital / University of Zurich,CC-BY-4.0,URS45,R2,RUS,robotic_perpendicular,152,US/URS45_R2/RUS/1173.png,US/US_labels/URS45_R2.zip,"binary pixel mask, thin contour (MetaImage .mhd/.raw, zlib)","EXPERT-ANNOTATED VISIBLE BONE SURFACE (label value 2 of {1,2}). NOT a puncture target, entry point, trajectory, interspace choice or safety window.","one physician (publication author N.A.C.), who also acquired the handheld scans","physician; single annotator, so NO inter-rater agreement exists","decoded from MetaImage, flipped vertically (source is bottom-up), cropped","cropped to the live ultrasound sector, rows 150-960 cols 530-960 of the 1920x1080 screen capture; removes scanner UI, depth ruler and the burned-in study/date banner",none (native sector resolution 810x430),none (greyscale),original,"yes, with attribution (CC-BY-4.0)","yes, with attribution","Cavalcanti NA et al. A large, paired dataset of robotic and handheld lumbar spine ultrasound with ground-truth CT benchmarking. KU Leuven RDR, doi:10.48804/3XPCAE. Licensed CC-BY-4.0.",quantile,Real human in-vivo transcutaneous lumbar ultrasound frame.
URS45_R2_f0152::label,visuals/ultrasound/real_human_lumbar/expert_labels/URS45_R2_f0152.png,B,KU Leuven / Balgrist lumbar spine ultrasound,doi:10.48804/3XPCAE,10.1038/s41597-025-06047-9,KU Leuven (Robot-Assisted Surgery) + Balgrist University Hospital / University of Zurich,CC-BY-4.0,URS45,R2,RUS,robotic_perpendicular,152,US/URS45_R2/RUS/1173.png,US/US_labels/URS45_R2.zip,"binary pixel mask, thin contour (MetaImage .mhd/.raw, zlib)","EXPERT-ANNOTATED VISIBLE BONE SURFACE (label value 2 of {1,2}). NOT a puncture target, entry point, trajectory, interspace choice or safety window.","one physician (publication author N.A.C.), who also acquired the handheld scans","physician; single annotator, so NO inter-rater agreement exists",label value 2 rendered white on black; flipped and cropped identically to the frame,"cropped to the live ultrasound sector, rows 150-960 cols 530-960 of the 1920x1080 screen capture; removes scanner UI, depth ruler and the burned-in study/date banner",none (native sector resolution 810x430),white on black,original,"yes, with attribution (CC-BY-4.0)","yes, with attribution","Cavalcanti NA et al. A large, paired dataset of robotic and handheld lumbar spine ultrasound with ground-truth CT benchmarking. KU Leuven RDR, doi:10.48804/3XPCAE. Licensed CC-BY-4.0.",quantile,"The source expert annotation, unmodified in content."
URS45_R2_f0152::overlay,visuals/ultrasound/real_human_lumbar/expert_overlays/URS45_R2_f0152.png,D,KU Leuven / Balgrist lumbar spine ultrasound,doi:10.48804/3XPCAE,10.1038/s41597-025-06047-9,KU Leuven (Robot-Assisted Surgery) + Balgrist University Hospital / University of Zurich,CC-BY-4.0,URS45,R2,RUS,robotic_perpendicular,152,US/URS45_R2/RUS/1173.png,US/US_labels/URS45_R2.zip,"binary pixel mask, thin contour (MetaImage .mhd/.raw, zlib)","EXPERT-ANNOTATED VISIBLE BONE SURFACE (label value 2 of {1,2}). NOT a puncture target, entry point, trajectory, interspace choice or safety window.","one physician (publication author N.A.C.), who also acquired the handheld scans","physician; single annotator, so NO inter-rater agreement exists",expert mask dilated by 1 px for visibility and painted over the frame,"cropped to the live ultrasound sector, rows 150-960 cols 530-960 of the 1920x1080 screen capture; removes scanner UI, depth ruler and the burned-in study/date banner",none (native sector resolution 810x430),red = expert bone surface,derived,"yes, with attribution (CC-BY-4.0)","yes, with attribution","Cavalcanti NA et al. A large, paired dataset of robotic and handheld lumbar spine ultrasound with ground-truth CT benchmarking. KU Leuven RDR, doi:10.48804/3XPCAE. Licensed CC-BY-4.0.",quantile,Dilation is for display only; metrics never use the dilated mask.
URS45_R2_f0152::sidebyside,visuals/ultrasound/real_human_lumbar/side_by_side/URS45_R2_f0152.png,D,KU Leuven / Balgrist lumbar spine ultrasound,doi:10.48804/3XPCAE,10.1038/s41597-025-06047-9,KU Leuven (Robot-Assisted Surgery) + Balgrist University Hospital / University of Zurich,CC-BY-4.0,URS45,R2,RUS,robotic_perpendicular,152,US/URS45_R2/RUS/1173.png,US/US_labels/URS45_R2.zip,"binary pixel mask, thin contour (MetaImage .mhd/.raw, zlib)","EXPERT-ANNOTATED VISIBLE BONE SURFACE (label value 2 of {1,2}). NOT a puncture target, entry point, trajectory, interspace choice or safety window.","one physician (publication author N.A.C.), who also acquired the handheld scans","physician; single annotator, so NO inter-rater agreement exists",three-panel composite: raw | expert label | overlay,"cropped to the live ultrasound sector, rows 150-960 cols 530-960 of the 1920x1080 screen capture; removes scanner UI, depth ruler and the burned-in study/date banner",none (native sector resolution 810x430),red = expert bone surface,derived,"yes, with attribution (CC-BY-4.0)","yes, with attribution","Cavalcanti NA et al. A large, paired dataset of robotic and handheld lumbar spine ultrasound with ground-truth CT benchmarking. KU Leuven RDR, doi:10.48804/3XPCAE. Licensed CC-BY-4.0.",quantile,
URS51_D2_f0043::raw,visuals/ultrasound/real_human_lumbar/raw/URS51_D2_f0043.png,A,KU Leuven / Balgrist lumbar spine ultrasound,doi:10.48804/3XPCAE,10.1038/s41597-025-06047-9,KU Leuven (Robot-Assisted Surgery) + Balgrist University Hospital / University of Zurich,CC-BY-4.0,URS51,D2,RUS,robotic_other,43,US/URS51_D2/DUS/3062.png,US/US_labels/URS51_D2.zip,"binary pixel mask, thin contour (MetaImage .mhd/.raw, zlib)","EXPERT-ANNOTATED VISIBLE BONE SURFACE (label value 2 of {1,2}). NOT a puncture target, entry point, trajectory, interspace choice or safety window.","one physician (publication author N.A.C.), who also acquired the handheld scans","physician; single annotator, so NO inter-rater agreement exists","decoded from MetaImage, flipped vertically (source is bottom-up), cropped","cropped to the live ultrasound sector, rows 150-960 cols 530-960 of the 1920x1080 screen capture; removes scanner UI, depth ruler and the burned-in study/date banner",none (native sector resolution 810x430),none (greyscale),original,"yes, with attribution (CC-BY-4.0)","yes, with attribution","Cavalcanti NA et al. A large, paired dataset of robotic and handheld lumbar spine ultrasound with ground-truth CT benchmarking. KU Leuven RDR, doi:10.48804/3XPCAE. Licensed CC-BY-4.0.",quantile,Real human in-vivo transcutaneous lumbar ultrasound frame.
URS51_D2_f0043::label,visuals/ultrasound/real_human_lumbar/expert_labels/URS51_D2_f0043.png,B,KU Leuven / Balgrist lumbar spine ultrasound,doi:10.48804/3XPCAE,10.1038/s41597-025-06047-9,KU Leuven (Robot-Assisted Surgery) + Balgrist University Hospital / University of Zurich,CC-BY-4.0,URS51,D2,RUS,robotic_other,43,US/URS51_D2/DUS/3062.png,US/US_labels/URS51_D2.zip,"binary pixel mask, thin contour (MetaImage .mhd/.raw, zlib)","EXPERT-ANNOTATED VISIBLE BONE SURFACE (label value 2 of {1,2}). NOT a puncture target, entry point, trajectory, interspace choice or safety window.","one physician (publication author N.A.C.), who also acquired the handheld scans","physician; single annotator, so NO inter-rater agreement exists",label value 2 rendered white on black; flipped and cropped identically to the frame,"cropped to the live ultrasound sector, rows 150-960 cols 530-960 of the 1920x1080 screen capture; removes scanner UI, depth ruler and the burned-in study/date banner",none (native sector resolution 810x430),white on black,original,"yes, with attribution (CC-BY-4.0)","yes, with attribution","Cavalcanti NA et al. A large, paired dataset of robotic and handheld lumbar spine ultrasound with ground-truth CT benchmarking. KU Leuven RDR, doi:10.48804/3XPCAE. Licensed CC-BY-4.0.",quantile,"The source expert annotation, unmodified in content."
URS51_D2_f0043::overlay,visuals/ultrasound/real_human_lumbar/expert_overlays/URS51_D2_f0043.png,D,KU Leuven / Balgrist lumbar spine ultrasound,doi:10.48804/3XPCAE,10.1038/s41597-025-06047-9,KU Leuven (Robot-Assisted Surgery) + Balgrist University Hospital / University of Zurich,CC-BY-4.0,URS51,D2,RUS,robotic_other,43,US/URS51_D2/DUS/3062.png,US/US_labels/URS51_D2.zip,"binary pixel mask, thin contour (MetaImage .mhd/.raw, zlib)","EXPERT-ANNOTATED VISIBLE BONE SURFACE (label value 2 of {1,2}). NOT a puncture target, entry point, trajectory, interspace choice or safety window.","one physician (publication author N.A.C.), who also acquired the handheld scans","physician; single annotator, so NO inter-rater agreement exists",expert mask dilated by 1 px for visibility and painted over the frame,"cropped to the live ultrasound sector, rows 150-960 cols 530-960 of the 1920x1080 screen capture; removes scanner UI, depth ruler and the burned-in study/date banner",none (native sector resolution 810x430),red = expert bone surface,derived,"yes, with attribution (CC-BY-4.0)","yes, with attribution","Cavalcanti NA et al. A large, paired dataset of robotic and handheld lumbar spine ultrasound with ground-truth CT benchmarking. KU Leuven RDR, doi:10.48804/3XPCAE. Licensed CC-BY-4.0.",quantile,Dilation is for display only; metrics never use the dilated mask.
URS51_D2_f0043::sidebyside,visuals/ultrasound/real_human_lumbar/side_by_side/URS51_D2_f0043.png,D,KU Leuven / Balgrist lumbar spine ultrasound,doi:10.48804/3XPCAE,10.1038/s41597-025-06047-9,KU Leuven (Robot-Assisted Surgery) + Balgrist University Hospital / University of Zurich,CC-BY-4.0,URS51,D2,RUS,robotic_other,43,US/URS51_D2/DUS/3062.png,US/US_labels/URS51_D2.zip,"binary pixel mask, thin contour (MetaImage .mhd/.raw, zlib)","EXPERT-ANNOTATED VISIBLE BONE SURFACE (label value 2 of {1,2}). NOT a puncture target, entry point, trajectory, interspace choice or safety window.","one physician (publication author N.A.C.), who also acquired the handheld scans","physician; single annotator, so NO inter-rater agreement exists",three-panel composite: raw | expert label | overlay,"cropped to the live ultrasound sector, rows 150-960 cols 530-960 of the 1920x1080 screen capture; removes scanner UI, depth ruler and the burned-in study/date banner",none (native sector resolution 810x430),red = expert bone surface,derived,"yes, with attribution (CC-BY-4.0)","yes, with attribution","Cavalcanti NA et al. A large, paired dataset of robotic and handheld lumbar spine ultrasound with ground-truth CT benchmarking. KU Leuven RDR, doi:10.48804/3XPCAE. Licensed CC-BY-4.0.",quantile,
URS51_D2_f0209::raw,visuals/ultrasound/real_human_lumbar/raw/URS51_D2_f0209.png,A,KU Leuven / Balgrist lumbar spine ultrasound,doi:10.48804/3XPCAE,10.1038/s41597-025-06047-9,KU Leuven (Robot-Assisted Surgery) + Balgrist University Hospital / University of Zurich,CC-BY-4.0,URS51,D2,RUS,robotic_other,209,US/URS51_D2/DUS/522.png,US/US_labels/URS51_D2.zip,"binary pixel mask, thin contour (MetaImage .mhd/.raw, zlib)","EXPERT-ANNOTATED VISIBLE BONE SURFACE (label value 2 of {1,2}). NOT a puncture target, entry point, trajectory, interspace choice or safety window.","one physician (publication author N.A.C.), who also acquired the handheld scans","physician; single annotator, so NO inter-rater agreement exists","decoded from MetaImage, flipped vertically (source is bottom-up), cropped","cropped to the live ultrasound sector, rows 150-960 cols 530-960 of the 1920x1080 screen capture; removes scanner UI, depth ruler and the burned-in study/date banner",none (native sector resolution 810x430),none (greyscale),original,"yes, with attribution (CC-BY-4.0)","yes, with attribution","Cavalcanti NA et al. A large, paired dataset of robotic and handheld lumbar spine ultrasound with ground-truth CT benchmarking. KU Leuven RDR, doi:10.48804/3XPCAE. Licensed CC-BY-4.0.",quantile,Real human in-vivo transcutaneous lumbar ultrasound frame.
URS51_D2_f0209::label,visuals/ultrasound/real_human_lumbar/expert_labels/URS51_D2_f0209.png,B,KU Leuven / Balgrist lumbar spine ultrasound,doi:10.48804/3XPCAE,10.1038/s41597-025-06047-9,KU Leuven (Robot-Assisted Surgery) + Balgrist University Hospital / University of Zurich,CC-BY-4.0,URS51,D2,RUS,robotic_other,209,US/URS51_D2/DUS/522.png,US/US_labels/URS51_D2.zip,"binary pixel mask, thin contour (MetaImage .mhd/.raw, zlib)","EXPERT-ANNOTATED VISIBLE BONE SURFACE (label value 2 of {1,2}). NOT a puncture target, entry point, trajectory, interspace choice or safety window.","one physician (publication author N.A.C.), who also acquired the handheld scans","physician; single annotator, so NO inter-rater agreement exists",label value 2 rendered white on black; flipped and cropped identically to the frame,"cropped to the live ultrasound sector, rows 150-960 cols 530-960 of the 1920x1080 screen capture; removes scanner UI, depth ruler and the burned-in study/date banner",none (native sector resolution 810x430),white on black,original,"yes, with attribution (CC-BY-4.0)","yes, with attribution","Cavalcanti NA et al. A large, paired dataset of robotic and handheld lumbar spine ultrasound with ground-truth CT benchmarking. KU Leuven RDR, doi:10.48804/3XPCAE. Licensed CC-BY-4.0.",quantile,"The source expert annotation, unmodified in content."
URS51_D2_f0209::overlay,visuals/ultrasound/real_human_lumbar/expert_overlays/URS51_D2_f0209.png,D,KU Leuven / Balgrist lumbar spine ultrasound,doi:10.48804/3XPCAE,10.1038/s41597-025-06047-9,KU Leuven (Robot-Assisted Surgery) + Balgrist University Hospital / University of Zurich,CC-BY-4.0,URS51,D2,RUS,robotic_other,209,US/URS51_D2/DUS/522.png,US/US_labels/URS51_D2.zip,"binary pixel mask, thin contour (MetaImage .mhd/.raw, zlib)","EXPERT-ANNOTATED VISIBLE BONE SURFACE (label value 2 of {1,2}). NOT a puncture target, entry point, trajectory, interspace choice or safety window.","one physician (publication author N.A.C.), who also acquired the handheld scans","physician; single annotator, so NO inter-rater agreement exists",expert mask dilated by 1 px for visibility and painted over the frame,"cropped to the live ultrasound sector, rows 150-960 cols 530-960 of the 1920x1080 screen capture; removes scanner UI, depth ruler and the burned-in study/date banner",none (native sector resolution 810x430),red = expert bone surface,derived,"yes, with attribution (CC-BY-4.0)","yes, with attribution","Cavalcanti NA et al. A large, paired dataset of robotic and handheld lumbar spine ultrasound with ground-truth CT benchmarking. KU Leuven RDR, doi:10.48804/3XPCAE. Licensed CC-BY-4.0.",quantile,Dilation is for display only; metrics never use the dilated mask.
URS51_D2_f0209::sidebyside,visuals/ultrasound/real_human_lumbar/side_by_side/URS51_D2_f0209.png,D,KU Leuven / Balgrist lumbar spine ultrasound,doi:10.48804/3XPCAE,10.1038/s41597-025-06047-9,KU Leuven (Robot-Assisted Surgery) + Balgrist University Hospital / University of Zurich,CC-BY-4.0,URS51,D2,RUS,robotic_other,209,US/URS51_D2/DUS/522.png,US/US_labels/URS51_D2.zip,"binary pixel mask, thin contour (MetaImage .mhd/.raw, zlib)","EXPERT-ANNOTATED VISIBLE BONE SURFACE (label value 2 of {1,2}). NOT a puncture target, entry point, trajectory, interspace choice or safety window.","one physician (publication author N.A.C.), who also acquired the handheld scans","physician; single annotator, so NO inter-rater agreement exists",three-panel composite: raw | expert label | overlay,"cropped to the live ultrasound sector, rows 150-960 cols 530-960 of the 1920x1080 screen capture; removes scanner UI, depth ruler and the burned-in study/date banner",none (native sector resolution 810x430),red = expert bone surface,derived,"yes, with attribution (CC-BY-4.0)","yes, with attribution","Cavalcanti NA et al. A large, paired dataset of robotic and handheld lumbar spine ultrasound with ground-truth CT benchmarking. KU Leuven RDR, doi:10.48804/3XPCAE. Licensed CC-BY-4.0.",quantile,
URS51_D2_f0320::raw,visuals/ultrasound/real_human_lumbar/raw/URS51_D2_f0320.png,A,KU Leuven / Balgrist lumbar spine ultrasound,doi:10.48804/3XPCAE,10.1038/s41597-025-06047-9,KU Leuven (Robot-Assisted Surgery) + Balgrist University Hospital / University of Zurich,CC-BY-4.0,URS51,D2,RUS,robotic_other,320,US/URS51_D2/DUS/988.png,US/US_labels/URS51_D2.zip,"binary pixel mask, thin contour (MetaImage .mhd/.raw, zlib)","EXPERT-ANNOTATED VISIBLE BONE SURFACE (label value 2 of {1,2}). NOT a puncture target, entry point, trajectory, interspace choice or safety window.","one physician (publication author N.A.C.), who also acquired the handheld scans","physician; single annotator, so NO inter-rater agreement exists","decoded from MetaImage, flipped vertically (source is bottom-up), cropped","cropped to the live ultrasound sector, rows 150-960 cols 530-960 of the 1920x1080 screen capture; removes scanner UI, depth ruler and the burned-in study/date banner",none (native sector resolution 810x430),none (greyscale),original,"yes, with attribution (CC-BY-4.0)","yes, with attribution","Cavalcanti NA et al. A large, paired dataset of robotic and handheld lumbar spine ultrasound with ground-truth CT benchmarking. KU Leuven RDR, doi:10.48804/3XPCAE. Licensed CC-BY-4.0.",quantile,Real human in-vivo transcutaneous lumbar ultrasound frame.
URS51_D2_f0320::label,visuals/ultrasound/real_human_lumbar/expert_labels/URS51_D2_f0320.png,B,KU Leuven / Balgrist lumbar spine ultrasound,doi:10.48804/3XPCAE,10.1038/s41597-025-06047-9,KU Leuven (Robot-Assisted Surgery) + Balgrist University Hospital / University of Zurich,CC-BY-4.0,URS51,D2,RUS,robotic_other,320,US/URS51_D2/DUS/988.png,US/US_labels/URS51_D2.zip,"binary pixel mask, thin contour (MetaImage .mhd/.raw, zlib)","EXPERT-ANNOTATED VISIBLE BONE SURFACE (label value 2 of {1,2}). NOT a puncture target, entry point, trajectory, interspace choice or safety window.","one physician (publication author N.A.C.), who also acquired the handheld scans","physician; single annotator, so NO inter-rater agreement exists",label value 2 rendered white on black; flipped and cropped identically to the frame,"cropped to the live ultrasound sector, rows 150-960 cols 530-960 of the 1920x1080 screen capture; removes scanner UI, depth ruler and the burned-in study/date banner",none (native sector resolution 810x430),white on black,original,"yes, with attribution (CC-BY-4.0)","yes, with attribution","Cavalcanti NA et al. A large, paired dataset of robotic and handheld lumbar spine ultrasound with ground-truth CT benchmarking. KU Leuven RDR, doi:10.48804/3XPCAE. Licensed CC-BY-4.0.",quantile,"The source expert annotation, unmodified in content."
URS51_D2_f0320::overlay,visuals/ultrasound/real_human_lumbar/expert_overlays/URS51_D2_f0320.png,D,KU Leuven / Balgrist lumbar spine ultrasound,doi:10.48804/3XPCAE,10.1038/s41597-025-06047-9,KU Leuven (Robot-Assisted Surgery) + Balgrist University Hospital / University of Zurich,CC-BY-4.0,URS51,D2,RUS,robotic_other,320,US/URS51_D2/DUS/988.png,US/US_labels/URS51_D2.zip,"binary pixel mask, thin contour (MetaImage .mhd/.raw, zlib)","EXPERT-ANNOTATED VISIBLE BONE SURFACE (label value 2 of {1,2}). NOT a puncture target, entry point, trajectory, interspace choice or safety window.","one physician (publication author N.A.C.), who also acquired the handheld scans","physician; single annotator, so NO inter-rater agreement exists",expert mask dilated by 1 px for visibility and painted over the frame,"cropped to the live ultrasound sector, rows 150-960 cols 530-960 of the 1920x1080 screen capture; removes scanner UI, depth ruler and the burned-in study/date banner",none (native sector resolution 810x430),red = expert bone surface,derived,"yes, with attribution (CC-BY-4.0)","yes, with attribution","Cavalcanti NA et al. A large, paired dataset of robotic and handheld lumbar spine ultrasound with ground-truth CT benchmarking. KU Leuven RDR, doi:10.48804/3XPCAE. Licensed CC-BY-4.0.",quantile,Dilation is for display only; metrics never use the dilated mask.
URS51_D2_f0320::sidebyside,visuals/ultrasound/real_human_lumbar/side_by_side/URS51_D2_f0320.png,D,KU Leuven / Balgrist lumbar spine ultrasound,doi:10.48804/3XPCAE,10.1038/s41597-025-06047-9,KU Leuven (Robot-Assisted Surgery) + Balgrist University Hospital / University of Zurich,CC-BY-4.0,URS51,D2,RUS,robotic_other,320,US/URS51_D2/DUS/988.png,US/US_labels/URS51_D2.zip,"binary pixel mask, thin contour (MetaImage .mhd/.raw, zlib)","EXPERT-ANNOTATED VISIBLE BONE SURFACE (label value 2 of {1,2}). NOT a puncture target, entry point, trajectory, interspace choice or safety window.","one physician (publication author N.A.C.), who also acquired the handheld scans","physician; single annotator, so NO inter-rater agreement exists",three-panel composite: raw | expert label | overlay,"cropped to the live ultrasound sector, rows 150-960 cols 530-960 of the 1920x1080 screen capture; removes scanner UI, depth ruler and the burned-in study/date banner",none (native sector resolution 810x430),red = expert bone surface,derived,"yes, with attribution (CC-BY-4.0)","yes, with attribution","Cavalcanti NA et al. A large, paired dataset of robotic and handheld lumbar spine ultrasound with ground-truth CT benchmarking. KU Leuven RDR, doi:10.48804/3XPCAE. Licensed CC-BY-4.0.",quantile,
URS51_D2_f0109::raw,visuals/ultrasound/real_human_lumbar/raw/URS51_D2_f0109.png,A,KU Leuven / Balgrist lumbar spine ultrasound,doi:10.48804/3XPCAE,10.1038/s41597-025-06047-9,KU Leuven (Robot-Assisted Surgery) + Balgrist University Hospital / University of Zurich,CC-BY-4.0,URS51,D2,RUS,robotic_other,109,US/URS51_D2/DUS/3135.png,US/US_labels/URS51_D2.zip,"binary pixel mask, thin contour (MetaImage .mhd/.raw, zlib)","EXPERT-ANNOTATED VISIBLE BONE SURFACE (label value 2 of {1,2}). NOT a puncture target, entry point, trajectory, interspace choice or safety window.","one physician (publication author N.A.C.), who also acquired the handheld scans","physician; single annotator, so NO inter-rater agreement exists","decoded from MetaImage, flipped vertically (source is bottom-up), cropped","cropped to the live ultrasound sector, rows 150-960 cols 530-960 of the 1920x1080 screen capture; removes scanner UI, depth ruler and the burned-in study/date banner",none (native sector resolution 810x430),none (greyscale),original,"yes, with attribution (CC-BY-4.0)","yes, with attribution","Cavalcanti NA et al. A large, paired dataset of robotic and handheld lumbar spine ultrasound with ground-truth CT benchmarking. KU Leuven RDR, doi:10.48804/3XPCAE. Licensed CC-BY-4.0.",quantile,Real human in-vivo transcutaneous lumbar ultrasound frame.
URS51_D2_f0109::label,visuals/ultrasound/real_human_lumbar/expert_labels/URS51_D2_f0109.png,B,KU Leuven / Balgrist lumbar spine ultrasound,doi:10.48804/3XPCAE,10.1038/s41597-025-06047-9,KU Leuven (Robot-Assisted Surgery) + Balgrist University Hospital / University of Zurich,CC-BY-4.0,URS51,D2,RUS,robotic_other,109,US/URS51_D2/DUS/3135.png,US/US_labels/URS51_D2.zip,"binary pixel mask, thin contour (MetaImage .mhd/.raw, zlib)","EXPERT-ANNOTATED VISIBLE BONE SURFACE (label value 2 of {1,2}). NOT a puncture target, entry point, trajectory, interspace choice or safety window.","one physician (publication author N.A.C.), who also acquired the handheld scans","physician; single annotator, so NO inter-rater agreement exists",label value 2 rendered white on black; flipped and cropped identically to the frame,"cropped to the live ultrasound sector, rows 150-960 cols 530-960 of the 1920x1080 screen capture; removes scanner UI, depth ruler and the burned-in study/date banner",none (native sector resolution 810x430),white on black,original,"yes, with attribution (CC-BY-4.0)","yes, with attribution","Cavalcanti NA et al. A large, paired dataset of robotic and handheld lumbar spine ultrasound with ground-truth CT benchmarking. KU Leuven RDR, doi:10.48804/3XPCAE. Licensed CC-BY-4.0.",quantile,"The source expert annotation, unmodified in content."
URS51_D2_f0109::overlay,visuals/ultrasound/real_human_lumbar/expert_overlays/URS51_D2_f0109.png,D,KU Leuven / Balgrist lumbar spine ultrasound,doi:10.48804/3XPCAE,10.1038/s41597-025-06047-9,KU Leuven (Robot-Assisted Surgery) + Balgrist University Hospital / University of Zurich,CC-BY-4.0,URS51,D2,RUS,robotic_other,109,US/URS51_D2/DUS/3135.png,US/US_labels/URS51_D2.zip,"binary pixel mask, thin contour (MetaImage .mhd/.raw, zlib)","EXPERT-ANNOTATED VISIBLE BONE SURFACE (label value 2 of {1,2}). NOT a puncture target, entry point, trajectory, interspace choice or safety window.","one physician (publication author N.A.C.), who also acquired the handheld scans","physician; single annotator, so NO inter-rater agreement exists",expert mask dilated by 1 px for visibility and painted over the frame,"cropped to the live ultrasound sector, rows 150-960 cols 530-960 of the 1920x1080 screen capture; removes scanner UI, depth ruler and the burned-in study/date banner",none (native sector resolution 810x430),red = expert bone surface,derived,"yes, with attribution (CC-BY-4.0)","yes, with attribution","Cavalcanti NA et al. A large, paired dataset of robotic and handheld lumbar spine ultrasound with ground-truth CT benchmarking. KU Leuven RDR, doi:10.48804/3XPCAE. Licensed CC-BY-4.0.",quantile,Dilation is for display only; metrics never use the dilated mask.
URS51_D2_f0109::sidebyside,visuals/ultrasound/real_human_lumbar/side_by_side/URS51_D2_f0109.png,D,KU Leuven / Balgrist lumbar spine ultrasound,doi:10.48804/3XPCAE,10.1038/s41597-025-06047-9,KU Leuven (Robot-Assisted Surgery) + Balgrist University Hospital / University of Zurich,CC-BY-4.0,URS51,D2,RUS,robotic_other,109,US/URS51_D2/DUS/3135.png,US/US_labels/URS51_D2.zip,"binary pixel mask, thin contour (MetaImage .mhd/.raw, zlib)","EXPERT-ANNOTATED VISIBLE BONE SURFACE (label value 2 of {1,2}). NOT a puncture target, entry point, trajectory, interspace choice or safety window.","one physician (publication author N.A.C.), who also acquired the handheld scans","physician; single annotator, so NO inter-rater agreement exists",three-panel composite: raw | expert label | overlay,"cropped to the live ultrasound sector, rows 150-960 cols 530-960 of the 1920x1080 screen capture; removes scanner UI, depth ruler and the burned-in study/date banner",none (native sector resolution 810x430),red = expert bone surface,derived,"yes, with attribution (CC-BY-4.0)","yes, with attribution","Cavalcanti NA et al. A large, paired dataset of robotic and handheld lumbar spine ultrasound with ground-truth CT benchmarking. KU Leuven RDR, doi:10.48804/3XPCAE. Licensed CC-BY-4.0.",quantile,
URS51_D2_f0021::raw,visuals/ultrasound/real_human_lumbar/raw/URS51_D2_f0021.png,A,KU Leuven / Balgrist lumbar spine ultrasound,doi:10.48804/3XPCAE,10.1038/s41597-025-06047-9,KU Leuven (Robot-Assisted Surgery) + Balgrist University Hospital / University of Zurich,CC-BY-4.0,URS51,D2,RUS,robotic_other,21,US/URS51_D2/DUS/2864.png,US/US_labels/URS51_D2.zip,"binary pixel mask, thin contour (MetaImage .mhd/.raw, zlib)","EXPERT-ANNOTATED VISIBLE BONE SURFACE (label value 2 of {1,2}). NOT a puncture target, entry point, trajectory, interspace choice or safety window.","one physician (publication author N.A.C.), who also acquired the handheld scans","physician; single annotator, so NO inter-rater agreement exists","decoded from MetaImage, flipped vertically (source is bottom-up), cropped","cropped to the live ultrasound sector, rows 150-960 cols 530-960 of the 1920x1080 screen capture; removes scanner UI, depth ruler and the burned-in study/date banner",none (native sector resolution 810x430),none (greyscale),original,"yes, with attribution (CC-BY-4.0)","yes, with attribution","Cavalcanti NA et al. A large, paired dataset of robotic and handheld lumbar spine ultrasound with ground-truth CT benchmarking. KU Leuven RDR, doi:10.48804/3XPCAE. Licensed CC-BY-4.0.",expert_left_empty,Real human in-vivo transcutaneous lumbar ultrasound frame.
URS51_D2_f0021::label,visuals/ultrasound/real_human_lumbar/expert_labels/URS51_D2_f0021.png,B,KU Leuven / Balgrist lumbar spine ultrasound,doi:10.48804/3XPCAE,10.1038/s41597-025-06047-9,KU Leuven (Robot-Assisted Surgery) + Balgrist University Hospital / University of Zurich,CC-BY-4.0,URS51,D2,RUS,robotic_other,21,US/URS51_D2/DUS/2864.png,US/US_labels/URS51_D2.zip,"binary pixel mask, thin contour (MetaImage .mhd/.raw, zlib)","EXPERT-ANNOTATED VISIBLE BONE SURFACE (label value 2 of {1,2}). NOT a puncture target, entry point, trajectory, interspace choice or safety window.","one physician (publication author N.A.C.), who also acquired the handheld scans","physician; single annotator, so NO inter-rater agreement exists",label value 2 rendered white on black; flipped and cropped identically to the frame,"cropped to the live ultrasound sector, rows 150-960 cols 530-960 of the 1920x1080 screen capture; removes scanner UI, depth ruler and the burned-in study/date banner",none (native sector resolution 810x430),white on black,original,"yes, with attribution (CC-BY-4.0)","yes, with attribution","Cavalcanti NA et al. A large, paired dataset of robotic and handheld lumbar spine ultrasound with ground-truth CT benchmarking. KU Leuven RDR, doi:10.48804/3XPCAE. Licensed CC-BY-4.0.",expert_left_empty,"The source expert annotation, unmodified in content."
URS51_D2_f0021::overlay,visuals/ultrasound/real_human_lumbar/expert_overlays/URS51_D2_f0021.png,D,KU Leuven / Balgrist lumbar spine ultrasound,doi:10.48804/3XPCAE,10.1038/s41597-025-06047-9,KU Leuven (Robot-Assisted Surgery) + Balgrist University Hospital / University of Zurich,CC-BY-4.0,URS51,D2,RUS,robotic_other,21,US/URS51_D2/DUS/2864.png,US/US_labels/URS51_D2.zip,"binary pixel mask, thin contour (MetaImage .mhd/.raw, zlib)","EXPERT-ANNOTATED VISIBLE BONE SURFACE (label value 2 of {1,2}). NOT a puncture target, entry point, trajectory, interspace choice or safety window.","one physician (publication author N.A.C.), who also acquired the handheld scans","physician; single annotator, so NO inter-rater agreement exists",expert mask dilated by 1 px for visibility and painted over the frame,"cropped to the live ultrasound sector, rows 150-960 cols 530-960 of the 1920x1080 screen capture; removes scanner UI, depth ruler and the burned-in study/date banner",none (native sector resolution 810x430),red = expert bone surface,derived,"yes, with attribution (CC-BY-4.0)","yes, with attribution","Cavalcanti NA et al. A large, paired dataset of robotic and handheld lumbar spine ultrasound with ground-truth CT benchmarking. KU Leuven RDR, doi:10.48804/3XPCAE. Licensed CC-BY-4.0.",expert_left_empty,Dilation is for display only; metrics never use the dilated mask.
URS51_D2_f0021::sidebyside,visuals/ultrasound/real_human_lumbar/side_by_side/URS51_D2_f0021.png,D,KU Leuven / Balgrist lumbar spine ultrasound,doi:10.48804/3XPCAE,10.1038/s41597-025-06047-9,KU Leuven (Robot-Assisted Surgery) + Balgrist University Hospital / University of Zurich,CC-BY-4.0,URS51,D2,RUS,robotic_other,21,US/URS51_D2/DUS/2864.png,US/US_labels/URS51_D2.zip,"binary pixel mask, thin contour (MetaImage .mhd/.raw, zlib)","EXPERT-ANNOTATED VISIBLE BONE SURFACE (label value 2 of {1,2}). NOT a puncture target, entry point, trajectory, interspace choice or safety window.","one physician (publication author N.A.C.), who also acquired the handheld scans","physician; single annotator, so NO inter-rater agreement exists",three-panel composite: raw | expert label | overlay,"cropped to the live ultrasound sector, rows 150-960 cols 530-960 of the 1920x1080 screen capture; removes scanner UI, depth ruler and the burned-in study/date banner",none (native sector resolution 810x430),red = expert bone surface,derived,"yes, with attribution (CC-BY-4.0)","yes, with attribution","Cavalcanti NA et al. A large, paired dataset of robotic and handheld lumbar spine ultrasound with ground-truth CT benchmarking. KU Leuven RDR, doi:10.48804/3XPCAE. Licensed CC-BY-4.0.",expert_left_empty,
URS51_R2_f0264::raw,visuals/ultrasound/real_human_lumbar/raw/URS51_R2_f0264.png,A,KU Leuven / Balgrist lumbar spine ultrasound,doi:10.48804/3XPCAE,10.1038/s41597-025-06047-9,KU Leuven (Robot-Assisted Surgery) + Balgrist University Hospital / University of Zurich,CC-BY-4.0,URS51,R2,RUS,robotic_perpendicular,264,US/URS51_R2/RUS/1998.png,US/US_labels/URS51_R2.zip,"binary pixel mask, thin contour (MetaImage .mhd/.raw, zlib)","EXPERT-ANNOTATED VISIBLE BONE SURFACE (label value 2 of {1,2}). NOT a puncture target, entry point, trajectory, interspace choice or safety window.","one physician (publication author N.A.C.), who also acquired the handheld scans","physician; single annotator, so NO inter-rater agreement exists","decoded from MetaImage, flipped vertically (source is bottom-up), cropped","cropped to the live ultrasound sector, rows 150-960 cols 530-960 of the 1920x1080 screen capture; removes scanner UI, depth ruler and the burned-in study/date banner",none (native sector resolution 810x430),none (greyscale),original,"yes, with attribution (CC-BY-4.0)","yes, with attribution","Cavalcanti NA et al. A large, paired dataset of robotic and handheld lumbar spine ultrasound with ground-truth CT benchmarking. KU Leuven RDR, doi:10.48804/3XPCAE. Licensed CC-BY-4.0.",quantile,Real human in-vivo transcutaneous lumbar ultrasound frame.
URS51_R2_f0264::label,visuals/ultrasound/real_human_lumbar/expert_labels/URS51_R2_f0264.png,B,KU Leuven / Balgrist lumbar spine ultrasound,doi:10.48804/3XPCAE,10.1038/s41597-025-06047-9,KU Leuven (Robot-Assisted Surgery) + Balgrist University Hospital / University of Zurich,CC-BY-4.0,URS51,R2,RUS,robotic_perpendicular,264,US/URS51_R2/RUS/1998.png,US/US_labels/URS51_R2.zip,"binary pixel mask, thin contour (MetaImage .mhd/.raw, zlib)","EXPERT-ANNOTATED VISIBLE BONE SURFACE (label value 2 of {1,2}). NOT a puncture target, entry point, trajectory, interspace choice or safety window.","one physician (publication author N.A.C.), who also acquired the handheld scans","physician; single annotator, so NO inter-rater agreement exists",label value 2 rendered white on black; flipped and cropped identically to the frame,"cropped to the live ultrasound sector, rows 150-960 cols 530-960 of the 1920x1080 screen capture; removes scanner UI, depth ruler and the burned-in study/date banner",none (native sector resolution 810x430),white on black,original,"yes, with attribution (CC-BY-4.0)","yes, with attribution","Cavalcanti NA et al. A large, paired dataset of robotic and handheld lumbar spine ultrasound with ground-truth CT benchmarking. KU Leuven RDR, doi:10.48804/3XPCAE. Licensed CC-BY-4.0.",quantile,"The source expert annotation, unmodified in content."
URS51_R2_f0264::overlay,visuals/ultrasound/real_human_lumbar/expert_overlays/URS51_R2_f0264.png,D,KU Leuven / Balgrist lumbar spine ultrasound,doi:10.48804/3XPCAE,10.1038/s41597-025-06047-9,KU Leuven (Robot-Assisted Surgery) + Balgrist University Hospital / University of Zurich,CC-BY-4.0,URS51,R2,RUS,robotic_perpendicular,264,US/URS51_R2/RUS/1998.png,US/US_labels/URS51_R2.zip,"binary pixel mask, thin contour (MetaImage .mhd/.raw, zlib)","EXPERT-ANNOTATED VISIBLE BONE SURFACE (label value 2 of {1,2}). NOT a puncture target, entry point, trajectory, interspace choice or safety window.","one physician (publication author N.A.C.), who also acquired the handheld scans","physician; single annotator, so NO inter-rater agreement exists",expert mask dilated by 1 px for visibility and painted over the frame,"cropped to the live ultrasound sector, rows 150-960 cols 530-960 of the 1920x1080 screen capture; removes scanner UI, depth ruler and the burned-in study/date banner",none (native sector resolution 810x430),red = expert bone surface,derived,"yes, with attribution (CC-BY-4.0)","yes, with attribution","Cavalcanti NA et al. A large, paired dataset of robotic and handheld lumbar spine ultrasound with ground-truth CT benchmarking. KU Leuven RDR, doi:10.48804/3XPCAE. Licensed CC-BY-4.0.",quantile,Dilation is for display only; metrics never use the dilated mask.
URS51_R2_f0264::sidebyside,visuals/ultrasound/real_human_lumbar/side_by_side/URS51_R2_f0264.png,D,KU Leuven / Balgrist lumbar spine ultrasound,doi:10.48804/3XPCAE,10.1038/s41597-025-06047-9,KU Leuven (Robot-Assisted Surgery) + Balgrist University Hospital / University of Zurich,CC-BY-4.0,URS51,R2,RUS,robotic_perpendicular,264,US/URS51_R2/RUS/1998.png,US/US_labels/URS51_R2.zip,"binary pixel mask, thin contour (MetaImage .mhd/.raw, zlib)","EXPERT-ANNOTATED VISIBLE BONE SURFACE (label value 2 of {1,2}). NOT a puncture target, entry point, trajectory, interspace choice or safety window.","one physician (publication author N.A.C.), who also acquired the handheld scans","physician; single annotator, so NO inter-rater agreement exists",three-panel composite: raw | expert label | overlay,"cropped to the live ultrasound sector, rows 150-960 cols 530-960 of the 1920x1080 screen capture; removes scanner UI, depth ruler and the burned-in study/date banner",none (native sector resolution 810x430),red = expert bone surface,derived,"yes, with attribution (CC-BY-4.0)","yes, with attribution","Cavalcanti NA et al. A large, paired dataset of robotic and handheld lumbar spine ultrasound with ground-truth CT benchmarking. KU Leuven RDR, doi:10.48804/3XPCAE. Licensed CC-BY-4.0.",quantile,
URS51_R2_f0167::raw,visuals/ultrasound/real_human_lumbar/raw/URS51_R2_f0167.png,A,KU Leuven / Balgrist lumbar spine ultrasound,doi:10.48804/3XPCAE,10.1038/s41597-025-06047-9,KU Leuven (Robot-Assisted Surgery) + Balgrist University Hospital / University of Zurich,CC-BY-4.0,URS51,R2,RUS,robotic_perpendicular,167,US/URS51_R2/RUS/1892.png,US/US_labels/URS51_R2.zip,"binary pixel mask, thin contour (MetaImage .mhd/.raw, zlib)","EXPERT-ANNOTATED VISIBLE BONE SURFACE (label value 2 of {1,2}). NOT a puncture target, entry point, trajectory, interspace choice or safety window.","one physician (publication author N.A.C.), who also acquired the handheld scans","physician; single annotator, so NO inter-rater agreement exists","decoded from MetaImage, flipped vertically (source is bottom-up), cropped","cropped to the live ultrasound sector, rows 150-960 cols 530-960 of the 1920x1080 screen capture; removes scanner UI, depth ruler and the burned-in study/date banner",none (native sector resolution 810x430),none (greyscale),original,"yes, with attribution (CC-BY-4.0)","yes, with attribution","Cavalcanti NA et al. A large, paired dataset of robotic and handheld lumbar spine ultrasound with ground-truth CT benchmarking. KU Leuven RDR, doi:10.48804/3XPCAE. Licensed CC-BY-4.0.",quantile,Real human in-vivo transcutaneous lumbar ultrasound frame.
URS51_R2_f0167::label,visuals/ultrasound/real_human_lumbar/expert_labels/URS51_R2_f0167.png,B,KU Leuven / Balgrist lumbar spine ultrasound,doi:10.48804/3XPCAE,10.1038/s41597-025-06047-9,KU Leuven (Robot-Assisted Surgery) + Balgrist University Hospital / University of Zurich,CC-BY-4.0,URS51,R2,RUS,robotic_perpendicular,167,US/URS51_R2/RUS/1892.png,US/US_labels/URS51_R2.zip,"binary pixel mask, thin contour (MetaImage .mhd/.raw, zlib)","EXPERT-ANNOTATED VISIBLE BONE SURFACE (label value 2 of {1,2}). NOT a puncture target, entry point, trajectory, interspace choice or safety window.","one physician (publication author N.A.C.), who also acquired the handheld scans","physician; single annotator, so NO inter-rater agreement exists",label value 2 rendered white on black; flipped and cropped identically to the frame,"cropped to the live ultrasound sector, rows 150-960 cols 530-960 of the 1920x1080 screen capture; removes scanner UI, depth ruler and the burned-in study/date banner",none (native sector resolution 810x430),white on black,original,"yes, with attribution (CC-BY-4.0)","yes, with attribution","Cavalcanti NA et al. A large, paired dataset of robotic and handheld lumbar spine ultrasound with ground-truth CT benchmarking. KU Leuven RDR, doi:10.48804/3XPCAE. Licensed CC-BY-4.0.",quantile,"The source expert annotation, unmodified in content."
URS51_R2_f0167::overlay,visuals/ultrasound/real_human_lumbar/expert_overlays/URS51_R2_f0167.png,D,KU Leuven / Balgrist lumbar spine ultrasound,doi:10.48804/3XPCAE,10.1038/s41597-025-06047-9,KU Leuven (Robot-Assisted Surgery) + Balgrist University Hospital / University of Zurich,CC-BY-4.0,URS51,R2,RUS,robotic_perpendicular,167,US/URS51_R2/RUS/1892.png,US/US_labels/URS51_R2.zip,"binary pixel mask, thin contour (MetaImage .mhd/.raw, zlib)","EXPERT-ANNOTATED VISIBLE BONE SURFACE (label value 2 of {1,2}). NOT a puncture target, entry point, trajectory, interspace choice or safety window.","one physician (publication author N.A.C.), who also acquired the handheld scans","physician; single annotator, so NO inter-rater agreement exists",expert mask dilated by 1 px for visibility and painted over the frame,"cropped to the live ultrasound sector, rows 150-960 cols 530-960 of the 1920x1080 screen capture; removes scanner UI, depth ruler and the burned-in study/date banner",none (native sector resolution 810x430),red = expert bone surface,derived,"yes, with attribution (CC-BY-4.0)","yes, with attribution","Cavalcanti NA et al. A large, paired dataset of robotic and handheld lumbar spine ultrasound with ground-truth CT benchmarking. KU Leuven RDR, doi:10.48804/3XPCAE. Licensed CC-BY-4.0.",quantile,Dilation is for display only; metrics never use the dilated mask.
URS51_R2_f0167::sidebyside,visuals/ultrasound/real_human_lumbar/side_by_side/URS51_R2_f0167.png,D,KU Leuven / Balgrist lumbar spine ultrasound,doi:10.48804/3XPCAE,10.1038/s41597-025-06047-9,KU Leuven (Robot-Assisted Surgery) + Balgrist University Hospital / University of Zurich,CC-BY-4.0,URS51,R2,RUS,robotic_perpendicular,167,US/URS51_R2/RUS/1892.png,US/US_labels/URS51_R2.zip,"binary pixel mask, thin contour (MetaImage .mhd/.raw, zlib)","EXPERT-ANNOTATED VISIBLE BONE SURFACE (label value 2 of {1,2}). NOT a puncture target, entry point, trajectory, interspace choice or safety window.","one physician (publication author N.A.C.), who also acquired the handheld scans","physician; single annotator, so NO inter-rater agreement exists",three-panel composite: raw | expert label | overlay,"cropped to the live ultrasound sector, rows 150-960 cols 530-960 of the 1920x1080 screen capture; removes scanner UI, depth ruler and the burned-in study/date banner",none (native sector resolution 810x430),red = expert bone surface,derived,"yes, with attribution (CC-BY-4.0)","yes, with attribution","Cavalcanti NA et al. A large, paired dataset of robotic and handheld lumbar spine ultrasound with ground-truth CT benchmarking. KU Leuven RDR, doi:10.48804/3XPCAE. Licensed CC-BY-4.0.",quantile,
URS51_R2_f0204::raw,visuals/ultrasound/real_human_lumbar/raw/URS51_R2_f0204.png,A,KU Leuven / Balgrist lumbar spine ultrasound,doi:10.48804/3XPCAE,10.1038/s41597-025-06047-9,KU Leuven (Robot-Assisted Surgery) + Balgrist University Hospital / University of Zurich,CC-BY-4.0,URS51,R2,RUS,robotic_perpendicular,204,US/URS51_R2/RUS/1929.png,US/US_labels/URS51_R2.zip,"binary pixel mask, thin contour (MetaImage .mhd/.raw, zlib)","EXPERT-ANNOTATED VISIBLE BONE SURFACE (label value 2 of {1,2}). NOT a puncture target, entry point, trajectory, interspace choice or safety window.","one physician (publication author N.A.C.), who also acquired the handheld scans","physician; single annotator, so NO inter-rater agreement exists","decoded from MetaImage, flipped vertically (source is bottom-up), cropped","cropped to the live ultrasound sector, rows 150-960 cols 530-960 of the 1920x1080 screen capture; removes scanner UI, depth ruler and the burned-in study/date banner",none (native sector resolution 810x430),none (greyscale),original,"yes, with attribution (CC-BY-4.0)","yes, with attribution","Cavalcanti NA et al. A large, paired dataset of robotic and handheld lumbar spine ultrasound with ground-truth CT benchmarking. KU Leuven RDR, doi:10.48804/3XPCAE. Licensed CC-BY-4.0.",quantile,Real human in-vivo transcutaneous lumbar ultrasound frame.
URS51_R2_f0204::label,visuals/ultrasound/real_human_lumbar/expert_labels/URS51_R2_f0204.png,B,KU Leuven / Balgrist lumbar spine ultrasound,doi:10.48804/3XPCAE,10.1038/s41597-025-06047-9,KU Leuven (Robot-Assisted Surgery) + Balgrist University Hospital / University of Zurich,CC-BY-4.0,URS51,R2,RUS,robotic_perpendicular,204,US/URS51_R2/RUS/1929.png,US/US_labels/URS51_R2.zip,"binary pixel mask, thin contour (MetaImage .mhd/.raw, zlib)","EXPERT-ANNOTATED VISIBLE BONE SURFACE (label value 2 of {1,2}). NOT a puncture target, entry point, trajectory, interspace choice or safety window.","one physician (publication author N.A.C.), who also acquired the handheld scans","physician; single annotator, so NO inter-rater agreement exists",label value 2 rendered white on black; flipped and cropped identically to the frame,"cropped to the live ultrasound sector, rows 150-960 cols 530-960 of the 1920x1080 screen capture; removes scanner UI, depth ruler and the burned-in study/date banner",none (native sector resolution 810x430),white on black,original,"yes, with attribution (CC-BY-4.0)","yes, with attribution","Cavalcanti NA et al. A large, paired dataset of robotic and handheld lumbar spine ultrasound with ground-truth CT benchmarking. KU Leuven RDR, doi:10.48804/3XPCAE. Licensed CC-BY-4.0.",quantile,"The source expert annotation, unmodified in content."
URS51_R2_f0204::overlay,visuals/ultrasound/real_human_lumbar/expert_overlays/URS51_R2_f0204.png,D,KU Leuven / Balgrist lumbar spine ultrasound,doi:10.48804/3XPCAE,10.1038/s41597-025-06047-9,KU Leuven (Robot-Assisted Surgery) + Balgrist University Hospital / University of Zurich,CC-BY-4.0,URS51,R2,RUS,robotic_perpendicular,204,US/URS51_R2/RUS/1929.png,US/US_labels/URS51_R2.zip,"binary pixel mask, thin contour (MetaImage .mhd/.raw, zlib)","EXPERT-ANNOTATED VISIBLE BONE SURFACE (label value 2 of {1,2}). NOT a puncture target, entry point, trajectory, interspace choice or safety window.","one physician (publication author N.A.C.), who also acquired the handheld scans","physician; single annotator, so NO inter-rater agreement exists",expert mask dilated by 1 px for visibility and painted over the frame,"cropped to the live ultrasound sector, rows 150-960 cols 530-960 of the 1920x1080 screen capture; removes scanner UI, depth ruler and the burned-in study/date banner",none (native sector resolution 810x430),red = expert bone surface,derived,"yes, with attribution (CC-BY-4.0)","yes, with attribution","Cavalcanti NA et al. A large, paired dataset of robotic and handheld lumbar spine ultrasound with ground-truth CT benchmarking. KU Leuven RDR, doi:10.48804/3XPCAE. Licensed CC-BY-4.0.",quantile,Dilation is for display only; metrics never use the dilated mask.
URS51_R2_f0204::sidebyside,visuals/ultrasound/real_human_lumbar/side_by_side/URS51_R2_f0204.png,D,KU Leuven / Balgrist lumbar spine ultrasound,doi:10.48804/3XPCAE,10.1038/s41597-025-06047-9,KU Leuven (Robot-Assisted Surgery) + Balgrist University Hospital / University of Zurich,CC-BY-4.0,URS51,R2,RUS,robotic_perpendicular,204,US/URS51_R2/RUS/1929.png,US/US_labels/URS51_R2.zip,"binary pixel mask, thin contour (MetaImage .mhd/.raw, zlib)","EXPERT-ANNOTATED VISIBLE BONE SURFACE (label value 2 of {1,2}). NOT a puncture target, entry point, trajectory, interspace choice or safety window.","one physician (publication author N.A.C.), who also acquired the handheld scans","physician; single annotator, so NO inter-rater agreement exists",three-panel composite: raw | expert label | overlay,"cropped to the live ultrasound sector, rows 150-960 cols 530-960 of the 1920x1080 screen capture; removes scanner UI, depth ruler and the burned-in study/date banner",none (native sector resolution 810x430),red = expert bone surface,derived,"yes, with attribution (CC-BY-4.0)","yes, with attribution","Cavalcanti NA et al. A large, paired dataset of robotic and handheld lumbar spine ultrasound with ground-truth CT benchmarking. KU Leuven RDR, doi:10.48804/3XPCAE. Licensed CC-BY-4.0.",quantile,
URS51_R2_f0259::raw,visuals/ultrasound/real_human_lumbar/raw/URS51_R2_f0259.png,A,KU Leuven / Balgrist lumbar spine ultrasound,doi:10.48804/3XPCAE,10.1038/s41597-025-06047-9,KU Leuven (Robot-Assisted Surgery) + Balgrist University Hospital / University of Zurich,CC-BY-4.0,URS51,R2,RUS,robotic_perpendicular,259,US/URS51_R2/RUS/1991.png,US/US_labels/URS51_R2.zip,"binary pixel mask, thin contour (MetaImage .mhd/.raw, zlib)","EXPERT-ANNOTATED VISIBLE BONE SURFACE (label value 2 of {1,2}). NOT a puncture target, entry point, trajectory, interspace choice or safety window.","one physician (publication author N.A.C.), who also acquired the handheld scans","physician; single annotator, so NO inter-rater agreement exists","decoded from MetaImage, flipped vertically (source is bottom-up), cropped","cropped to the live ultrasound sector, rows 150-960 cols 530-960 of the 1920x1080 screen capture; removes scanner UI, depth ruler and the burned-in study/date banner",none (native sector resolution 810x430),none (greyscale),original,"yes, with attribution (CC-BY-4.0)","yes, with attribution","Cavalcanti NA et al. A large, paired dataset of robotic and handheld lumbar spine ultrasound with ground-truth CT benchmarking. KU Leuven RDR, doi:10.48804/3XPCAE. Licensed CC-BY-4.0.",quantile,Real human in-vivo transcutaneous lumbar ultrasound frame.
URS51_R2_f0259::label,visuals/ultrasound/real_human_lumbar/expert_labels/URS51_R2_f0259.png,B,KU Leuven / Balgrist lumbar spine ultrasound,doi:10.48804/3XPCAE,10.1038/s41597-025-06047-9,KU Leuven (Robot-Assisted Surgery) + Balgrist University Hospital / University of Zurich,CC-BY-4.0,URS51,R2,RUS,robotic_perpendicular,259,US/URS51_R2/RUS/1991.png,US/US_labels/URS51_R2.zip,"binary pixel mask, thin contour (MetaImage .mhd/.raw, zlib)","EXPERT-ANNOTATED VISIBLE BONE SURFACE (label value 2 of {1,2}). NOT a puncture target, entry point, trajectory, interspace choice or safety window.","one physician (publication author N.A.C.), who also acquired the handheld scans","physician; single annotator, so NO inter-rater agreement exists",label value 2 rendered white on black; flipped and cropped identically to the frame,"cropped to the live ultrasound sector, rows 150-960 cols 530-960 of the 1920x1080 screen capture; removes scanner UI, depth ruler and the burned-in study/date banner",none (native sector resolution 810x430),white on black,original,"yes, with attribution (CC-BY-4.0)","yes, with attribution","Cavalcanti NA et al. A large, paired dataset of robotic and handheld lumbar spine ultrasound with ground-truth CT benchmarking. KU Leuven RDR, doi:10.48804/3XPCAE. Licensed CC-BY-4.0.",quantile,"The source expert annotation, unmodified in content."
URS51_R2_f0259::overlay,visuals/ultrasound/real_human_lumbar/expert_overlays/URS51_R2_f0259.png,D,KU Leuven / Balgrist lumbar spine ultrasound,doi:10.48804/3XPCAE,10.1038/s41597-025-06047-9,KU Leuven (Robot-Assisted Surgery) + Balgrist University Hospital / University of Zurich,CC-BY-4.0,URS51,R2,RUS,robotic_perpendicular,259,US/URS51_R2/RUS/1991.png,US/US_labels/URS51_R2.zip,"binary pixel mask, thin contour (MetaImage .mhd/.raw, zlib)","EXPERT-ANNOTATED VISIBLE BONE SURFACE (label value 2 of {1,2}). NOT a puncture target, entry point, trajectory, interspace choice or safety window.","one physician (publication author N.A.C.), who also acquired the handheld scans","physician; single annotator, so NO inter-rater agreement exists",expert mask dilated by 1 px for visibility and painted over the frame,"cropped to the live ultrasound sector, rows 150-960 cols 530-960 of the 1920x1080 screen capture; removes scanner UI, depth ruler and the burned-in study/date banner",none (native sector resolution 810x430),red = expert bone surface,derived,"yes, with attribution (CC-BY-4.0)","yes, with attribution","Cavalcanti NA et al. A large, paired dataset of robotic and handheld lumbar spine ultrasound with ground-truth CT benchmarking. KU Leuven RDR, doi:10.48804/3XPCAE. Licensed CC-BY-4.0.",quantile,Dilation is for display only; metrics never use the dilated mask.
URS51_R2_f0259::sidebyside,visuals/ultrasound/real_human_lumbar/side_by_side/URS51_R2_f0259.png,D,KU Leuven / Balgrist lumbar spine ultrasound,doi:10.48804/3XPCAE,10.1038/s41597-025-06047-9,KU Leuven (Robot-Assisted Surgery) + Balgrist University Hospital / University of Zurich,CC-BY-4.0,URS51,R2,RUS,robotic_perpendicular,259,US/URS51_R2/RUS/1991.png,US/US_labels/URS51_R2.zip,"binary pixel mask, thin contour (MetaImage .mhd/.raw, zlib)","EXPERT-ANNOTATED VISIBLE BONE SURFACE (label value 2 of {1,2}). NOT a puncture target, entry point, trajectory, interspace choice or safety window.","one physician (publication author N.A.C.), who also acquired the handheld scans","physician; single annotator, so NO inter-rater agreement exists",three-panel composite: raw | expert label | overlay,"cropped to the live ultrasound sector, rows 150-960 cols 530-960 of the 1920x1080 screen capture; removes scanner UI, depth ruler and the burned-in study/date banner",none (native sector resolution 810x430),red = expert bone surface,derived,"yes, with attribution (CC-BY-4.0)","yes, with attribution","Cavalcanti NA et al. A large, paired dataset of robotic and handheld lumbar spine ultrasound with ground-truth CT benchmarking. KU Leuven RDR, doi:10.48804/3XPCAE. Licensed CC-BY-4.0.",quantile,
URS54_D1_f0027::raw,visuals/ultrasound/real_human_lumbar/raw/URS54_D1_f0027.png,A,KU Leuven / Balgrist lumbar spine ultrasound,doi:10.48804/3XPCAE,10.1038/s41597-025-06047-9,KU Leuven (Robot-Assisted Surgery) + Balgrist University Hospital / University of Zurich,CC-BY-4.0,URS54,D1,RUS,robotic_other,27,US/URS54_D1/DUS/331.png,US/US_labels/URS54_D1.zip,"binary pixel mask, thin contour (MetaImage .mhd/.raw, zlib)","EXPERT-ANNOTATED VISIBLE BONE SURFACE (label value 2 of {1,2}). NOT a puncture target, entry point, trajectory, interspace choice or safety window.","one physician (publication author N.A.C.), who also acquired the handheld scans","physician; single annotator, so NO inter-rater agreement exists","decoded from MetaImage, flipped vertically (source is bottom-up), cropped","cropped to the live ultrasound sector, rows 150-960 cols 530-960 of the 1920x1080 screen capture; removes scanner UI, depth ruler and the burned-in study/date banner",none (native sector resolution 810x430),none (greyscale),original,"yes, with attribution (CC-BY-4.0)","yes, with attribution","Cavalcanti NA et al. A large, paired dataset of robotic and handheld lumbar spine ultrasound with ground-truth CT benchmarking. KU Leuven RDR, doi:10.48804/3XPCAE. Licensed CC-BY-4.0.",quantile,Real human in-vivo transcutaneous lumbar ultrasound frame.
URS54_D1_f0027::label,visuals/ultrasound/real_human_lumbar/expert_labels/URS54_D1_f0027.png,B,KU Leuven / Balgrist lumbar spine ultrasound,doi:10.48804/3XPCAE,10.1038/s41597-025-06047-9,KU Leuven (Robot-Assisted Surgery) + Balgrist University Hospital / University of Zurich,CC-BY-4.0,URS54,D1,RUS,robotic_other,27,US/URS54_D1/DUS/331.png,US/US_labels/URS54_D1.zip,"binary pixel mask, thin contour (MetaImage .mhd/.raw, zlib)","EXPERT-ANNOTATED VISIBLE BONE SURFACE (label value 2 of {1,2}). NOT a puncture target, entry point, trajectory, interspace choice or safety window.","one physician (publication author N.A.C.), who also acquired the handheld scans","physician; single annotator, so NO inter-rater agreement exists",label value 2 rendered white on black; flipped and cropped identically to the frame,"cropped to the live ultrasound sector, rows 150-960 cols 530-960 of the 1920x1080 screen capture; removes scanner UI, depth ruler and the burned-in study/date banner",none (native sector resolution 810x430),white on black,original,"yes, with attribution (CC-BY-4.0)","yes, with attribution","Cavalcanti NA et al. A large, paired dataset of robotic and handheld lumbar spine ultrasound with ground-truth CT benchmarking. KU Leuven RDR, doi:10.48804/3XPCAE. Licensed CC-BY-4.0.",quantile,"The source expert annotation, unmodified in content."
URS54_D1_f0027::overlay,visuals/ultrasound/real_human_lumbar/expert_overlays/URS54_D1_f0027.png,D,KU Leuven / Balgrist lumbar spine ultrasound,doi:10.48804/3XPCAE,10.1038/s41597-025-06047-9,KU Leuven (Robot-Assisted Surgery) + Balgrist University Hospital / University of Zurich,CC-BY-4.0,URS54,D1,RUS,robotic_other,27,US/URS54_D1/DUS/331.png,US/US_labels/URS54_D1.zip,"binary pixel mask, thin contour (MetaImage .mhd/.raw, zlib)","EXPERT-ANNOTATED VISIBLE BONE SURFACE (label value 2 of {1,2}). NOT a puncture target, entry point, trajectory, interspace choice or safety window.","one physician (publication author N.A.C.), who also acquired the handheld scans","physician; single annotator, so NO inter-rater agreement exists",expert mask dilated by 1 px for visibility and painted over the frame,"cropped to the live ultrasound sector, rows 150-960 cols 530-960 of the 1920x1080 screen capture; removes scanner UI, depth ruler and the burned-in study/date banner",none (native sector resolution 810x430),red = expert bone surface,derived,"yes, with attribution (CC-BY-4.0)","yes, with attribution","Cavalcanti NA et al. A large, paired dataset of robotic and handheld lumbar spine ultrasound with ground-truth CT benchmarking. KU Leuven RDR, doi:10.48804/3XPCAE. Licensed CC-BY-4.0.",quantile,Dilation is for display only; metrics never use the dilated mask.
URS54_D1_f0027::sidebyside,visuals/ultrasound/real_human_lumbar/side_by_side/URS54_D1_f0027.png,D,KU Leuven / Balgrist lumbar spine ultrasound,doi:10.48804/3XPCAE,10.1038/s41597-025-06047-9,KU Leuven (Robot-Assisted Surgery) + Balgrist University Hospital / University of Zurich,CC-BY-4.0,URS54,D1,RUS,robotic_other,27,US/URS54_D1/DUS/331.png,US/US_labels/URS54_D1.zip,"binary pixel mask, thin contour (MetaImage .mhd/.raw, zlib)","EXPERT-ANNOTATED VISIBLE BONE SURFACE (label value 2 of {1,2}). NOT a puncture target, entry point, trajectory, interspace choice or safety window.","one physician (publication author N.A.C.), who also acquired the handheld scans","physician; single annotator, so NO inter-rater agreement exists",three-panel composite: raw | expert label | overlay,"cropped to the live ultrasound sector, rows 150-960 cols 530-960 of the 1920x1080 screen capture; removes scanner UI, depth ruler and the burned-in study/date banner",none (native sector resolution 810x430),red = expert bone surface,derived,"yes, with attribution (CC-BY-4.0)","yes, with attribution","Cavalcanti NA et al. A large, paired dataset of robotic and handheld lumbar spine ultrasound with ground-truth CT benchmarking. KU Leuven RDR, doi:10.48804/3XPCAE. Licensed CC-BY-4.0.",quantile,
URS54_D1_f0310::raw,visuals/ultrasound/real_human_lumbar/raw/URS54_D1_f0310.png,A,KU Leuven / Balgrist lumbar spine ultrasound,doi:10.48804/3XPCAE,10.1038/s41597-025-06047-9,KU Leuven (Robot-Assisted Surgery) + Balgrist University Hospital / University of Zurich,CC-BY-4.0,URS54,D1,RUS,robotic_other,310,US/URS54_D1/DUS/628.png,US/US_labels/URS54_D1.zip,"binary pixel mask, thin contour (MetaImage .mhd/.raw, zlib)","EXPERT-ANNOTATED VISIBLE BONE SURFACE (label value 2 of {1,2}). NOT a puncture target, entry point, trajectory, interspace choice or safety window.","one physician (publication author N.A.C.), who also acquired the handheld scans","physician; single annotator, so NO inter-rater agreement exists","decoded from MetaImage, flipped vertically (source is bottom-up), cropped","cropped to the live ultrasound sector, rows 150-960 cols 530-960 of the 1920x1080 screen capture; removes scanner UI, depth ruler and the burned-in study/date banner",none (native sector resolution 810x430),none (greyscale),original,"yes, with attribution (CC-BY-4.0)","yes, with attribution","Cavalcanti NA et al. A large, paired dataset of robotic and handheld lumbar spine ultrasound with ground-truth CT benchmarking. KU Leuven RDR, doi:10.48804/3XPCAE. Licensed CC-BY-4.0.",quantile,Real human in-vivo transcutaneous lumbar ultrasound frame.
URS54_D1_f0310::label,visuals/ultrasound/real_human_lumbar/expert_labels/URS54_D1_f0310.png,B,KU Leuven / Balgrist lumbar spine ultrasound,doi:10.48804/3XPCAE,10.1038/s41597-025-06047-9,KU Leuven (Robot-Assisted Surgery) + Balgrist University Hospital / University of Zurich,CC-BY-4.0,URS54,D1,RUS,robotic_other,310,US/URS54_D1/DUS/628.png,US/US_labels/URS54_D1.zip,"binary pixel mask, thin contour (MetaImage .mhd/.raw, zlib)","EXPERT-ANNOTATED VISIBLE BONE SURFACE (label value 2 of {1,2}). NOT a puncture target, entry point, trajectory, interspace choice or safety window.","one physician (publication author N.A.C.), who also acquired the handheld scans","physician; single annotator, so NO inter-rater agreement exists",label value 2 rendered white on black; flipped and cropped identically to the frame,"cropped to the live ultrasound sector, rows 150-960 cols 530-960 of the 1920x1080 screen capture; removes scanner UI, depth ruler and the burned-in study/date banner",none (native sector resolution 810x430),white on black,original,"yes, with attribution (CC-BY-4.0)","yes, with attribution","Cavalcanti NA et al. A large, paired dataset of robotic and handheld lumbar spine ultrasound with ground-truth CT benchmarking. KU Leuven RDR, doi:10.48804/3XPCAE. Licensed CC-BY-4.0.",quantile,"The source expert annotation, unmodified in content."
URS54_D1_f0310::overlay,visuals/ultrasound/real_human_lumbar/expert_overlays/URS54_D1_f0310.png,D,KU Leuven / Balgrist lumbar spine ultrasound,doi:10.48804/3XPCAE,10.1038/s41597-025-06047-9,KU Leuven (Robot-Assisted Surgery) + Balgrist University Hospital / University of Zurich,CC-BY-4.0,URS54,D1,RUS,robotic_other,310,US/URS54_D1/DUS/628.png,US/US_labels/URS54_D1.zip,"binary pixel mask, thin contour (MetaImage .mhd/.raw, zlib)","EXPERT-ANNOTATED VISIBLE BONE SURFACE (label value 2 of {1,2}). NOT a puncture target, entry point, trajectory, interspace choice or safety window.","one physician (publication author N.A.C.), who also acquired the handheld scans","physician; single annotator, so NO inter-rater agreement exists",expert mask dilated by 1 px for visibility and painted over the frame,"cropped to the live ultrasound sector, rows 150-960 cols 530-960 of the 1920x1080 screen capture; removes scanner UI, depth ruler and the burned-in study/date banner",none (native sector resolution 810x430),red = expert bone surface,derived,"yes, with attribution (CC-BY-4.0)","yes, with attribution","Cavalcanti NA et al. A large, paired dataset of robotic and handheld lumbar spine ultrasound with ground-truth CT benchmarking. KU Leuven RDR, doi:10.48804/3XPCAE. Licensed CC-BY-4.0.",quantile,Dilation is for display only; metrics never use the dilated mask.
URS54_D1_f0310::sidebyside,visuals/ultrasound/real_human_lumbar/side_by_side/URS54_D1_f0310.png,D,KU Leuven / Balgrist lumbar spine ultrasound,doi:10.48804/3XPCAE,10.1038/s41597-025-06047-9,KU Leuven (Robot-Assisted Surgery) + Balgrist University Hospital / University of Zurich,CC-BY-4.0,URS54,D1,RUS,robotic_other,310,US/URS54_D1/DUS/628.png,US/US_labels/URS54_D1.zip,"binary pixel mask, thin contour (MetaImage .mhd/.raw, zlib)","EXPERT-ANNOTATED VISIBLE BONE SURFACE (label value 2 of {1,2}). NOT a puncture target, entry point, trajectory, interspace choice or safety window.","one physician (publication author N.A.C.), who also acquired the handheld scans","physician; single annotator, so NO inter-rater agreement exists",three-panel composite: raw | expert label | overlay,"cropped to the live ultrasound sector, rows 150-960 cols 530-960 of the 1920x1080 screen capture; removes scanner UI, depth ruler and the burned-in study/date banner",none (native sector resolution 810x430),red = expert bone surface,derived,"yes, with attribution (CC-BY-4.0)","yes, with attribution","Cavalcanti NA et al. A large, paired dataset of robotic and handheld lumbar spine ultrasound with ground-truth CT benchmarking. KU Leuven RDR, doi:10.48804/3XPCAE. Licensed CC-BY-4.0.",quantile,
URS54_D1_f0235::raw,visuals/ultrasound/real_human_lumbar/raw/URS54_D1_f0235.png,A,KU Leuven / Balgrist lumbar spine ultrasound,doi:10.48804/3XPCAE,10.1038/s41597-025-06047-9,KU Leuven (Robot-Assisted Surgery) + Balgrist University Hospital / University of Zurich,CC-BY-4.0,URS54,D1,RUS,robotic_other,235,US/URS54_D1/DUS/553.png,US/US_labels/URS54_D1.zip,"binary pixel mask, thin contour (MetaImage .mhd/.raw, zlib)","EXPERT-ANNOTATED VISIBLE BONE SURFACE (label value 2 of {1,2}). NOT a puncture target, entry point, trajectory, interspace choice or safety window.","one physician (publication author N.A.C.), who also acquired the handheld scans","physician; single annotator, so NO inter-rater agreement exists","decoded from MetaImage, flipped vertically (source is bottom-up), cropped","cropped to the live ultrasound sector, rows 150-960 cols 530-960 of the 1920x1080 screen capture; removes scanner UI, depth ruler and the burned-in study/date banner",none (native sector resolution 810x430),none (greyscale),original,"yes, with attribution (CC-BY-4.0)","yes, with attribution","Cavalcanti NA et al. A large, paired dataset of robotic and handheld lumbar spine ultrasound with ground-truth CT benchmarking. KU Leuven RDR, doi:10.48804/3XPCAE. Licensed CC-BY-4.0.",quantile,Real human in-vivo transcutaneous lumbar ultrasound frame.
URS54_D1_f0235::label,visuals/ultrasound/real_human_lumbar/expert_labels/URS54_D1_f0235.png,B,KU Leuven / Balgrist lumbar spine ultrasound,doi:10.48804/3XPCAE,10.1038/s41597-025-06047-9,KU Leuven (Robot-Assisted Surgery) + Balgrist University Hospital / University of Zurich,CC-BY-4.0,URS54,D1,RUS,robotic_other,235,US/URS54_D1/DUS/553.png,US/US_labels/URS54_D1.zip,"binary pixel mask, thin contour (MetaImage .mhd/.raw, zlib)","EXPERT-ANNOTATED VISIBLE BONE SURFACE (label value 2 of {1,2}). NOT a puncture target, entry point, trajectory, interspace choice or safety window.","one physician (publication author N.A.C.), who also acquired the handheld scans","physician; single annotator, so NO inter-rater agreement exists",label value 2 rendered white on black; flipped and cropped identically to the frame,"cropped to the live ultrasound sector, rows 150-960 cols 530-960 of the 1920x1080 screen capture; removes scanner UI, depth ruler and the burned-in study/date banner",none (native sector resolution 810x430),white on black,original,"yes, with attribution (CC-BY-4.0)","yes, with attribution","Cavalcanti NA et al. A large, paired dataset of robotic and handheld lumbar spine ultrasound with ground-truth CT benchmarking. KU Leuven RDR, doi:10.48804/3XPCAE. Licensed CC-BY-4.0.",quantile,"The source expert annotation, unmodified in content."
URS54_D1_f0235::overlay,visuals/ultrasound/real_human_lumbar/expert_overlays/URS54_D1_f0235.png,D,KU Leuven / Balgrist lumbar spine ultrasound,doi:10.48804/3XPCAE,10.1038/s41597-025-06047-9,KU Leuven (Robot-Assisted Surgery) + Balgrist University Hospital / University of Zurich,CC-BY-4.0,URS54,D1,RUS,robotic_other,235,US/URS54_D1/DUS/553.png,US/US_labels/URS54_D1.zip,"binary pixel mask, thin contour (MetaImage .mhd/.raw, zlib)","EXPERT-ANNOTATED VISIBLE BONE SURFACE (label value 2 of {1,2}). NOT a puncture target, entry point, trajectory, interspace choice or safety window.","one physician (publication author N.A.C.), who also acquired the handheld scans","physician; single annotator, so NO inter-rater agreement exists",expert mask dilated by 1 px for visibility and painted over the frame,"cropped to the live ultrasound sector, rows 150-960 cols 530-960 of the 1920x1080 screen capture; removes scanner UI, depth ruler and the burned-in study/date banner",none (native sector resolution 810x430),red = expert bone surface,derived,"yes, with attribution (CC-BY-4.0)","yes, with attribution","Cavalcanti NA et al. A large, paired dataset of robotic and handheld lumbar spine ultrasound with ground-truth CT benchmarking. KU Leuven RDR, doi:10.48804/3XPCAE. Licensed CC-BY-4.0.",quantile,Dilation is for display only; metrics never use the dilated mask.
URS54_D1_f0235::sidebyside,visuals/ultrasound/real_human_lumbar/side_by_side/URS54_D1_f0235.png,D,KU Leuven / Balgrist lumbar spine ultrasound,doi:10.48804/3XPCAE,10.1038/s41597-025-06047-9,KU Leuven (Robot-Assisted Surgery) + Balgrist University Hospital / University of Zurich,CC-BY-4.0,URS54,D1,RUS,robotic_other,235,US/URS54_D1/DUS/553.png,US/US_labels/URS54_D1.zip,"binary pixel mask, thin contour (MetaImage .mhd/.raw, zlib)","EXPERT-ANNOTATED VISIBLE BONE SURFACE (label value 2 of {1,2}). NOT a puncture target, entry point, trajectory, interspace choice or safety window.","one physician (publication author N.A.C.), who also acquired the handheld scans","physician; single annotator, so NO inter-rater agreement exists",three-panel composite: raw | expert label | overlay,"cropped to the live ultrasound sector, rows 150-960 cols 530-960 of the 1920x1080 screen capture; removes scanner UI, depth ruler and the burned-in study/date banner",none (native sector resolution 810x430),red = expert bone surface,derived,"yes, with attribution (CC-BY-4.0)","yes, with attribution","Cavalcanti NA et al. A large, paired dataset of robotic and handheld lumbar spine ultrasound with ground-truth CT benchmarking. KU Leuven RDR, doi:10.48804/3XPCAE. Licensed CC-BY-4.0.",quantile,
URS54_D1_f0161::raw,visuals/ultrasound/real_human_lumbar/raw/URS54_D1_f0161.png,A,KU Leuven / Balgrist lumbar spine ultrasound,doi:10.48804/3XPCAE,10.1038/s41597-025-06047-9,KU Leuven (Robot-Assisted Surgery) + Balgrist University Hospital / University of Zurich,CC-BY-4.0,URS54,D1,RUS,robotic_other,161,US/URS54_D1/DUS/475.png,US/US_labels/URS54_D1.zip,"binary pixel mask, thin contour (MetaImage .mhd/.raw, zlib)","EXPERT-ANNOTATED VISIBLE BONE SURFACE (label value 2 of {1,2}). NOT a puncture target, entry point, trajectory, interspace choice or safety window.","one physician (publication author N.A.C.), who also acquired the handheld scans","physician; single annotator, so NO inter-rater agreement exists","decoded from MetaImage, flipped vertically (source is bottom-up), cropped","cropped to the live ultrasound sector, rows 150-960 cols 530-960 of the 1920x1080 screen capture; removes scanner UI, depth ruler and the burned-in study/date banner",none (native sector resolution 810x430),none (greyscale),original,"yes, with attribution (CC-BY-4.0)","yes, with attribution","Cavalcanti NA et al. A large, paired dataset of robotic and handheld lumbar spine ultrasound with ground-truth CT benchmarking. KU Leuven RDR, doi:10.48804/3XPCAE. Licensed CC-BY-4.0.",quantile,Real human in-vivo transcutaneous lumbar ultrasound frame.
URS54_D1_f0161::label,visuals/ultrasound/real_human_lumbar/expert_labels/URS54_D1_f0161.png,B,KU Leuven / Balgrist lumbar spine ultrasound,doi:10.48804/3XPCAE,10.1038/s41597-025-06047-9,KU Leuven (Robot-Assisted Surgery) + Balgrist University Hospital / University of Zurich,CC-BY-4.0,URS54,D1,RUS,robotic_other,161,US/URS54_D1/DUS/475.png,US/US_labels/URS54_D1.zip,"binary pixel mask, thin contour (MetaImage .mhd/.raw, zlib)","EXPERT-ANNOTATED VISIBLE BONE SURFACE (label value 2 of {1,2}). NOT a puncture target, entry point, trajectory, interspace choice or safety window.","one physician (publication author N.A.C.), who also acquired the handheld scans","physician; single annotator, so NO inter-rater agreement exists",label value 2 rendered white on black; flipped and cropped identically to the frame,"cropped to the live ultrasound sector, rows 150-960 cols 530-960 of the 1920x1080 screen capture; removes scanner UI, depth ruler and the burned-in study/date banner",none (native sector resolution 810x430),white on black,original,"yes, with attribution (CC-BY-4.0)","yes, with attribution","Cavalcanti NA et al. A large, paired dataset of robotic and handheld lumbar spine ultrasound with ground-truth CT benchmarking. KU Leuven RDR, doi:10.48804/3XPCAE. Licensed CC-BY-4.0.",quantile,"The source expert annotation, unmodified in content."
URS54_D1_f0161::overlay,visuals/ultrasound/real_human_lumbar/expert_overlays/URS54_D1_f0161.png,D,KU Leuven / Balgrist lumbar spine ultrasound,doi:10.48804/3XPCAE,10.1038/s41597-025-06047-9,KU Leuven (Robot-Assisted Surgery) + Balgrist University Hospital / University of Zurich,CC-BY-4.0,URS54,D1,RUS,robotic_other,161,US/URS54_D1/DUS/475.png,US/US_labels/URS54_D1.zip,"binary pixel mask, thin contour (MetaImage .mhd/.raw, zlib)","EXPERT-ANNOTATED VISIBLE BONE SURFACE (label value 2 of {1,2}). NOT a puncture target, entry point, trajectory, interspace choice or safety window.","one physician (publication author N.A.C.), who also acquired the handheld scans","physician; single annotator, so NO inter-rater agreement exists",expert mask dilated by 1 px for visibility and painted over the frame,"cropped to the live ultrasound sector, rows 150-960 cols 530-960 of the 1920x1080 screen capture; removes scanner UI, depth ruler and the burned-in study/date banner",none (native sector resolution 810x430),red = expert bone surface,derived,"yes, with attribution (CC-BY-4.0)","yes, with attribution","Cavalcanti NA et al. A large, paired dataset of robotic and handheld lumbar spine ultrasound with ground-truth CT benchmarking. KU Leuven RDR, doi:10.48804/3XPCAE. Licensed CC-BY-4.0.",quantile,Dilation is for display only; metrics never use the dilated mask.
URS54_D1_f0161::sidebyside,visuals/ultrasound/real_human_lumbar/side_by_side/URS54_D1_f0161.png,D,KU Leuven / Balgrist lumbar spine ultrasound,doi:10.48804/3XPCAE,10.1038/s41597-025-06047-9,KU Leuven (Robot-Assisted Surgery) + Balgrist University Hospital / University of Zurich,CC-BY-4.0,URS54,D1,RUS,robotic_other,161,US/URS54_D1/DUS/475.png,US/US_labels/URS54_D1.zip,"binary pixel mask, thin contour (MetaImage .mhd/.raw, zlib)","EXPERT-ANNOTATED VISIBLE BONE SURFACE (label value 2 of {1,2}). NOT a puncture target, entry point, trajectory, interspace choice or safety window.","one physician (publication author N.A.C.), who also acquired the handheld scans","physician; single annotator, so NO inter-rater agreement exists",three-panel composite: raw | expert label | overlay,"cropped to the live ultrasound sector, rows 150-960 cols 530-960 of the 1920x1080 screen capture; removes scanner UI, depth ruler and the burned-in study/date banner",none (native sector resolution 810x430),red = expert bone surface,derived,"yes, with attribution (CC-BY-4.0)","yes, with attribution","Cavalcanti NA et al. A large, paired dataset of robotic and handheld lumbar spine ultrasound with ground-truth CT benchmarking. KU Leuven RDR, doi:10.48804/3XPCAE. Licensed CC-BY-4.0.",quantile,
URS54_H3_f0135::raw,visuals/ultrasound/real_human_lumbar/raw/URS54_H3_f0135.png,A,KU Leuven / Balgrist lumbar spine ultrasound,doi:10.48804/3XPCAE,10.1038/s41597-025-06047-9,KU Leuven (Robot-Assisted Surgery) + Balgrist University Hospital / University of Zurich,CC-BY-4.0,URS54,H3,HUS,handheld,135,US/URS54_H3/HUS/1353.png,US/US_labels/URS54_H3.zip,"binary pixel mask, thin contour (MetaImage .mhd/.raw, zlib)","EXPERT-ANNOTATED VISIBLE BONE SURFACE (label value 2 of {1,2}). NOT a puncture target, entry point, trajectory, interspace choice or safety window.","one physician (publication author N.A.C.), who also acquired the handheld scans","physician; single annotator, so NO inter-rater agreement exists","decoded from MetaImage, flipped vertically (source is bottom-up), cropped","cropped to the live ultrasound sector, rows 150-960 cols 530-960 of the 1920x1080 screen capture; removes scanner UI, depth ruler and the burned-in study/date banner",none (native sector resolution 810x430),none (greyscale),original,"yes, with attribution (CC-BY-4.0)","yes, with attribution","Cavalcanti NA et al. A large, paired dataset of robotic and handheld lumbar spine ultrasound with ground-truth CT benchmarking. KU Leuven RDR, doi:10.48804/3XPCAE. Licensed CC-BY-4.0.",quantile,Real human in-vivo transcutaneous lumbar ultrasound frame.
URS54_H3_f0135::label,visuals/ultrasound/real_human_lumbar/expert_labels/URS54_H3_f0135.png,B,KU Leuven / Balgrist lumbar spine ultrasound,doi:10.48804/3XPCAE,10.1038/s41597-025-06047-9,KU Leuven (Robot-Assisted Surgery) + Balgrist University Hospital / University of Zurich,CC-BY-4.0,URS54,H3,HUS,handheld,135,US/URS54_H3/HUS/1353.png,US/US_labels/URS54_H3.zip,"binary pixel mask, thin contour (MetaImage .mhd/.raw, zlib)","EXPERT-ANNOTATED VISIBLE BONE SURFACE (label value 2 of {1,2}). NOT a puncture target, entry point, trajectory, interspace choice or safety window.","one physician (publication author N.A.C.), who also acquired the handheld scans","physician; single annotator, so NO inter-rater agreement exists",label value 2 rendered white on black; flipped and cropped identically to the frame,"cropped to the live ultrasound sector, rows 150-960 cols 530-960 of the 1920x1080 screen capture; removes scanner UI, depth ruler and the burned-in study/date banner",none (native sector resolution 810x430),white on black,original,"yes, with attribution (CC-BY-4.0)","yes, with attribution","Cavalcanti NA et al. A large, paired dataset of robotic and handheld lumbar spine ultrasound with ground-truth CT benchmarking. KU Leuven RDR, doi:10.48804/3XPCAE. Licensed CC-BY-4.0.",quantile,"The source expert annotation, unmodified in content."
URS54_H3_f0135::overlay,visuals/ultrasound/real_human_lumbar/expert_overlays/URS54_H3_f0135.png,D,KU Leuven / Balgrist lumbar spine ultrasound,doi:10.48804/3XPCAE,10.1038/s41597-025-06047-9,KU Leuven (Robot-Assisted Surgery) + Balgrist University Hospital / University of Zurich,CC-BY-4.0,URS54,H3,HUS,handheld,135,US/URS54_H3/HUS/1353.png,US/US_labels/URS54_H3.zip,"binary pixel mask, thin contour (MetaImage .mhd/.raw, zlib)","EXPERT-ANNOTATED VISIBLE BONE SURFACE (label value 2 of {1,2}). NOT a puncture target, entry point, trajectory, interspace choice or safety window.","one physician (publication author N.A.C.), who also acquired the handheld scans","physician; single annotator, so NO inter-rater agreement exists",expert mask dilated by 1 px for visibility and painted over the frame,"cropped to the live ultrasound sector, rows 150-960 cols 530-960 of the 1920x1080 screen capture; removes scanner UI, depth ruler and the burned-in study/date banner",none (native sector resolution 810x430),red = expert bone surface,derived,"yes, with attribution (CC-BY-4.0)","yes, with attribution","Cavalcanti NA et al. A large, paired dataset of robotic and handheld lumbar spine ultrasound with ground-truth CT benchmarking. KU Leuven RDR, doi:10.48804/3XPCAE. Licensed CC-BY-4.0.",quantile,Dilation is for display only; metrics never use the dilated mask.
URS54_H3_f0135::sidebyside,visuals/ultrasound/real_human_lumbar/side_by_side/URS54_H3_f0135.png,D,KU Leuven / Balgrist lumbar spine ultrasound,doi:10.48804/3XPCAE,10.1038/s41597-025-06047-9,KU Leuven (Robot-Assisted Surgery) + Balgrist University Hospital / University of Zurich,CC-BY-4.0,URS54,H3,HUS,handheld,135,US/URS54_H3/HUS/1353.png,US/US_labels/URS54_H3.zip,"binary pixel mask, thin contour (MetaImage .mhd/.raw, zlib)","EXPERT-ANNOTATED VISIBLE BONE SURFACE (label value 2 of {1,2}). NOT a puncture target, entry point, trajectory, interspace choice or safety window.","one physician (publication author N.A.C.), who also acquired the handheld scans","physician; single annotator, so NO inter-rater agreement exists",three-panel composite: raw | expert label | overlay,"cropped to the live ultrasound sector, rows 150-960 cols 530-960 of the 1920x1080 screen capture; removes scanner UI, depth ruler and the burned-in study/date banner",none (native sector resolution 810x430),red = expert bone surface,derived,"yes, with attribution (CC-BY-4.0)","yes, with attribution","Cavalcanti NA et al. A large, paired dataset of robotic and handheld lumbar spine ultrasound with ground-truth CT benchmarking. KU Leuven RDR, doi:10.48804/3XPCAE. Licensed CC-BY-4.0.",quantile,
URS54_H3_f0108::raw,visuals/ultrasound/real_human_lumbar/raw/URS54_H3_f0108.png,A,KU Leuven / Balgrist lumbar spine ultrasound,doi:10.48804/3XPCAE,10.1038/s41597-025-06047-9,KU Leuven (Robot-Assisted Surgery) + Balgrist University Hospital / University of Zurich,CC-BY-4.0,URS54,H3,HUS,handheld,108,US/URS54_H3/HUS/1326.png,US/US_labels/URS54_H3.zip,"binary pixel mask, thin contour (MetaImage .mhd/.raw, zlib)","EXPERT-ANNOTATED VISIBLE BONE SURFACE (label value 2 of {1,2}). NOT a puncture target, entry point, trajectory, interspace choice or safety window.","one physician (publication author N.A.C.), who also acquired the handheld scans","physician; single annotator, so NO inter-rater agreement exists","decoded from MetaImage, flipped vertically (source is bottom-up), cropped","cropped to the live ultrasound sector, rows 150-960 cols 530-960 of the 1920x1080 screen capture; removes scanner UI, depth ruler and the burned-in study/date banner",none (native sector resolution 810x430),none (greyscale),original,"yes, with attribution (CC-BY-4.0)","yes, with attribution","Cavalcanti NA et al. A large, paired dataset of robotic and handheld lumbar spine ultrasound with ground-truth CT benchmarking. KU Leuven RDR, doi:10.48804/3XPCAE. Licensed CC-BY-4.0.",quantile,Real human in-vivo transcutaneous lumbar ultrasound frame.
URS54_H3_f0108::label,visuals/ultrasound/real_human_lumbar/expert_labels/URS54_H3_f0108.png,B,KU Leuven / Balgrist lumbar spine ultrasound,doi:10.48804/3XPCAE,10.1038/s41597-025-06047-9,KU Leuven (Robot-Assisted Surgery) + Balgrist University Hospital / University of Zurich,CC-BY-4.0,URS54,H3,HUS,handheld,108,US/URS54_H3/HUS/1326.png,US/US_labels/URS54_H3.zip,"binary pixel mask, thin contour (MetaImage .mhd/.raw, zlib)","EXPERT-ANNOTATED VISIBLE BONE SURFACE (label value 2 of {1,2}). NOT a puncture target, entry point, trajectory, interspace choice or safety window.","one physician (publication author N.A.C.), who also acquired the handheld scans","physician; single annotator, so NO inter-rater agreement exists",label value 2 rendered white on black; flipped and cropped identically to the frame,"cropped to the live ultrasound sector, rows 150-960 cols 530-960 of the 1920x1080 screen capture; removes scanner UI, depth ruler and the burned-in study/date banner",none (native sector resolution 810x430),white on black,original,"yes, with attribution (CC-BY-4.0)","yes, with attribution","Cavalcanti NA et al. A large, paired dataset of robotic and handheld lumbar spine ultrasound with ground-truth CT benchmarking. KU Leuven RDR, doi:10.48804/3XPCAE. Licensed CC-BY-4.0.",quantile,"The source expert annotation, unmodified in content."
URS54_H3_f0108::overlay,visuals/ultrasound/real_human_lumbar/expert_overlays/URS54_H3_f0108.png,D,KU Leuven / Balgrist lumbar spine ultrasound,doi:10.48804/3XPCAE,10.1038/s41597-025-06047-9,KU Leuven (Robot-Assisted Surgery) + Balgrist University Hospital / University of Zurich,CC-BY-4.0,URS54,H3,HUS,handheld,108,US/URS54_H3/HUS/1326.png,US/US_labels/URS54_H3.zip,"binary pixel mask, thin contour (MetaImage .mhd/.raw, zlib)","EXPERT-ANNOTATED VISIBLE BONE SURFACE (label value 2 of {1,2}). NOT a puncture target, entry point, trajectory, interspace choice or safety window.","one physician (publication author N.A.C.), who also acquired the handheld scans","physician; single annotator, so NO inter-rater agreement exists",expert mask dilated by 1 px for visibility and painted over the frame,"cropped to the live ultrasound sector, rows 150-960 cols 530-960 of the 1920x1080 screen capture; removes scanner UI, depth ruler and the burned-in study/date banner",none (native sector resolution 810x430),red = expert bone surface,derived,"yes, with attribution (CC-BY-4.0)","yes, with attribution","Cavalcanti NA et al. A large, paired dataset of robotic and handheld lumbar spine ultrasound with ground-truth CT benchmarking. KU Leuven RDR, doi:10.48804/3XPCAE. Licensed CC-BY-4.0.",quantile,Dilation is for display only; metrics never use the dilated mask.
URS54_H3_f0108::sidebyside,visuals/ultrasound/real_human_lumbar/side_by_side/URS54_H3_f0108.png,D,KU Leuven / Balgrist lumbar spine ultrasound,doi:10.48804/3XPCAE,10.1038/s41597-025-06047-9,KU Leuven (Robot-Assisted Surgery) + Balgrist University Hospital / University of Zurich,CC-BY-4.0,URS54,H3,HUS,handheld,108,US/URS54_H3/HUS/1326.png,US/US_labels/URS54_H3.zip,"binary pixel mask, thin contour (MetaImage .mhd/.raw, zlib)","EXPERT-ANNOTATED VISIBLE BONE SURFACE (label value 2 of {1,2}). NOT a puncture target, entry point, trajectory, interspace choice or safety window.","one physician (publication author N.A.C.), who also acquired the handheld scans","physician; single annotator, so NO inter-rater agreement exists",three-panel composite: raw | expert label | overlay,"cropped to the live ultrasound sector, rows 150-960 cols 530-960 of the 1920x1080 screen capture; removes scanner UI, depth ruler and the burned-in study/date banner",none (native sector resolution 810x430),red = expert bone surface,derived,"yes, with attribution (CC-BY-4.0)","yes, with attribution","Cavalcanti NA et al. A large, paired dataset of robotic and handheld lumbar spine ultrasound with ground-truth CT benchmarking. KU Leuven RDR, doi:10.48804/3XPCAE. Licensed CC-BY-4.0.",quantile,
URS54_H3_f0227::raw,visuals/ultrasound/real_human_lumbar/raw/URS54_H3_f0227.png,A,KU Leuven / Balgrist lumbar spine ultrasound,doi:10.48804/3XPCAE,10.1038/s41597-025-06047-9,KU Leuven (Robot-Assisted Surgery) + Balgrist University Hospital / University of Zurich,CC-BY-4.0,URS54,H3,HUS,handheld,227,US/URS54_H3/HUS/1658.png,US/US_labels/URS54_H3.zip,"binary pixel mask, thin contour (MetaImage .mhd/.raw, zlib)","EXPERT-ANNOTATED VISIBLE BONE SURFACE (label value 2 of {1,2}). NOT a puncture target, entry point, trajectory, interspace choice or safety window.","one physician (publication author N.A.C.), who also acquired the handheld scans","physician; single annotator, so NO inter-rater agreement exists","decoded from MetaImage, flipped vertically (source is bottom-up), cropped","cropped to the live ultrasound sector, rows 150-960 cols 530-960 of the 1920x1080 screen capture; removes scanner UI, depth ruler and the burned-in study/date banner",none (native sector resolution 810x430),none (greyscale),original,"yes, with attribution (CC-BY-4.0)","yes, with attribution","Cavalcanti NA et al. A large, paired dataset of robotic and handheld lumbar spine ultrasound with ground-truth CT benchmarking. KU Leuven RDR, doi:10.48804/3XPCAE. Licensed CC-BY-4.0.",quantile,Real human in-vivo transcutaneous lumbar ultrasound frame.
URS54_H3_f0227::label,visuals/ultrasound/real_human_lumbar/expert_labels/URS54_H3_f0227.png,B,KU Leuven / Balgrist lumbar spine ultrasound,doi:10.48804/3XPCAE,10.1038/s41597-025-06047-9,KU Leuven (Robot-Assisted Surgery) + Balgrist University Hospital / University of Zurich,CC-BY-4.0,URS54,H3,HUS,handheld,227,US/URS54_H3/HUS/1658.png,US/US_labels/URS54_H3.zip,"binary pixel mask, thin contour (MetaImage .mhd/.raw, zlib)","EXPERT-ANNOTATED VISIBLE BONE SURFACE (label value 2 of {1,2}). NOT a puncture target, entry point, trajectory, interspace choice or safety window.","one physician (publication author N.A.C.), who also acquired the handheld scans","physician; single annotator, so NO inter-rater agreement exists",label value 2 rendered white on black; flipped and cropped identically to the frame,"cropped to the live ultrasound sector, rows 150-960 cols 530-960 of the 1920x1080 screen capture; removes scanner UI, depth ruler and the burned-in study/date banner",none (native sector resolution 810x430),white on black,original,"yes, with attribution (CC-BY-4.0)","yes, with attribution","Cavalcanti NA et al. A large, paired dataset of robotic and handheld lumbar spine ultrasound with ground-truth CT benchmarking. KU Leuven RDR, doi:10.48804/3XPCAE. Licensed CC-BY-4.0.",quantile,"The source expert annotation, unmodified in content."
URS54_H3_f0227::overlay,visuals/ultrasound/real_human_lumbar/expert_overlays/URS54_H3_f0227.png,D,KU Leuven / Balgrist lumbar spine ultrasound,doi:10.48804/3XPCAE,10.1038/s41597-025-06047-9,KU Leuven (Robot-Assisted Surgery) + Balgrist University Hospital / University of Zurich,CC-BY-4.0,URS54,H3,HUS,handheld,227,US/URS54_H3/HUS/1658.png,US/US_labels/URS54_H3.zip,"binary pixel mask, thin contour (MetaImage .mhd/.raw, zlib)","EXPERT-ANNOTATED VISIBLE BONE SURFACE (label value 2 of {1,2}). NOT a puncture target, entry point, trajectory, interspace choice or safety window.","one physician (publication author N.A.C.), who also acquired the handheld scans","physician; single annotator, so NO inter-rater agreement exists",expert mask dilated by 1 px for visibility and painted over the frame,"cropped to the live ultrasound sector, rows 150-960 cols 530-960 of the 1920x1080 screen capture; removes scanner UI, depth ruler and the burned-in study/date banner",none (native sector resolution 810x430),red = expert bone surface,derived,"yes, with attribution (CC-BY-4.0)","yes, with attribution","Cavalcanti NA et al. A large, paired dataset of robotic and handheld lumbar spine ultrasound with ground-truth CT benchmarking. KU Leuven RDR, doi:10.48804/3XPCAE. Licensed CC-BY-4.0.",quantile,Dilation is for display only; metrics never use the dilated mask.
URS54_H3_f0227::sidebyside,visuals/ultrasound/real_human_lumbar/side_by_side/URS54_H3_f0227.png,D,KU Leuven / Balgrist lumbar spine ultrasound,doi:10.48804/3XPCAE,10.1038/s41597-025-06047-9,KU Leuven (Robot-Assisted Surgery) + Balgrist University Hospital / University of Zurich,CC-BY-4.0,URS54,H3,HUS,handheld,227,US/URS54_H3/HUS/1658.png,US/US_labels/URS54_H3.zip,"binary pixel mask, thin contour (MetaImage .mhd/.raw, zlib)","EXPERT-ANNOTATED VISIBLE BONE SURFACE (label value 2 of {1,2}). NOT a puncture target, entry point, trajectory, interspace choice or safety window.","one physician (publication author N.A.C.), who also acquired the handheld scans","physician; single annotator, so NO inter-rater agreement exists",three-panel composite: raw | expert label | overlay,"cropped to the live ultrasound sector, rows 150-960 cols 530-960 of the 1920x1080 screen capture; removes scanner UI, depth ruler and the burned-in study/date banner",none (native sector resolution 810x430),red = expert bone surface,derived,"yes, with attribution (CC-BY-4.0)","yes, with attribution","Cavalcanti NA et al. A large, paired dataset of robotic and handheld lumbar spine ultrasound with ground-truth CT benchmarking. KU Leuven RDR, doi:10.48804/3XPCAE. Licensed CC-BY-4.0.",quantile,
URS54_H3_f0261::raw,visuals/ultrasound/real_human_lumbar/raw/URS54_H3_f0261.png,A,KU Leuven / Balgrist lumbar spine ultrasound,doi:10.48804/3XPCAE,10.1038/s41597-025-06047-9,KU Leuven (Robot-Assisted Surgery) + Balgrist University Hospital / University of Zurich,CC-BY-4.0,URS54,H3,HUS,handheld,261,US/URS54_H3/HUS/1754.png,US/US_labels/URS54_H3.zip,"binary pixel mask, thin contour (MetaImage .mhd/.raw, zlib)","EXPERT-ANNOTATED VISIBLE BONE SURFACE (label value 2 of {1,2}). NOT a puncture target, entry point, trajectory, interspace choice or safety window.","one physician (publication author N.A.C.), who also acquired the handheld scans","physician; single annotator, so NO inter-rater agreement exists","decoded from MetaImage, flipped vertically (source is bottom-up), cropped","cropped to the live ultrasound sector, rows 150-960 cols 530-960 of the 1920x1080 screen capture; removes scanner UI, depth ruler and the burned-in study/date banner",none (native sector resolution 810x430),none (greyscale),original,"yes, with attribution (CC-BY-4.0)","yes, with attribution","Cavalcanti NA et al. A large, paired dataset of robotic and handheld lumbar spine ultrasound with ground-truth CT benchmarking. KU Leuven RDR, doi:10.48804/3XPCAE. Licensed CC-BY-4.0.",quantile,Real human in-vivo transcutaneous lumbar ultrasound frame.
URS54_H3_f0261::label,visuals/ultrasound/real_human_lumbar/expert_labels/URS54_H3_f0261.png,B,KU Leuven / Balgrist lumbar spine ultrasound,doi:10.48804/3XPCAE,10.1038/s41597-025-06047-9,KU Leuven (Robot-Assisted Surgery) + Balgrist University Hospital / University of Zurich,CC-BY-4.0,URS54,H3,HUS,handheld,261,US/URS54_H3/HUS/1754.png,US/US_labels/URS54_H3.zip,"binary pixel mask, thin contour (MetaImage .mhd/.raw, zlib)","EXPERT-ANNOTATED VISIBLE BONE SURFACE (label value 2 of {1,2}). NOT a puncture target, entry point, trajectory, interspace choice or safety window.","one physician (publication author N.A.C.), who also acquired the handheld scans","physician; single annotator, so NO inter-rater agreement exists",label value 2 rendered white on black; flipped and cropped identically to the frame,"cropped to the live ultrasound sector, rows 150-960 cols 530-960 of the 1920x1080 screen capture; removes scanner UI, depth ruler and the burned-in study/date banner",none (native sector resolution 810x430),white on black,original,"yes, with attribution (CC-BY-4.0)","yes, with attribution","Cavalcanti NA et al. A large, paired dataset of robotic and handheld lumbar spine ultrasound with ground-truth CT benchmarking. KU Leuven RDR, doi:10.48804/3XPCAE. Licensed CC-BY-4.0.",quantile,"The source expert annotation, unmodified in content."
URS54_H3_f0261::overlay,visuals/ultrasound/real_human_lumbar/expert_overlays/URS54_H3_f0261.png,D,KU Leuven / Balgrist lumbar spine ultrasound,doi:10.48804/3XPCAE,10.1038/s41597-025-06047-9,KU Leuven (Robot-Assisted Surgery) + Balgrist University Hospital / University of Zurich,CC-BY-4.0,URS54,H3,HUS,handheld,261,US/URS54_H3/HUS/1754.png,US/US_labels/URS54_H3.zip,"binary pixel mask, thin contour (MetaImage .mhd/.raw, zlib)","EXPERT-ANNOTATED VISIBLE BONE SURFACE (label value 2 of {1,2}). NOT a puncture target, entry point, trajectory, interspace choice or safety window.","one physician (publication author N.A.C.), who also acquired the handheld scans","physician; single annotator, so NO inter-rater agreement exists",expert mask dilated by 1 px for visibility and painted over the frame,"cropped to the live ultrasound sector, rows 150-960 cols 530-960 of the 1920x1080 screen capture; removes scanner UI, depth ruler and the burned-in study/date banner",none (native sector resolution 810x430),red = expert bone surface,derived,"yes, with attribution (CC-BY-4.0)","yes, with attribution","Cavalcanti NA et al. A large, paired dataset of robotic and handheld lumbar spine ultrasound with ground-truth CT benchmarking. KU Leuven RDR, doi:10.48804/3XPCAE. Licensed CC-BY-4.0.",quantile,Dilation is for display only; metrics never use the dilated mask.
URS54_H3_f0261::sidebyside,visuals/ultrasound/real_human_lumbar/side_by_side/URS54_H3_f0261.png,D,KU Leuven / Balgrist lumbar spine ultrasound,doi:10.48804/3XPCAE,10.1038/s41597-025-06047-9,KU Leuven (Robot-Assisted Surgery) + Balgrist University Hospital / University of Zurich,CC-BY-4.0,URS54,H3,HUS,handheld,261,US/URS54_H3/HUS/1754.png,US/US_labels/URS54_H3.zip,"binary pixel mask, thin contour (MetaImage .mhd/.raw, zlib)","EXPERT-ANNOTATED VISIBLE BONE SURFACE (label value 2 of {1,2}). NOT a puncture target, entry point, trajectory, interspace choice or safety window.","one physician (publication author N.A.C.), who also acquired the handheld scans","physician; single annotator, so NO inter-rater agreement exists",three-panel composite: raw | expert label | overlay,"cropped to the live ultrasound sector, rows 150-960 cols 530-960 of the 1920x1080 screen capture; removes scanner UI, depth ruler and the burned-in study/date banner",none (native sector resolution 810x430),red = expert bone surface,derived,"yes, with attribution (CC-BY-4.0)","yes, with attribution","Cavalcanti NA et al. A large, paired dataset of robotic and handheld lumbar spine ultrasound with ground-truth CT benchmarking. KU Leuven RDR, doi:10.48804/3XPCAE. Licensed CC-BY-4.0.",quantile,
