category,rank,pmid,pmcid,doi,title,authors_first,journal,year,pub_types,is_open_access,in_pmc,license,cited_by,abstract_snippet,europepmc_url,query
lumbar_puncture_clinical,1,17901137,,10.7863/jum.2007.26.10.1341,A randomized controlled trial of ultrasound-assisted lumbar puncture,Nomura JT,Journal of ultrasound in medicine : official journal of the American Institute of Ultrasound in Medicine,2007,Randomized Controlled Trial|Journal Article,N,N,,84,"<h4>Objective</h4>Evidence showing the systematic utility of ultrasound imaging during lumbar puncture (LP) in the emergency department is lacking. Our hypothesis was that ultrasound-assisted LP would increase the success rate and ease of performing LP with a greater benefit in obese patients.<h4>Methods</h4>This was an Institutional Review Board-approved, randomized, prospective, double-blind stu",https://europepmc.org/article/MED/17901137,"(TITLE:""lumbar puncture"") AND (TITLE:ultrasound OR TITLE:ultrasonography OR ABSTRACT:ultrasound)"
lumbar_puncture_clinical,2,17349909,,10.1016/j.ajem.2006.07.010,The use of ultrasound to identify pertinent landmarks for lumbar puncture,Stiffler KA,The American journal of emergency medicine,2007,Journal Article,N,N,,75,"<h4>Objective</h4>This study was conducted to assess the ultrasound's (US's) ability to identify pertinent landmarks for lumbar puncture (LP) in patients of various body mass indices (BMIs) and establish spatial relationships of pertinent LP landmarks across BMIs.<h4>Methods</h4>In this institutional review board-approved cross-sectional study, we calculated the BMIs of eligible patients and then ",https://europepmc.org/article/MED/17349909,"(TITLE:""lumbar puncture"") AND (TITLE:ultrasound OR TITLE:ultrasonography OR ABSTRACT:ultrasound)"
lumbar_puncture_clinical,3,15528885,,10.1159/000081912,Lumbar puncture and dural sinus thrombosis--a causal or casual association?,Canhão P,"Cerebrovascular diseases (Basel, Switzerland)",2005,"Research Support, Non-U.S. Gov't|Journal Article",N,N,,69,"<h4>Background</h4>A few cases of cerebral venous thrombosis (CVT) were reported after a lumbar puncture (LP), suggesting a causal association. The purpose of our study was to document that LP might predispose to CVT by decreasing blood flow velocities (BFV) in veins or dural sinus.<h4>Methods</h4>We performed a transcranial Doppler ultrasound study to register the mean BFV of the straight sinus (",https://europepmc.org/article/MED/15528885,"(TITLE:""lumbar puncture"") AND (TITLE:ultrasound OR TITLE:ultrasonography OR ABSTRACT:ultrasound)"
lumbar_puncture_clinical,4,25664663,PMC4322040,10.1371/journal.pone.0117939,Optimal optic nerve sheath diameter threshold for the identification of elevated opening pressure on lumbar puncture in a Chinese population,Wang L,PloS one,2015,research-article|Journal Article,Y,Y,cc by,64,"Ultrasonography of the optic nerve sheath diameter (ONSD) is a non-invasive and rapid method that might be helpful in the identification of increased intracranial pressure (ICP). The use of an ONSD greater than 5 mm on ultrasound as an indicator of increased ICP in a Caucasian population has been studied. However, the cut-off point of this predictor in Chinese patients has not been established. Th",https://europepmc.org/article/MED/25664663,"(TITLE:""lumbar puncture"") AND (TITLE:ultrasound OR TITLE:ultrasonography OR ABSTRACT:ultrasound)"
lumbar_puncture_clinical,5,11436885,,10.1007/s002470100453,Diagnostic and interventional ultrasonography in neonatal and infant lumbar puncture,Coley BD,Pediatric radiology,2001,Journal Article,N,N,,55,"<h4>Background</h4>Lumbar puncture (LP) may be unsuccessful clinically, prompting image-guided LP by radiologists. Objective. To investigate the utility of ultrasound (US) in diagnosing the cause of failed LP and in guiding LP.<h4>Materials and methods</h4>Neonates and infants referred for image-guided LP underwent spine US of the thecal sac. When indicated, image-guided LP was performed.<h4>Resul",https://europepmc.org/article/MED/11436885,"(TITLE:""lumbar puncture"") AND (TITLE:ultrasound OR TITLE:ultrasonography OR ABSTRACT:ultrasound)"
lumbar_puncture_clinical,6,17349903,,10.1016/j.ajem.2006.08.013,Emergency physicians can easily obtain ultrasound images of anatomical landmarks relevant to lumbar puncture,Ferre RM,The American journal of emergency medicine,2007,Journal Article,N,N,,51,"<h4>Introduction</h4>Although ultrasound has been used in administering epidural anesthesia, it is unknown if emergency physicians (EPs) can obtain ultrasound images useful for lumbar puncture.<h4>Objective</h4>The objective of the study was to determine EPs' ability to apply a standardized ultrasound technique for visualizing landmarks surrounding the dural space.<h4>Methods</h4>Two EPs sought to",https://europepmc.org/article/MED/17349903,"(TITLE:""lumbar puncture"") AND (TITLE:ultrasound OR TITLE:ultrasonography OR ABSTRACT:ultrasound)"
lumbar_puncture_clinical,7,27574571,PMC4987119,10.1212/cpj.0000000000000265,Ultrasound guidance for lumbar puncture,Soni NJ,Neurology. Clinical practice,2016,review-article|Review|Journal Article,N,Y,,46,<h4>Purpose of review</h4>To review the literature and describe techniques to use ultrasound to guide performance of lumbar puncture (LP).<h4>Recent findings</h4>Ultrasound evaluation of the lumbar spine has been shown in randomized trials to improve LP success rates while reducing the number of attempts and the number of traumatic taps.<h4>Summary</h4>Ultrasound mapping of the lumbar spine reveal,https://europepmc.org/article/MED/27574571,"(TITLE:""lumbar puncture"") AND (TITLE:ultrasound OR TITLE:ultrasonography OR ABSTRACT:ultrasound)"
lumbar_puncture_clinical,8,15290485,,10.1007/s10140-003-0286-3,"Optimal patient position for lumbar puncture, measured by ultrasonography",Sandoval M,Emergency radiology,2004,Journal Article,N,N,,44,"The purpose of this study was to identify the patient position for lumbar puncture associated with the widest interspinous distance utilizing ultrasound. Sixteen healthy adult volunteers were placed in three positions commonly used for lumbar puncture (lateral recumbent with knees to chest, sitting and bent forward over an adjustable bedside stand, and sitting with feet supported and chest to knee",https://europepmc.org/article/MED/15290485,"(TITLE:""lumbar puncture"") AND (TITLE:ultrasound OR TITLE:ultrasonography OR ABSTRACT:ultrasound)"
lumbar_puncture_clinical,9,24673668,,10.1111/acem.12305,Ultrasound for routine lumbar puncture,Peterson MA,Academic emergency medicine : official journal of the Society for Academic Emergency Medicine,2014,Randomized Controlled Trial|Journal Article,N,N,,37,"<h4>Objectives</h4>The objective was to determine if use of ultrasound (US) by emergency physicians (EPs) to localize spinal landmarks improves the performance of lumbar puncture (LP).<h4>Methods</h4>This was a prospective, randomized, controlled study conducted in a county teaching hospital. Subjects, adults 18 years of age or older who were to receive LPs for routine clinical care in the emergen",https://europepmc.org/article/MED/24673668,"(TITLE:""lumbar puncture"") AND (TITLE:ultrasound OR TITLE:ultrasonography OR ABSTRACT:ultrasound)"
lumbar_puncture_clinical,10,23572300,,10.5603/ait.2013.0001,Anatomical landmarks based assessment of intravertebral space level for lumbar puncture is misleading in more than 30%,Duniec L,Anaesthesiology intensive therapy,2013,Journal Article,N,N,,36,"<h4>Background</h4>The anatomical landmark which is used to identify the correct level for lumbar puncture is the line connecting both iliac crests. This crosses the vertebra column at the level of the L4-L5 intervertebral space or L4 vertebra. It can be difficult to determine in a group of orthopaedic patients due to chronic orthopaedic disorders, chronic pain, overweight, or difficulties with po",https://europepmc.org/article/MED/23572300,"(TITLE:""lumbar puncture"") AND (TITLE:ultrasound OR TITLE:ultrasonography OR ABSTRACT:ultrasound)"
lumbar_puncture_clinical,11,15707816,,10.1016/j.jemermed.2004.09.008,Bedside ultrasound for difficult lumbar puncture,Peterson MA,The Journal of emergency medicine,2005,Journal Article|Case Reports,N,N,,35,"Lumbar puncture is a common procedure performed in the emergency department for evaluation of several life-threatening conditions, including meningitis and subarachnoid hemorrhage. We describe the use of bedside ultrasound to assist in performance of the lumbar puncture in situations where the standard ""blind"" technique of needle insertion using palpable spinal landmarks is likely to be difficult ",https://europepmc.org/article/MED/15707816,"(TITLE:""lumbar puncture"") AND (TITLE:ultrasound OR TITLE:ultrasonography OR ABSTRACT:ultrasound)"
lumbar_puncture_clinical,12,20403933,,10.1542/peds.2009-0646,Positioning for lumbar puncture in children evaluated by bedside ultrasound,Abo A,Pediatrics,2010,Comparative Study|Journal Article,N,N,,34,"<h4>Background</h4>Lumbar punctures are commonly performed in the pediatric emergency department. There is no standard, recommended, optimal position for children who are undergoing the procedure.<h4>Objective</h4>To determine a position for lumbar punctures where the interspinous space is maximized, as measured by bedside ultrasound.<h4>Methods</h4>A prospective convenience sample of children und",https://europepmc.org/article/MED/20403933,"(TITLE:""lumbar puncture"") AND (TITLE:ultrasound OR TITLE:ultrasonography OR ABSTRACT:ultrasound)"
lumbar_puncture_clinical,13,25804431,,10.1007/s12630-015-0367-2,Computerized training system for ultrasound-guided lumbar puncture on abnormal spine models: a randomized controlled trial,Keri Z,Canadian journal of anaesthesia = Journal canadien d'anesthesie,2015,"Comparative Study|Research Support, Non-U.S. Gov't|Randomized Controlled Trial|Journal Article",N,N,,32,"<h4>Purpose</h4>A randomized controlled trial was carried out to determine whether Perk Tutor, a computerized training platform that displays an ultrasound image and real-time needle position in a three-dimensional (3D) anatomical model, would benefit residents learning ultrasound-guided lumbar puncture (LP) in simulation phantoms with abnormal spinal anatomy.<h4>Methods</h4>Twenty-four residents ",https://europepmc.org/article/MED/25804431,"(TITLE:""lumbar puncture"") AND (TITLE:ultrasound OR TITLE:ultrasonography OR ABSTRACT:ultrasound)"
lumbar_puncture_clinical,14,24124427,PMC3793375,,Ultrasound guided lumbar puncture in emergency department: Time saving and less complications,Mofidi M,Journal of research in medical sciences : the official journal of Isfahan University of Medical Sciences,2013,research-article|Journal Article,Y,Y,cc by-nc-sa,30,"<h4>Background</h4>Lumbar puncture (LP) is an essential procedure in the diagnosis and treatment of several critical situations. This procedure is routinely performed by palpating external landmarks to find the most appropriate inter-spinous space. In the current study, we compared surface landmark and ultrasound (US) guided LP in different aspects.<h4>Materials and methods</h4>This clinical trial",https://europepmc.org/article/MED/24124427,"(TITLE:""lumbar puncture"") AND (TITLE:ultrasound OR TITLE:ultrasonography OR ABSTRACT:ultrasound)"
lumbar_puncture_clinical,15,17885251,PMC8134190,10.3174/ajnr.a0634,Symptomatic spinal epidural collections after lumbar puncture in children,Koch BL,AJNR. American journal of neuroradiology,2007,research-article|Journal Article,N,Y,,30,"<h4>Background and purpose</h4>Complications from lumbar puncture (LP) include headache; mild puncture-site pain; and, rarely, subdural, epidural, or subarachnoid hemorrhage. In infants, asymptomatic leakage of CSF documented with ultrasound is common. We report the MR imaging findings and clinical course of 25 symptomatic patients with spinal epidural collections after LP.<h4>Materials and method",https://europepmc.org/article/MED/17885251,"(TITLE:""lumbar puncture"") AND (TITLE:ultrasound OR TITLE:ultrasonography OR ABSTRACT:ultrasound)"
lumbar_puncture_clinical,16,31251163,PMC6817310,10.12788/jhm.3197,Recommendations on the Use of Ultrasound Guidance for Adult Lumbar Puncture: A Position Statement of the Society of Hospital Medicine,Soni NJ,Journal of hospital medicine,2019,"research-article|Research Support, U.S. Gov't, Non-P.H.S.|Consensus Statement|Journal Article|Research Support, N.I.H., Extramural",N,Y,,29,"<h4>Executive summary</h4>When ultrasound equipment is available, along with providers who are appropriately trained to use it, we recommend that ultrasound guidance should be used for site selection of lumbar puncture to reduce the number of needle insertion attempts and needle redirections and increase the overall procedure success rates, especially in patients who are obese or have difficult-to",https://europepmc.org/article/MED/31251163,"(TITLE:""lumbar puncture"") AND (TITLE:ultrasound OR TITLE:ultrasonography OR ABSTRACT:ultrasound)"
lumbar_puncture_clinical,17,25284485,,10.1016/j.ajem.2014.09.014,Optic nerve sheath diameter and lumbar puncture opening pressure in nontrauma patients suspected of elevated intracranial pressure,Caffery TS,The American journal of emergency medicine,2014,Journal Article|Observational Study,N,N,,29,<h4>Objective</h4>The purpose of this study was to determine if patients with nontraumatic causes of elevated intracranial pressure (ICP) could be identified by ultrasound measurement of optic nerve sheath diameter (ONSD). It was hypothesized that an ONSD greater than or equal to 5 mm would identify patients with elevated ICP.<h4>Method</h4>This was a prospective observational trial comparing ONSD,https://europepmc.org/article/MED/25284485,"(TITLE:""lumbar puncture"") AND (TITLE:ultrasound OR TITLE:ultrasonography OR ABSTRACT:ultrasound)"
lumbar_puncture_clinical,18,25863793,,10.1016/j.acra.2014.12.024,Simulation-based educational curriculum for fluoroscopically guided lumbar puncture improves operator confidence and reduces patient dose,Faulkner AR,Academic radiology,2015,Journal Article,N,N,,28,"<h4>Rationale and objectives</h4>Fluoroscopically guided lumbar puncture (FGLP) is a commonly performed procedure with increased success rates relative to bedside technique. However, FGLP also exposes both patient and staff to ionizing radiation. The purpose of this study was to determine if the use of a simulation-based FGLP training program using an original, inexpensive lumbar spine phantom cou",https://europepmc.org/article/MED/25863793,"(TITLE:""lumbar puncture"") AND (TITLE:ultrasound OR TITLE:ultrasonography OR ABSTRACT:ultrasound)"
lumbar_puncture_clinical,19,20169259,,10.1016/s0034-7094(10)70002-7,Use of the ultrasound to determine the level of lumbar puncture in pregnant women,Locks Gde F,Revista brasileira de anestesiologia,2010,Comparative Study|Clinical Trial|Journal Article,N,N,cc by-nc-nd,27,<h4>Background and objectives</h4>An imaginary line connecting both iliac crests is used to determine the vertebral level for lumbar puncture. This line crosses the spine at the level of L4 or the L4-L5 space. This anatomical reference can be inaccurate in a large proportion of patients. The objective of the present study was to determine whether the identification of the L3-L4 space by the physic,https://europepmc.org/article/MED/20169259,"(TITLE:""lumbar puncture"") AND (TITLE:ultrasound OR TITLE:ultrasonography OR ABSTRACT:ultrasound)"
lumbar_puncture_clinical,20,30957031,PMC6422243,10.1136/bmjpo-2018-000412,Ultrasound imaging versus palpation method for diagnostic lumbar puncture in neonates and infants: a systematic review and meta-analysis,Olowoyeye A,BMJ paediatrics open,2019,Systematic Review|systematic-review|Journal Article,Y,Y,cc by-nc,26,"<h4>Importance</h4>Lumbar puncture (LP) failure rates vary and can be as high as 65%. Ultrasound guidance could increase the success of performing LP.<h4>Objective</h4>To summarise the evidence on the use of ultrasound guidance versus palpation method for LP.<h4>Data sources</h4>We searched computerised databases and published indexes, registries and references identified from bibliographies of pe",https://europepmc.org/article/MED/30957031,"(TITLE:""lumbar puncture"") AND (TITLE:ultrasound OR TITLE:ultrasonography OR ABSTRACT:ultrasound)"
lumbar_puncture_clinical,21,29397406,,10.1007/s00247-018-4091-2,Ultrasound-guided lumbar puncture in pediatric patients: technical success and safety,Pierce DB,Pediatric radiology,2018,Journal Article,N,N,,26,<h4>Background</h4>Disadvantages of fluoroscopically guided lumbar puncture include delivery of ionizing radiation and limited resolution of incompletely ossified posterior elements. Ultrasound (US) allows visualization of critical soft tissues and the cerebrospinal fluid (CSF) space without ionizing radiation.<h4>Objective</h4>To determine the technical success and safety of US-guided lumbar punc,https://europepmc.org/article/MED/29397406,"(TITLE:""lumbar puncture"") AND (TITLE:ultrasound OR TITLE:ultrasonography OR ABSTRACT:ultrasound)"
lumbar_puncture_clinical,22,27628617,,10.1111/acem.13099,Prospective Investigation of a Novel Ultrasound-assisted Lumbar Puncture Technique on Infants in the Pediatric Emergency Department,Gorn M,Academic emergency medicine : official journal of the Society for Academic Emergency Medicine,2017,Randomized Controlled Trial|Journal Article,N,N,,25,"<h4>Objective</h4>The objective was to describe a novel ultrasound-assisted lumbar puncture (UALP) technique and to compare it to standard lumbar puncture (SLP) technique in infants.<h4>Methods</h4>A prospective, randomized, controlled study in infants 60 days old and younger undergoing a lumbar puncture (LP) in a pediatric emergency department. Patients with a spinal anomaly or ventriculoperitone",https://europepmc.org/article/MED/27628617,"(TITLE:""lumbar puncture"") AND (TITLE:ultrasound OR TITLE:ultrasonography OR ABSTRACT:ultrasound)"
lumbar_puncture_clinical,23,24775990,,10.1016/j.jemermed.2012.09.149,Ultrasound-assisted lumbar puncture in pediatric emergency medicine,Kim S,The Journal of emergency medicine,2014,Journal Article,N,N,,25,"<h4>Background</h4>Ultrasound-assisted lumbar puncture in the pediatric emergency medicine setting has not been well established, but ultrasound could serve as a valuable tool in this setting.<h4>Objective</h4>To assess whether ultrasound increases provider confidence in identifying an insertion point for lumbar puncture.<h4>Methods</h4>A feasibility study was conducted using a convenience sample ",https://europepmc.org/article/MED/24775990,"(TITLE:""lumbar puncture"") AND (TITLE:ultrasound OR TITLE:ultrasonography OR ABSTRACT:ultrasound)"
lumbar_puncture_clinical,24,22684159,,10.1136/archdischild-2011-301475,Positioning of infants in the neonatal intensive care unit for lumbar puncture as determined by bedside ultrasonography,Öncel S,Archives of disease in childhood. Fetal and neonatal edition,2013,Journal Article,N,N,,25,"Realising the paucity of data in the standardisation of the optimal position for lumbar puncture (LP) in hospitalised neonates, we have designed an observational study to measure the interspinous distance in infants in a university hospital setting. The infants were placed in two lateral recumbent and two upright positions (lateral recumbent without flexing the hips, lateral recumbent with maximal",https://europepmc.org/article/MED/22684159,"(TITLE:""lumbar puncture"") AND (TITLE:ultrasound OR TITLE:ultrasonography OR ABSTRACT:ultrasound)"
lumbar_puncture_clinical,25,33051940,,10.1111/ene.14586,Ultrasound-guided lumbar puncture for nusinersen administration in spinal muscular atrophy patients,Veiga-Canuto D,European journal of neurology,2021,"Research Support, Non-U.S. Gov't|Journal Article",N,N,,22,"<h4>Background and purpose</h4>The purpose was to report the results of ultrasound-guided lumbar puncture for the administration of nusinersen in spinal muscular atrophy (SMA) patients with complex spines.<h4>Methods</h4>Eighteen SMA patients (five children, five adolescents and eight adults) with either severe scoliosis or spondylodesis were evaluated for ultrasound-guided lumbar puncture. Ultras",https://europepmc.org/article/MED/33051940,"(TITLE:""lumbar puncture"") AND (TITLE:ultrasound OR TITLE:ultrasonography OR ABSTRACT:ultrasound)"
difficult_lp_predictors,1,21572316,,10.1097/aln.0b013e31821a8ad4,Ultrasound imaging facilitates spinal anesthesia in adults with difficult surface anatomic landmarks,Chin KJ,Anesthesiology,2011,"Research Support, Non-U.S. Gov't|Randomized Controlled Trial|Journal Article",N,N,,147,<h4>Background</h4>Poor surface anatomic landmarks are highly predictive of technical difficulty in neuraxial blockade. The authors examined the use of ultrasound imaging to reduce this difficulty.<h4>Methods</h4>The authors recruited 120 orthopedic patients with one of the following: body mass index more than 35 kg/m² and poorly palpable spinous processes; moderate to severe lumbar scoliosis; or ,https://europepmc.org/article/MED/21572316,"(TITLE:""lumbar puncture"" OR TITLE:""spinal anaesthesia"" OR TITLE:""spinal anesthesia"") AND (TITLE:difficult OR TITLE:failure OR TITLE:predictors)"
difficult_lp_predictors,2,10781278,,10.1097/00000542-200005000-00022,Predictors of hypothermia during spinal anesthesia,Frank SM,Anesthesiology,2000,"Clinical Trial|Research Support, Non-U.S. Gov't|Journal Article",N,N,,56,"<h4>Background</h4>Body temperature often is ignored during regional anesthesia, despite evidence that hypothermia occurs commonly. Because hypothermia is associated with adverse clinical outcomes, it is important to recognize predictors of hypothermia and to monitor and control body temperature in patients at risk. The current study was designed to determine the predictors of core hypothermia in ",https://europepmc.org/article/MED/10781278,"(TITLE:""lumbar puncture"" OR TITLE:""spinal anaesthesia"" OR TITLE:""spinal anesthesia"") AND (TITLE:difficult OR TITLE:failure OR TITLE:predictors)"
difficult_lp_predictors,3,28302612,PMC7959916,10.3174/ajnr.a5128,Difficult Lumbar Puncture: Pitfalls and Tips from the Trenches,Hudgins PA,AJNR. American journal of neuroradiology,2017,review-article|Review|Journal Article,N,Y,,41,"Lumbar puncture has, for many years, been the responsibility of the internal medicine physician or the neurologist. As more patients have undergone spine surgery and with the current increase in body mass index of the general population, the radiologist has been consulted with increasing frequency to perform lumbar puncture with fluoroscopic guidance. Radiology, in fact, is now the dominant overal",https://europepmc.org/article/MED/28302612,"(TITLE:""lumbar puncture"" OR TITLE:""spinal anaesthesia"" OR TITLE:""spinal anesthesia"") AND (TITLE:difficult OR TITLE:failure OR TITLE:predictors)"
difficult_lp_predictors,4,26001028,PMC4626278,10.1097/aln.0000000000000708,Predictors of Failure of Awake Regional Anesthesia for Neonatal Hernia Repair: Data from the General Anesthesia Compared to Spinal Anesthesia Study--Comparing Apnea and Neurodevelopmental Outcomes,Frawley G,Anesthesiology,2015,"Comparative Study|Research Support, U.S. Gov't, P.H.S.|Research Support, Non-U.S. Gov't|research-article|Multicenter Study|Randomized Controlled Trial|Journal Article|Research Support, N.I.H., Extramural",N,Y,,40,<h4>Background</h4>Awake regional anesthesia (RA) is a viable alternative to general anesthesia (GA) for infants undergoing lower abdominal surgery. Benefits include lower incidence of postoperative apnea and avoidance of anesthetic agents that may increase neuroapoptosis and worsen neurocognitive outcomes. The General Anesthesia compared to Spinal anesthesia study compares neurodevelopmental outc,https://europepmc.org/article/MED/26001028,"(TITLE:""lumbar puncture"" OR TITLE:""spinal anaesthesia"" OR TITLE:""spinal anesthesia"") AND (TITLE:difficult OR TITLE:failure OR TITLE:predictors)"
difficult_lp_predictors,5,30664523,,10.1097/eja.0000000000000956,Pre-operative ultrasonographic evaluation of inferior vena cava collapsibility index and caval aorta index as new predictors for hypotension after induction of spinal anaesthesia: A prospective observational study,Salama ER,European journal of anaesthesiology,2019,Journal Article|Observational Study,N,N,,39,<h4>Background</h4>Hypotension after spinal anaesthesia is a common side effect that may be harmful. Patients' susceptibility to intra-operative hypotension can be affected by many pre-operative factors.<h4>Objectives</h4>The current study aimed to evaluate the efficacy of both pre-operative inferior vena cava collapsibility index (IVCCI) and inferior vena cava to aorta diameter (IVC : Ao) index f,https://europepmc.org/article/MED/30664523,"(TITLE:""lumbar puncture"" OR TITLE:""spinal anaesthesia"" OR TITLE:""spinal anesthesia"") AND (TITLE:difficult OR TITLE:failure OR TITLE:predictors)"
difficult_lp_predictors,7,28094482,,10.23736/s0375-9393.16.11610-4,Real-time ultrasound-guided spinal anesthesia in patients with predicted difficult anatomy,Elsharkawy H,Minerva anestesiologica,2017,Randomized Controlled Trial|Journal Article,N,N,,30,"<h4>Background</h4>There are limited reports of lumbar neuraxial blocks using real-time US in patients with predicted difficulties. We compared the number of attempts to perform spinal anesthesia using real-time US guidance versus landmark technique in patients meeting predefined criteria for difficult spinal anesthesia. We also compared procedure time, block success, patient satisfaction and diff",https://europepmc.org/article/MED/28094482,"(TITLE:""lumbar puncture"" OR TITLE:""spinal anaesthesia"" OR TITLE:""spinal anesthesia"") AND (TITLE:difficult OR TITLE:failure OR TITLE:predictors)"
difficult_lp_predictors,8,21701265,,10.1097/aap.0b013e318217a68e,Spinal anesthesia failure after local anesthetic injection into cerebrospinal fluid: a multicenter prospective analysis of its incidence and related risk factors in 1214 patients,Fuzier R,Regional anesthesia and pain medicine,2011,"Comparative Study|Research Support, Non-U.S. Gov't|Multicenter Study|Journal Article",N,N,,30,"<h4>Background and objectives</h4>Different mechanisms have been proposed to explain spinal anesthesia failure even after LA injection into the subarachnoid space. The aim of this prospective multicenter study was to assess the incidence of spinal anesthesia failure, excluding technical problems, and then to suggest independent factors leading to failure.<h4>Methods</h4>Consecutive spinal anesthet",https://europepmc.org/article/MED/21701265,"(TITLE:""lumbar puncture"" OR TITLE:""spinal anaesthesia"" OR TITLE:""spinal anesthesia"") AND (TITLE:difficult OR TITLE:failure OR TITLE:predictors)"
difficult_lp_predictors,9,16695614,PMC438872,10.1172/jci101962,THE EFFECT OF SPINAL ANESTHESIA ON THE RENAL ISCHEMIA IN CONGESTIVE HEART FAILURE,Mokotoff R,The Journal of clinical investigation,1948,research-article|Journal Article,N,Y,,29,,https://europepmc.org/article/MED/16695614,"(TITLE:""lumbar puncture"" OR TITLE:""spinal anaesthesia"" OR TITLE:""spinal anesthesia"") AND (TITLE:difficult OR TITLE:failure OR TITLE:predictors)"
difficult_lp_predictors,10,7131001,PMC1083170,10.1136/jnnp.45.8.743,Failure of postural manoeuvres to prevent lumbar puncture headache,Hilton-Jones D,"Journal of neurology, neurosurgery, and psychiatry",1982,Clinical Trial|research-article|Randomized Controlled Trial|Journal Article,N,Y,,28,"Diagnostic lumbar puncture was performed on 76 neurological inpatients. They were randomly allocated to one of four bed rest positions for four hours following the procedure (supine and horizontal, prone and horizontal, supine with head-down tilt and prone with head-down tilt) after which they were allowed to get up. There was no substantial or significant difference in the incidence of headache b",https://europepmc.org/article/MED/7131001,"(TITLE:""lumbar puncture"" OR TITLE:""spinal anaesthesia"" OR TITLE:""spinal anesthesia"") AND (TITLE:difficult OR TITLE:failure OR TITLE:predictors)"
difficult_lp_predictors,11,1443490,,10.1111/j.1365-2044.1992.tb03161.x,"Spinal anaesthesia for urological surgery. A survey of failure rate, postdural puncture headache and patient satisfaction",Harrison DA,Anaesthesia,1992,"Research Support, Non-U.S. Gov't|Journal Article",N,N,,25,"A survey was conducted on 100 consecutive patients who underwent spinal anaesthesia in our urology operating theatres. Details of the spinal technique were recorded in the operating theatre. In 25% of patients, more than one attempt at subarachnoid puncture was required and 16% of this group went on to require general anaesthesia. The patients were visited between 24 and 48 h postoperatively by on",https://europepmc.org/article/MED/1443490,"(TITLE:""lumbar puncture"" OR TITLE:""spinal anaesthesia"" OR TITLE:""spinal anesthesia"") AND (TITLE:difficult OR TITLE:failure OR TITLE:predictors)"
difficult_lp_predictors,12,21790522,,10.1111/j.1365-2044.2011.06834.x,Evaluation of pre-procedure ultrasound examination as a screening tool for difficult spinal anaesthesia*,Weed JT,Anaesthesia,2011,Journal Article,N,N,,22,We performed a pre-procedure ultrasound examination of the spine on 60 patients undergoing lower extremity orthopaedic surgery under spinal anaesthesia. We hypothesised that the inability to identify the posterior longitudinal ligament or vertebral body easily with ultrasound would be associated with difficulty placing a spinal anaesthetic. Clinicians blinded to the ultrasound scan performed the i,https://europepmc.org/article/MED/21790522,"(TITLE:""lumbar puncture"" OR TITLE:""spinal anaesthesia"" OR TITLE:""spinal anesthesia"") AND (TITLE:difficult OR TITLE:failure OR TITLE:predictors)"
difficult_lp_predictors,13,10204897,,10.1016/s1098-7339(99)90072-x,The performance of spinal anesthesia is marginally more difficult in the elderly,Tessler MJ,Regional anesthesia and pain medicine,1999,Comparative Study|Journal Article,N,N,,22,"<h4>Background and objectives</h4>We sought to determine if spinal anesthesia is more difficult to perform in the elderly.<h4>Methods</h4>All spinal anesthetics administered over 18 months by 18 anesthesiologists were eligible. We excluded anesthetics for hip fractures and cesarean deliveries. We recorded time to completion, number of spinal needles used, and number of approaches. The patients wer",https://europepmc.org/article/MED/10204897,"(TITLE:""lumbar puncture"" OR TITLE:""spinal anaesthesia"" OR TITLE:""spinal anesthesia"") AND (TITLE:difficult OR TITLE:failure OR TITLE:predictors)"
difficult_lp_predictors,14,17509868,,10.1016/j.ijoa.2006.12.005,Complete failure of spinal anaesthesia in obstetrics,Hoppe J,International journal of obstetric anesthesia,2007,Journal Article|Case Reports,N,N,,21,"Intrathecal anaesthesia, either as a single shot-spinal or as part of a combined spinal-epidural technique, is now widely accepted as the management of choice for caesarean section. It generally produces rapid and predictable anaesthesia, yet occasionally fails for no apparent reason. Four case reports of seemingly inexplicable complete failure of intrathecal anaesthesia are presented, together wi",https://europepmc.org/article/MED/17509868,"(TITLE:""lumbar puncture"" OR TITLE:""spinal anaesthesia"" OR TITLE:""spinal anesthesia"") AND (TITLE:difficult OR TITLE:failure OR TITLE:predictors)"
difficult_lp_predictors,15,8460801,,10.1111/j.1365-2044.1993.tb06907.x,Continuous spinal anaesthesia in acute respiratory failure,Grace D,Anaesthesia,1993,Journal Article|Case Reports,N,N,,19,"A patient with an obstructed femoral hernia and intercurrent respiratory failure was successfully anaesthetised with a continuous spinal technique. The technique provided excellent intra-operative anaesthesia and early postoperative analgesia, whilst avoiding further respiratory compromise. Disconnection of the catheter hub from the catheter prevented prolonged provision of postoperative analgesia",https://europepmc.org/article/MED/8460801,"(TITLE:""lumbar puncture"" OR TITLE:""spinal anaesthesia"" OR TITLE:""spinal anesthesia"") AND (TITLE:difficult OR TITLE:failure OR TITLE:predictors)"
difficult_lp_predictors,16,37014966,,10.1213/ane.0000000000006459,"The Incidence and Predictors of Failed Spinal Anesthesia After Intrathecal Injection of Local Anesthetic for Cesarean Delivery: A Single-Center, 9-Year Retrospective Review",Jin SY,Anesthesia and analgesia,2024,Journal Article,N,N,,17,"<h4>Background</h4>The incidence of failed spinal anesthesia varies widely in the obstetric literature. Although many risk factors have been suggested, their relative predictive value is unknown. The primary objective of this retrospective cohort study was to determine the incidence of failed spinal anesthesia for cesarean deliveries at a tertiary care obstetric hospital, and its secondary objecti",https://europepmc.org/article/MED/37014966,"(TITLE:""lumbar puncture"" OR TITLE:""spinal anaesthesia"" OR TITLE:""spinal anesthesia"") AND (TITLE:difficult OR TITLE:failure OR TITLE:predictors)"
difficult_lp_predictors,17,27020240,,10.1016/j.ijoa.2016.01.007,The impact of gestational age and fetal weight on the risk of failure of spinal anesthesia for cesarean delivery,Adesope OA,International journal of obstetric anesthesia,2016,Journal Article,N,N,,16,<h4>Background</h4>There are limited data about spinal dosing for cesarean delivery in preterm parturients. We investigated the hypothesis that preterm gestation is associated with an increased incidence of inadequate spinal anesthesia for cesarean delivery compared with term gestation.<h4>Methods</h4>We searched our perioperative database for women who underwent cesarean delivery under spinal or ,https://europepmc.org/article/MED/27020240,"(TITLE:""lumbar puncture"" OR TITLE:""spinal anaesthesia"" OR TITLE:""spinal anesthesia"") AND (TITLE:difficult OR TITLE:failure OR TITLE:predictors)"
difficult_lp_predictors,18,28331936,,10.1007/s00247-017-3794-0,Ultrasound guidance for difficult lumbar puncture in children: pearls and pitfalls,Muthusami P,Pediatric radiology,2017,Review|Journal Article,N,N,,15,"Pediatric lumbar puncture can be challenging or unsuccessful for several reasons. At the same time, the excellent sonographic window into the pediatric spine provides a distinct opportunity for ultrasound-guided lumbar puncture. Minimal cerebrospinal fluid and thecal displacement by subdural or epidural hematomas are common after failed clinical attempts. Ultrasound is useful for determining a saf",https://europepmc.org/article/MED/28331936,"(TITLE:""lumbar puncture"" OR TITLE:""spinal anaesthesia"" OR TITLE:""spinal anesthesia"") AND (TITLE:difficult OR TITLE:failure OR TITLE:predictors)"
difficult_lp_predictors,19,22506571,,10.1111/j.1365-2044.2012.07115.x,Clinical predictors of apnoea-hypopnoea during propofol sedation in patients undergoing spinal anaesthesia,Kim GH,Anaesthesia,2012,Evaluation Study|Journal Article,N,N,,14,"This study assessed the relationship between the occurrence of apnoea-hypopnoea during propofol sedation for spinal anaesthesia and two different predictive tests of sleep apnoea: the STOP-Bang score (snoring while sleeping, daytime tiredness, observed breathing stoppages, high blood pressure-body mass index, age, neck circumference, gender); and the obstructive sleep apnoea (OSA) score. Thirty-fo",https://europepmc.org/article/MED/22506571,"(TITLE:""lumbar puncture"" OR TITLE:""spinal anaesthesia"" OR TITLE:""spinal anesthesia"") AND (TITLE:difficult OR TITLE:failure OR TITLE:predictors)"
difficult_lp_predictors,20,33325214,,10.23736/s0375-9393.20.14892-2,Predicting difficult spinal anesthesia: development of a neuraxial block assessment score,Del Buono R,Minerva anestesiologica,2021,Journal Article|Observational Study,N,N,,13,"<h4>Background</h4>Spinal anesthesia is a commonly performed procedure with unpredictable difficulty. The objective of this study was to predict a difficult lumbar spinal anesthesia with clinical elements that are easy to collect.<h4>Methods</h4>A questionnaire-based, observational study named NBA, conducted from February 2018 to June 2018. The questions regarded clinical elements and the eventual",https://europepmc.org/article/MED/33325214,"(TITLE:""lumbar puncture"" OR TITLE:""spinal anaesthesia"" OR TITLE:""spinal anesthesia"") AND (TITLE:difficult OR TITLE:failure OR TITLE:predictors)"
difficult_lp_predictors,21,22112917,,10.1016/j.ijoa.2011.06.012,Failed epidural top-up for cesarean delivery for failure to progress in labor: the case against single-shot spinal anesthesia,Carvalho B.,International journal of obstetric anesthesia,2012,Review|Journal Article,N,N,,13,,https://europepmc.org/article/MED/22112917,"(TITLE:""lumbar puncture"" OR TITLE:""spinal anaesthesia"" OR TITLE:""spinal anesthesia"") AND (TITLE:difficult OR TITLE:failure OR TITLE:predictors)"
difficult_lp_predictors,22,16953949,,10.1017/s0265021506251378,Total spinal anaesthesia following epidural test dose in an ankylosing spondylitic patient with anticipated difficult airway undergoing total hip replacement,Batra YK,European journal of anaesthesiology,2006,Letter|Case Reports,N,N,,11,,https://europepmc.org/article/MED/16953949,"(TITLE:""lumbar puncture"" OR TITLE:""spinal anaesthesia"" OR TITLE:""spinal anesthesia"") AND (TITLE:difficult OR TITLE:failure OR TITLE:predictors)"
difficult_lp_predictors,23,5051611,,10.1097/00000542-197209000-00012,Failure of spinal anesthesia due to subdural catheter placement,Cohen CA,Anesthesiology,1972,Journal Article,N,N,,10,,https://europepmc.org/article/MED/5051611,"(TITLE:""lumbar puncture"" OR TITLE:""spinal anaesthesia"" OR TITLE:""spinal anesthesia"") AND (TITLE:difficult OR TITLE:failure OR TITLE:predictors)"
difficult_lp_predictors,24,31268266,,10.5114/ait.2019.86166,Impact of spinal needle design and approach to postdural puncture headache and spinal anesthesia failure in obstetrics,Batova R,Anaesthesiology intensive therapy,2019,"Comparative Study|Research Support, Non-U.S. Gov't|Randomized Controlled Trial|Journal Article",N,N,,10,"<h4>Background</h4>Concern has been raised that Sprotte needles predispose to spinal anes-thesia failure. Nevertheless, these needles are associated with a low incidence of postdural puncture headache. The impact of the paramedian approach to postdural puncture headache remains controversial. The objective of this prospective randomized study was to compare Sprotte, Quincke and Atraucan needles as",https://europepmc.org/article/MED/31268266,"(TITLE:""lumbar puncture"" OR TITLE:""spinal anaesthesia"" OR TITLE:""spinal anesthesia"") AND (TITLE:difficult OR TITLE:failure OR TITLE:predictors)"
difficult_lp_predictors,25,2486597,,,Paraplegia following spinal anesthesia in a patient with chronic renal failure,Grejda S,Regional anesthesia,1989,Journal Article|Case Reports,N,N,,9,"Paraplegia after spinal anesthesia secondary to hematoma formation has been described. Many such reports have involved patients with a variety of coagulation disorders. This article describes a patient with clotting abnormalities, apparently due to chronic renal failure, who developed paraplegia after spinal anesthesia secondary to subarachnoid hematoma formation.",https://europepmc.org/article/MED/2486597,"(TITLE:""lumbar puncture"" OR TITLE:""spinal anaesthesia"" OR TITLE:""spinal anesthesia"") AND (TITLE:difficult OR TITLE:failure OR TITLE:predictors)"
ultrasound_assisted_neuraxial,1,27939192,,10.1053/j.jvca.2016.08.023,Ultrasound-Guided Serratus Anterior Plane Block Versus Thoracic Epidural Analgesia for Thoracotomy Pain,Khalil AE,Journal of cardiothoracic and vascular anesthesia,2017,Comparative Study|Randomized Controlled Trial|Journal Article,N,N,,174,"<h4>Objective</h4>Thoracotomy is one of the most painful surgical procedures. The aim of this study was to assess the efficacy and safety of ultrasound-guided serratus anterior plane block (SAPB) compared with thoracic epidural analgesia (TEA) for controlling acute thoracotomy pain.<h4>Design</h4>A prospective, randomized, observer-blinded, controlled study.<h4>Setting</h4>The study was performed ",https://europepmc.org/article/MED/27939192,"(TITLE:neuraxial OR TITLE:epidural OR TITLE:""spinal anesthesia"" OR TITLE:""spinal anaesthesia"") AND TITLE:ultrasound"
ultrasound_assisted_neuraxial,2,12031746,,10.1016/s0952-8180(01)00378-6,Efficacy of ultrasound imaging in obstetric epidural anesthesia,Grau T,Journal of clinical anesthesia,2002,Clinical Trial|Randomized Controlled Trial|Journal Article,N,N,,168,"<h4>Study objective</h4>To assess the clinical use of ultrasonographic localization of the epidural space, and to evaluate the clinical efficacy of ultrasound diagnostics in obstetric anesthesia.<h4>Design</h4>Randomized prospective study.<h4>Setting</h4>University Clinic of Obstetrics and Gynecology.<h4>Patients</h4>300 parturients, 85 of whom had conventional delivery and 65 who underwent cesare",https://europepmc.org/article/MED/12031746,"(TITLE:neuraxial OR TITLE:epidural OR TITLE:""spinal anesthesia"" OR TITLE:""spinal anaesthesia"") AND TITLE:ultrasound"
ultrasound_assisted_neuraxial,3,25493689,,10.1097/aap.0000000000000184,Lumbar Neuraxial Ultrasound for Spinal and Epidural Anesthesia: A Systematic Review and Meta-Analysis,Perlas A,Regional anesthesia and pain medicine,2016,"Meta-Analysis|Research Support, Non-U.S. Gov't|Systematic Review|Journal Article",N,N,,150,"<h4>Background</h4>This systematic review examines the evidence for preprocedural neuraxial ultrasound as an adjunct to lumbar spinal and epidural anesthesia in adults.<h4>Methods</h4>We searched MEDLINE, EMBASE, and Cochrane Central Register of Controlled Trials databases from inception to June 30, 2014, for randomized controlled trials (RCTs) and cohort studies that reported data answering one o",https://europepmc.org/article/MED/25493689,"(TITLE:neuraxial OR TITLE:epidural OR TITLE:""spinal anesthesia"" OR TITLE:""spinal anaesthesia"") AND TITLE:ultrasound"
ultrasound_assisted_neuraxial,5,23532866,,10.1136/bmj.f1720,Ultrasound imaging for lumbar punctures and epidural catheterisations: systematic review and meta-analysis,Shaikh F,BMJ (Clinical research ed.),2013,"Meta-Analysis|Research Support, Non-U.S. Gov't|Systematic Review|Journal Article",N,N,,141,"<h4>Objective</h4>To determine whether ultrasound imaging can reduce the risk of failed lumbar punctures or epidural catheterisations, when compared with standard palpation methods, and whether ultrasound imaging can reduce traumatic procedures, insertion attempts, and needle redirections.<h4>Design</h4>Systematic review and meta-analysis of randomised controlled trials.<h4>Data sources</h4>Ovid M",https://europepmc.org/article/MED/23532866,"(TITLE:neuraxial OR TITLE:epidural OR TITLE:""spinal anesthesia"" OR TITLE:""spinal anaesthesia"") AND TITLE:ultrasound"
ultrasound_assisted_neuraxial,6,19398454,,10.1093/bja/aep079,Real-time ultrasound-guided paramedian epidural access: evaluation of a novel in-plane technique,Karmakar MK,British journal of anaesthesia,2009,"Research Support, Non-U.S. Gov't|Evaluation Study|Journal Article",N,N,,141,<h4>Background</h4>Current methods of locating the epidural space rely on surface anatomical landmarks and loss-of-resistance (LOR). We are not aware of any data describing real-time ultrasound (US)-guided epidural access in adults.<h4>Methods</h4>We evaluated the feasibility of performing real-time US-guided paramedian epidural access with the epidural needle inserted in the plane of the US beam ,https://europepmc.org/article/MED/19398454,"(TITLE:neuraxial OR TITLE:epidural OR TITLE:""spinal anesthesia"" OR TITLE:""spinal anaesthesia"") AND TITLE:ultrasound"
ultrasound_assisted_neuraxial,7,11421838,,10.1034/j.1399-6576.2001.045006766.x,Ultrasound control for presumed difficult epidural puncture,Grau T,Acta anaesthesiologica Scandinavica,2001,Clinical Trial|Randomized Controlled Trial|Journal Article,N,N,,124,<h4>Background</h4>The efficacy of epidural anaesthesia depends on the accurate identification of the epidural space (ES). Abnormal anatomical conditions may make the procedure difficult or impossible. The aim of this study was to investigate whether pre-puncture ultrasound examination of the spinal anatomy might be beneficial in expected cases of difficult epidural anaesthesia.<h4>Methods</h4>We ,https://europepmc.org/article/MED/11421838,"(TITLE:neuraxial OR TITLE:epidural OR TITLE:""spinal anesthesia"" OR TITLE:""spinal anaesthesia"") AND TITLE:ultrasound"
ultrasound_assisted_neuraxial,8,19448216,,10.1213/ane.0b013e3181a323f6,Ultrasound imaging of the lumbar spine in the transverse plane: the correlation between estimated and actual depth to the epidural space in obese parturients,Balki M,Anesthesia and analgesia,2009,"Research Support, Non-U.S. Gov't|Journal Article",N,N,,109,"<h4>Background</h4>Prepuncture lumbar ultrasound scanning is a reliable tool to facilitate labor epidural needle placement in nonobese parturients. In this study, we assessed prepuncture lumbar ultrasound scanning as a tool for estimating the depth to the epidural space and determining the optimal insertion point in obese parturients.<h4>Methods</h4>We studied 46 obese parturients, with prepregnan",https://europepmc.org/article/MED/19448216,"(TITLE:neuraxial OR TITLE:epidural OR TITLE:""spinal anesthesia"" OR TITLE:""spinal anaesthesia"") AND TITLE:ultrasound"
ultrasound_assisted_neuraxial,9,14656785,,10.1007/bf03018371,Ultrasound imaging improves learning curves in obstetric epidural anesthesia: a preliminary study,Grau T,Canadian journal of anaesthesia = Journal canadien d'anesthesie,2003,"Clinical Trial|Research Support, Non-U.S. Gov't|Randomized Controlled Trial|Journal Article",N,N,,106,<h4>Purpose</h4>Epidural anesthesia may be difficult in pregnancy. We intended to evaluate the teaching possibilities of ultrasonography as a diagnostic approach to the epidural region.<h4>Methods</h4>Two groups of residents performed their first 60 obstetric epidurals under supervision. One proceeded in the conventional way using the loss of resistance technique (control group = CG). The other gr,https://europepmc.org/article/MED/14656785,"(TITLE:neuraxial OR TITLE:epidural OR TITLE:""spinal anesthesia"" OR TITLE:""spinal anaesthesia"") AND TITLE:ultrasound"
ultrasound_assisted_neuraxial,10,15220789,,10.1097/00000542-200407000-00028,Ultrasound guidance in caudal epidural needle placement,Chen CP,Anesthesiology,2004,"Clinical Trial|Research Support, Non-U.S. Gov't|Journal Article",N,N,,96,"<h4>Background</h4>This study was conducted to investigate the feasibility of using ultrasound as an image tool to locate the sacral hiatus accurately for caudal epidural injections.<h4>Methods</h4>Between August 2002 and July 2003, 70 patients (39 male and 31 female patients) with low back pain and sciatica were studied. Soft tissue ultrasonography was performed to locate the sacral hiatus. A 21-",https://europepmc.org/article/MED/15220789,"(TITLE:neuraxial OR TITLE:epidural OR TITLE:""spinal anesthesia"" OR TITLE:""spinal anaesthesia"") AND TITLE:ultrasound"
ultrasound_assisted_neuraxial,11,11377160,,10.1016/s0952-8180(01)00245-8,Paramedian access to the epidural space: the optimum window for ultrasound imaging,Grau T,Journal of clinical anesthesia,2001,Clinical Trial|Journal Article,N,N,,93,"<h4>Study objective</h4>To establish a useful ultrasonic approach to the epidural space so as to optimize pre-puncture diagnostics.<h4>Design</h4>Prospective study.<h4>Setting</h4>University clinic.<h4>Patients</h4>60 participants (19 to 34 years of age), 40 healthy volunteers (20 male, 20 female) and 20 parturients.<h4>Interventions</h4>Ultrasound scanning of the lumbar spine was performed at the",https://europepmc.org/article/MED/11377160,"(TITLE:neuraxial OR TITLE:epidural OR TITLE:""spinal anesthesia"" OR TITLE:""spinal anaesthesia"") AND TITLE:ultrasound"
ultrasound_assisted_neuraxial,12,16720672,,10.1093/bja/ael121,Epidural catheter placement in children: comparing a novel approach using ultrasound guidance and a standard loss-of-resistance technique,Willschke H,British journal of anaesthesia,2006,Comparative Study|Randomized Controlled Trial|Journal Article,N,N,,92,"<h4>Background</h4>We report a prospective, randomized study to evaluate ultrasound guidance for epidural catheter placement in children 0-6 yr of age.<h4>Methods</h4>Epidural catheters were placed at lumbar or thoracic cord levels in 64 children undergoing major surgery, using either ultrasonography or loss-of-resistance (LOR) for guidance. Using a 5-10 MHz linear ultrasound probe, the neuraxial ",https://europepmc.org/article/MED/16720672,"(TITLE:neuraxial OR TITLE:epidural OR TITLE:""spinal anesthesia"" OR TITLE:""spinal anaesthesia"") AND TITLE:ultrasound"
ultrasound_assisted_neuraxial,13,20696564,,10.1016/j.ijoa.2010.04.002,Ultrasound decreases the failed labor epidural rate in resident trainees,Vallejo MC,International journal of obstetric anesthesia,2010,Randomized Controlled Trial|Journal Article,N,N,,77,<h4>Background</h4>Epidural analgesia is widely used for pain relief during labor. The purpose of this study was to determine if ultrasound measurement of the depth from skin to epidural space before the epidural technique decreases the failure rate of labor analgesia. A secondary objective was to correlate ultrasound depth to the epidural space with actual depth of the needle at placement.<h4>Met,https://europepmc.org/article/MED/20696564,"(TITLE:neuraxial OR TITLE:epidural OR TITLE:""spinal anesthesia"" OR TITLE:""spinal anaesthesia"") AND TITLE:ultrasound"
ultrasound_assisted_neuraxial,14,24141882,,10.1007/s00540-013-1726-1,A randomized controlled trial of preinsertion ultrasound guidance for spinal anaesthesia in pregnancy: outcomes among obese and lean parturients: ultrasound for spinal anesthesia in pregnancy,Sahin T,Journal of anesthesia,2014,Randomized Controlled Trial|Journal Article,N,N,,67,"<h4>Purpose</h4>The present study was conducted to examine if preinsertion lumbar ultrasound scanning helps with performance of spinal puncture, as a tool for decreasing the number of puncture attempts and spinal procedure time and increasing the success rate. We hypothesized that ultrasound can facilitate neuraxial blockade, particularly in pregnant women with difficult topographic anatomy.<h4>Me",https://europepmc.org/article/MED/24141882,"(TITLE:neuraxial OR TITLE:epidural OR TITLE:""spinal anesthesia"" OR TITLE:""spinal anaesthesia"") AND TITLE:ultrasound"
ultrasound_assisted_neuraxial,15,16037140,,10.1213/01.ane.0000156579.11254.d1,Ultrasound-guided epidural catheter insertion in children,Rapp HJ,Anesthesia and analgesia,2005,Journal Article,N,N,,67,<h4>Unlabelled</h4>Epidural catheters (EC) are often used in pediatric patients for intraoperative and postoperative pain relief. The small anatomical structures and catheter insertion under general anesthesia make it more difficult to perform EC and to prevent damage. In this study we investigated the use of ultrasound (US) in detecting neuraxial structures during insertion and placement of EC in,https://europepmc.org/article/MED/16037140,"(TITLE:neuraxial OR TITLE:epidural OR TITLE:""spinal anesthesia"" OR TITLE:""spinal anaesthesia"") AND TITLE:ultrasound"
ultrasound_assisted_neuraxial,16,26865133,,10.1093/bja/aev550,"Comparison of tissue distribution, phrenic nerve involvement, and epidural spread in standard- vs low-volume ultrasound-guided interscalene plexus block using contrast magnetic resonance imaging: a randomized, controlled trial",Stundner O,British journal of anaesthesia,2016,"Comparative Study|Research Support, Non-U.S. Gov't|Randomized Controlled Trial|Journal Article",N,N,,66,"<h4>Background</h4>Ultrasound guidance allows for the use of much lower volumes of local anaesthetics for nerve blocks, which may be associated with less aberrant spread and fewer complications. This randomized, controlled study used contrast magnetic resonance imaging to view the differential-volume local anaesthetic distribution, and compared analgesic efficacy and respiratory impairment.<h4>Met",https://europepmc.org/article/MED/26865133,"(TITLE:neuraxial OR TITLE:epidural OR TITLE:""spinal anesthesia"" OR TITLE:""spinal anaesthesia"") AND TITLE:ultrasound"
ultrasound_assisted_neuraxial,17,20196236,,10.1007/s12630-009-9252-1,Single-operator real-time ultrasound-guidance to aim and insert  a lumbar epidural needle,Tran D,Canadian journal of anaesthesia = Journal canadien d'anesthesie,2010,"Research Support, Non-U.S. Gov't|Journal Article",N,N,,59,"<h4>Purpose</h4>In conventional practice of epidural needle placement, determining the interspinous level and choosing the puncture site are based on palpation of anatomical landmarks, which can be difficult with some subjects. Thereafter, the correct passage of the needle towards the epidural space is a blind ""feel as you go"" method. An aim-and-insert single-operator ultrasound-guided epidural ne",https://europepmc.org/article/MED/20196236,"(TITLE:neuraxial OR TITLE:epidural OR TITLE:""spinal anesthesia"" OR TITLE:""spinal anaesthesia"") AND TITLE:ultrasound"
ultrasound_assisted_neuraxial,18,26270115,,10.1213/ane.0000000000000911,Conventional Landmark-Guided Midline Versus Preprocedure Ultrasound-Guided Paramedian Techniques in Spinal Anesthesia,Kallidaikurichi Srinivasan K,Anesthesia and analgesia,2015,"Comparative Study|Research Support, Non-U.S. Gov't|Randomized Controlled Trial|Journal Article",N,N,,58,"<h4>Background</h4>Multiple passes and attempts while administering spinal anesthesia are associated with a greater incidence of postdural puncture headache, paraesthesia, and spinal hematoma. We hypothesized that the routine use of a preprocedural ultrasound-guided paramedian technique for spinal anesthesia would reduce the number of passes required to achieve entry into the subarachnoid space wh",https://europepmc.org/article/MED/26270115,"(TITLE:neuraxial OR TITLE:epidural OR TITLE:""spinal anesthesia"" OR TITLE:""spinal anaesthesia"") AND TITLE:ultrasound"
ultrasound_assisted_neuraxial,19,25398399,,10.1007/s00540-014-1947-y,Ultrasound-guided continuous thoracic paravertebral block provides comparable analgesia and fewer episodes of hypotension than continuous epidural block after lung surgery,Okajima H,Journal of anesthesia,2015,Comparative Study|Randomized Controlled Trial|Journal Article,N,N,,57,"<h4>Purpose</h4>Both paravertebral block (PVB) and thoracic epidural block (TEB) are recommended for postoperative pain relief after lung surgery. The addition of fentanyl to the anesthetic solution became popular for TEB because of the stronger effects; however, there have been few comparable trials about the addition of fentanyl to PVB. The purpose of this study was thus to compare postoperative",https://europepmc.org/article/MED/25398399,"(TITLE:neuraxial OR TITLE:epidural OR TITLE:""spinal anesthesia"" OR TITLE:""spinal anaesthesia"") AND TITLE:ultrasound"
ultrasound_assisted_neuraxial,20,11172514,,10.1053/rapm.2001.19633,Ultrasound imaging facilitates localization of the epidural space during combined spinal and epidural anesthesia,Grau T,Regional anesthesia and pain medicine,2001,Clinical Trial|Randomized Controlled Trial|Journal Article,N,N,,53,,https://europepmc.org/article/MED/11172514,"(TITLE:neuraxial OR TITLE:epidural OR TITLE:""spinal anesthesia"" OR TITLE:""spinal anaesthesia"") AND TITLE:ultrasound"
ultrasound_assisted_neuraxial,21,23636087,,10.1097/phm.0b013e318292356b,"Ultrasound-guided vs. fluoroscopy-guided caudal epidural steroid injection for the treatment of unilateral lower lumbar radicular pain: a prospective, randomized, single-blind clinical study",Park Y,American journal of physical medicine & rehabilitation,2013,"Comparative Study|Research Support, Non-U.S. Gov't|Randomized Controlled Trial|Journal Article",N,N,,49,<h4>Objective</h4>The aim of this study was to compare the short-term effects and advantages of ultrasound-guided caudal epidural steroid injections with fluoroscopy-guided epidural steroid injections for unilateral radicular pain in the lower lumbar spine.<h4>Design</h4>A total of 120 patients with unilateral radicular pain were enrolled and randomly assigned to either the fluoroscopy or the ultr,https://europepmc.org/article/MED/23636087,"(TITLE:neuraxial OR TITLE:epidural OR TITLE:""spinal anesthesia"" OR TITLE:""spinal anaesthesia"") AND TITLE:ultrasound"
ultrasound_assisted_neuraxial,22,20179511,,10.1097/aln.0b013e3181c5e03a,"Ultrasound imaging for regional anesthesia in infants, children, and adolescents: a review of current literature and its application in the practice of neuraxial blocks",Tsui BC,Anesthesiology,2010,"Research Support, Non-U.S. Gov't|Review|Journal Article",N,N,,49,"Complementary to a previous publication related to pediatric extremity and trunk blockade, the authors present a comprehensive narrative review of the literature pertaining to techniques described and outcomes evaluated for ultrasound imaging in pediatric neuraxial anesthesia. The sonoanatomy related to each block is also described and illustrated to serve as a foundation for better understanding ",https://europepmc.org/article/MED/20179511,"(TITLE:neuraxial OR TITLE:epidural OR TITLE:""spinal anesthesia"" OR TITLE:""spinal anaesthesia"") AND TITLE:ultrasound"
ultrasound_assisted_neuraxial,23,27183373,,10.1213/ane.0000000000001325,Does Preprocedural Ultrasound Increase the First-Pass Success Rate of Epidural Catheterization Before Cesarean Delivery? A Randomized Controlled Trial,Tawfik MM,Anesthesia and analgesia,2017,"Research Support, Non-U.S. Gov't|Randomized Controlled Trial|Journal Article",N,N,,47,"<h4>Background</h4>Preprocedural ultrasound may improve the efficacy and safety of epidural catheterization, especially in difficult cases. Most studies of ultrasound-assisted epidural catheterization in the obstetric population are dated and nonblinded with inconsistent designs. This double-blind, randomized controlled study aimed to compare the ultrasound-assisted with the conventional palpation",https://europepmc.org/article/MED/27183373,"(TITLE:neuraxial OR TITLE:epidural OR TITLE:""spinal anesthesia"" OR TITLE:""spinal anaesthesia"") AND TITLE:ultrasound"
ultrasound_assisted_neuraxial,24,24768303,,10.1016/j.ijoa.2014.03.001,Ultrasound-guided spinal anaesthesia in obstetrics: is there an advantage over the landmark technique in patients with easily palpable spines?,Ansari T,International journal of obstetric anesthesia,2014,"Comparative Study|Research Support, Non-U.S. Gov't|Randomized Controlled Trial|Journal Article",N,N,,47,"<h4>Background</h4>Data are scarce on the advantage of ultrasound-guided spinal anaesthesia in patients with easily identifiable bony landmarks. In this study, we compared the use of ultrasound to the landmark method in patients with no anticipated technical difficulty, presenting for caesarean delivery under spinal anaesthesia.<h4>Methods</h4>A total of 150 pregnant women were recruited in this r",https://europepmc.org/article/MED/24768303,"(TITLE:neuraxial OR TITLE:epidural OR TITLE:""spinal anesthesia"" OR TITLE:""spinal anaesthesia"") AND TITLE:ultrasound"
ultrasound_assisted_neuraxial,25,19548051,,10.1007/s12630-009-9132-8,An ultrasound-assisted approach facilitates spinal anesthesia for total joint arthroplasty,Chin KJ,Canadian journal of anaesthesia = Journal canadien d'anesthesie,2009,Journal Article,N,N,,46,<h4>Purpose</h4>Spinal anesthesia can be challenging in patients undergoing total joint arthroplasty because of poorly palpable surface landmarks and age-related changes in the lumbar spine. We hypothesized that pre-procedural ultrasound imaging would be effective in identifying the lumbar intervertebral spaces and would provide an accurate measure of the depth to the intrathecal space.<h4>Methods,https://europepmc.org/article/MED/19548051,"(TITLE:neuraxial OR TITLE:epidural OR TITLE:""spinal anesthesia"" OR TITLE:""spinal anaesthesia"") AND TITLE:ultrasound"
neuraxial_us_rct_meta,8,30853517,,10.1016/j.wneu.2019.02.149,Postoperative Analgesic Efficacy of the Ultrasound-Guided Erector Spinae Plane Block in Patients Undergoing Lumbar Spinal Decompression Surgery: A Randomized Controlled Study,Yayik AM,World neurosurgery,2019,Randomized Controlled Trial|Journal Article,N,N,,103,"<h4>Background</h4>Spinal surgery is a procedure that causes intense and severe pain in the postoperative period. Erector spinae plane (ESP) block can target the dorsal-ventral rami of thoracolumbar nerves, but its effect on lumbar surgery is unclear. The aim of this study was to investigate the effect of the ESP block on postoperative opioid consumption and pain scores in patients undergoing spin",https://europepmc.org/article/MED/30853517,"((TITLE:ultrasound) AND (TITLE:epidural OR TITLE:spinal OR TITLE:neuraxial)) AND (PUB_TYPE:""Randomized Controlled Trial"" OR PUB_TYPE:""Meta-Analysis"" OR PUB_TYPE:""Systematic Review"")"
neuraxial_us_rct_meta,10,8066108,,10.1093/ptj/74.9.812,Comparison of ultrasound/ultraviolet-C and laser for treatment of pressure ulcers in patients with spinal cord injury,Nussbaum EL,Physical therapy,1994,"Comparative Study|Clinical Trial|Research Support, Non-U.S. Gov't|Randomized Controlled Trial|Journal Article",N,N,,77,<h4>Background and purpose</h4>The purpose of this study was to compare in patients with spinal cord injury the effect on wound healing of nursing care alone with the effect on wound healing of nursing care combined with either laser treatment or a regimen of ultrasound and ultraviolet-C (US/UVC).<h4>Subjects</h4>Twenty patients (22 wounds) were randomly assigned to the treatment groups.<h4>Method,https://europepmc.org/article/MED/8066108,"((TITLE:ultrasound) AND (TITLE:epidural OR TITLE:spinal OR TITLE:neuraxial)) AND (PUB_TYPE:""Randomized Controlled Trial"" OR PUB_TYPE:""Meta-Analysis"" OR PUB_TYPE:""Systematic Review"")"
neuraxial_us_rct_meta,14,33096517,,10.1016/j.jclinane.2020.110090,Bilateral ultrasound-guided erector spinae plane block in patients undergoing lumbar spinal fusion: A randomized controlled trial,Zhang Q,Journal of clinical anesthesia,2021,Randomized Controlled Trial|Journal Article,N,N,,65,"<h4>Study objective</h4>Spinal fusion surgery is associated with severe postoperative pain. We examined whether bilateral ultrasound-guided erector spinae plane block could alleviate postoperative pain in patients undergoing lumbar spinal fusion.<h4>Design</h4>Blinded, randomized, controlled study.<h4>Setting</h4>Tertiary university hospital, operating room, postoperative recovery room and ward.<h",https://europepmc.org/article/MED/33096517,"((TITLE:ultrasound) AND (TITLE:epidural OR TITLE:spinal OR TITLE:neuraxial)) AND (PUB_TYPE:""Randomized Controlled Trial"" OR PUB_TYPE:""Meta-Analysis"" OR PUB_TYPE:""Systematic Review"")"
neuraxial_us_rct_meta,19,20530650,,10.1177/0269215510367539,Efficacy of exercise and ultrasound in patients with lumbar spinal stenosis: a prospective randomized controlled trial,Goren A,Clinical rehabilitation,2010,Randomized Controlled Trial|Journal Article,N,N,,49,"<h4>Objective</h4>To assess the effectiveness of therapeutic exercises alone and in combination with a single physical agent - ultrasound - in patients with lumbar spinal stenosis.<h4>Design</h4>Randomized, prospective, controlled trial.<h4>Setting</h4>Department of Physical Medicine and Rehabilitation, University Hospital.<h4>Subjects</h4>Forty-five patients presenting with symptoms of neurologic",https://europepmc.org/article/MED/20530650,"((TITLE:ultrasound) AND (TITLE:epidural OR TITLE:spinal OR TITLE:neuraxial)) AND (PUB_TYPE:""Randomized Controlled Trial"" OR PUB_TYPE:""Meta-Analysis"" OR PUB_TYPE:""Systematic Review"")"
neuraxial_us_rct_meta,22,31880632,,10.1213/ane.0000000000004600,Ultrasound-Assisted Versus Landmark-Guided Spinal Anesthesia in Patients With Abnormal Spinal Anatomy: A Randomized Controlled Trial,Park SK,Anesthesia and analgesia,2020,Comparative Study|Randomized Controlled Trial|Journal Article,N,N,,45,"<h4>Background</h4>Spinal anesthesia using a surface landmark-guided technique can be challenging in patients with anatomical alterations of the lumbar spine; however, it is unclear whether using ultrasonography can decrease the technical difficulties in these populations. We assessed whether an ultrasound-assisted technique could reduce the number of needle passes required for block success compa",https://europepmc.org/article/MED/31880632,"((TITLE:ultrasound) AND (TITLE:epidural OR TITLE:spinal OR TITLE:neuraxial)) AND (PUB_TYPE:""Randomized Controlled Trial"" OR PUB_TYPE:""Meta-Analysis"" OR PUB_TYPE:""Systematic Review"")"
neuraxial_us_rct_meta,23,11704494,,10.1016/s8756-3282(01)00599-3,Efficacy of low-intensity pulsed ultrasound in the prevention of osteoporosis following spinal cord injury,Warden SJ,Bone,2001,"Clinical Trial|Research Support, Non-U.S. Gov't|Randomized Controlled Trial|Journal Article",N,N,,45,"Ultrasound (US), a high-frequency acoustic energy traveling in the form of a mechanical wave, represents a potential site-specific intervention for osteoporosis. Bone is a dynamic tissue that remodels in response to applied mechanical stimuli. As a form of mechanical stimulation, US is anticipated to produce a similar remodeling response. This theory is supported by growing in vitro and in vivo ev",https://europepmc.org/article/MED/11704494,"((TITLE:ultrasound) AND (TITLE:epidural OR TITLE:spinal OR TITLE:neuraxial)) AND (PUB_TYPE:""Randomized Controlled Trial"" OR PUB_TYPE:""Meta-Analysis"" OR PUB_TYPE:""Systematic Review"")"
neuraxial_us_rct_meta,24,31648515,PMC7018333,10.3906/sag-1812-59,"Comparison of ultrasound-guided transversus abdominis plane block, quadratus lumborum block, and caudal epidural block for perioperative analgesia in pediatric lower abdominal surgery",İpek CB,Turkish journal of medical sciences,2019,Comparative Study|research-article|Randomized Controlled Trial|Journal Article,Y,Y,cc by,44,"<h4>Background/aim</h4>Despite different regional anesthesia techniques used to provide intraoperative and postoperative analgesia in pediatric patients, the analgesic effectiveness of peripheral nerve blockades with minimal side effect profiles have not yet been fully determined. We aimed to compare the efficacy of ultrasound-guided transversus abdominis plane (TAP) block, quadratus lumborum (QL)",https://europepmc.org/article/MED/31648515,"((TITLE:ultrasound) AND (TITLE:epidural OR TITLE:spinal OR TITLE:neuraxial)) AND (PUB_TYPE:""Randomized Controlled Trial"" OR PUB_TYPE:""Meta-Analysis"" OR PUB_TYPE:""Systematic Review"")"
neuraxial_us_rct_meta,25,29397116,,10.1016/j.bja.2017.08.001,Prevention of arterial hypotension after spinal anaesthesia using vena cava ultrasound to guide fluid management,Ceruti S,British journal of anaesthesia,2018,Randomized Controlled Trial|Journal Article,N,N,,44,"<h4>Background</h4>Significant hypotension is frequent after spinal anaesthesia and fluid administration as therapy is usually empirical. Inferior vena cava (IVC) ultrasound (US) is effective to assess fluid responsiveness in critical care patients. The aim of this study was to evaluate the IVCUS-guided volume optimization to prevent post-spinal hypotension.<h4>Methods</h4>In this prospective, ran",https://europepmc.org/article/MED/29397116,"((TITLE:ultrasound) AND (TITLE:epidural OR TITLE:spinal OR TITLE:neuraxial)) AND (PUB_TYPE:""Randomized Controlled Trial"" OR PUB_TYPE:""Meta-Analysis"" OR PUB_TYPE:""Systematic Review"")"
ai_spinal_ultrasound,1,32167884,PMC7654705,10.1109/tbme.2020.2980540,Automatic Spine Ultrasound Segmentation for Scoliosis Visualization and Measurement,Ungi T,IEEE transactions on bio-medical engineering,2020,"Research Support, Non-U.S. Gov't|research-article|Journal Article|Research Support, N.I.H., Extramural",N,Y,,35,<h4>Objective</h4>Integrate tracked ultrasound and AI methods to provide a safer and more accessible alternative to X-ray for scoliosis measurement. We propose automatic ultrasound segmentation for 3-dimensional spine visualization and scoliosis measurement to address difficulties in using ultrasound for spine imaging.<h4>Methods</h4>We trained a convolutional neural network for spine segmentation,https://europepmc.org/article/MED/32167884,"(TITLE:ultrasound AND (TITLE:spine OR TITLE:spinal OR TITLE:lumbar OR TITLE:vertebra*)) AND (TITLE:""deep learning"" OR TITLE:""machine learning"" OR TITLE:segmentation OR TITLE:""neural network"" OR TITLE:automatic)"
ai_spinal_ultrasound,2,20460205,,10.1109/tbme.2010.2048709,Automatic detection of lumbar anatomy in ultrasound images of human subjects,Tran D,IEEE transactions on bio-medical engineering,2010,"Research Support, Non-U.S. Gov't|Journal Article",N,N,,33,"Ultrasound has been proposed for aiding epidural needle insertion, but challenges remain in differentiating spinal structures due to noise, artifacts, and inexperience by anesthesiologists in ultrasound interpretation. Moreover, the anesthesiologist needs to measure relevant distances while preserving sterile conditions; therefore, interaction with the ultrasound controls must be minimal. Automate",https://europepmc.org/article/MED/20460205,"(TITLE:ultrasound AND (TITLE:spine OR TITLE:spinal OR TITLE:lumbar OR TITLE:vertebra*)) AND (TITLE:""deep learning"" OR TITLE:""machine learning"" OR TITLE:segmentation OR TITLE:""neural network"" OR TITLE:automatic)"
ai_spinal_ultrasound,3,28252393,,10.1109/tmi.2017.2674681,Automatic Measurement of Spine Curvature on 3-D Ultrasound Volume Projection Image With Phase Features,Guang-Quan Zhou,IEEE transactions on medical imaging,2017,Journal Article,N,N,,32,"This paper presents an automated measurement of spine curvature by using prior knowledge on vertebral anatomical structures in ultrasound volume projection imaging (VPI). This method can be used in scoliosis assessment with free-hand 3-D ultrasound imaging. It is based on the extraction of bony features from VPI images using a newly proposed two-fold thresholding strategy, with information of the ",https://europepmc.org/article/MED/28252393,"(TITLE:ultrasound AND (TITLE:spine OR TITLE:spinal OR TITLE:lumbar OR TITLE:vertebra*)) AND (TITLE:""deep learning"" OR TITLE:""machine learning"" OR TITLE:segmentation OR TITLE:""neural network"" OR TITLE:automatic)"
ai_spinal_ultrasound,4,27054831,,10.1016/j.compbiomed.2016.03.018,Segmentation of the spinous process and its acoustic shadow in vertebral ultrasound images,Berton F,Computers in biology and medicine,2016,"Research Support, Non-U.S. Gov't|Journal Article",N,N,,27,"Spinal ultrasound imaging is emerging as a low-cost, radiation-free alternative to conventional X-ray imaging for the clinical follow-up of patients with scoliosis. Currently, deformity measurement relies almost entirely on manual identification of key vertebral landmarks. However, the interpretation of vertebral ultrasound images is challenging, primarily because acoustic waves are entirely refle",https://europepmc.org/article/MED/27054831,"(TITLE:ultrasound AND (TITLE:spine OR TITLE:spinal OR TITLE:lumbar OR TITLE:vertebra*)) AND (TITLE:""deep learning"" OR TITLE:""machine learning"" OR TITLE:segmentation OR TITLE:""neural network"" OR TITLE:automatic)"
ai_spinal_ultrasound,5,35041596,,10.1109/tmi.2022.3143953,Joint Spine Segmentation and Noise Removal From Ultrasound Volume Projection Images With Selective Feature Sharing,Huang Z,IEEE transactions on medical imaging,2022,"Research Support, Non-U.S. Gov't|Journal Article",N,N,,16,"Volume Projection Imaging from ultrasound data is a promising technique to visualize spine features and diagnose Adolescent Idiopathic Scoliosis. In this paper, we present a novel multi-task framework to reduce the scan noise in volume projection images and to segment different spine features simultaneously, which provides an appealing alternative for intelligent scoliosis assessment in clinical a",https://europepmc.org/article/MED/35041596,"(TITLE:ultrasound AND (TITLE:spine OR TITLE:spinal OR TITLE:lumbar OR TITLE:vertebra*)) AND (TITLE:""deep learning"" OR TITLE:""machine learning"" OR TITLE:segmentation OR TITLE:""neural network"" OR TITLE:automatic)"
ai_spinal_ultrasound,6,19163332,,10.1109/iembs.2008.4649829,Automatic identification of lumbar level with ultrasound,Kerby B,Annual International Conference of the IEEE Engineering in Medicine and Biology Society. IEEE Engineering in Medicine and Biology Society. Annual International Conference,2008,"Research Support, Non-U.S. Gov't|Journal Article",N,N,,15,"An ultrasound-based system is created to label the lumbar vertebrae for the purpose of percutaneous needle insertion. Many lumbar punctures have a preferable vertebral level for needle insertion, but the traditional method of manual palpation is known to be inaccurate for determining the level. Needle insertion for epidural anesthesia in obstetrics is preferably performed at the L3-L4 interspace a",https://europepmc.org/article/MED/19163332,"(TITLE:ultrasound AND (TITLE:spine OR TITLE:spinal OR TITLE:lumbar OR TITLE:vertebra*)) AND (TITLE:""deep learning"" OR TITLE:""machine learning"" OR TITLE:segmentation OR TITLE:""neural network"" OR TITLE:automatic)"
ai_spinal_ultrasound,7,33752079,,10.1016/j.compmedimag.2021.101896,Dual-task ultrasound spine transverse vertebrae segmentation network with contour regularization,Lyu J,Computerized medical imaging and graphics : the official journal of the Computerized Medical Imaging Society,2021,"Research Support, Non-U.S. Gov't|Journal Article",N,N,,13,"3D ultrasound imaging has become one of the common diagnosis ways to assess scoliosis since it is radiation-free, real-time, and low-cost. Spine curvature angle measurement is an important step to assess scoliosis precisely. One way to calculate the angle is using the vertebrae features of the 2-D coronal images to identify the most tilted vertebrae. To do the measurement, the segmentation of the ",https://europepmc.org/article/MED/33752079,"(TITLE:ultrasound AND (TITLE:spine OR TITLE:spinal OR TITLE:lumbar OR TITLE:vertebra*)) AND (TITLE:""deep learning"" OR TITLE:""machine learning"" OR TITLE:segmentation OR TITLE:""neural network"" OR TITLE:automatic)"
ai_spinal_ultrasound,8,33097024,PMC7585198,10.1186/s12891-020-03679-3,LUMINOUS database: lumbar multifidus muscle segmentation from ultrasound images,Belasso CJ,BMC musculoskeletal disorders,2020,research-article|Journal Article,Y,Y,cc by,12,"<h4>Background</h4>Among the paraspinal muscles, the structure and function of the lumbar multifidus (LM) has become of great interest to researchers and clinicians involved in lower back pain and muscle rehabilitation. Ultrasound (US) imaging of the LM muscle is a useful clinical tool which can be used in the assessment of muscle morphology and function. US is widely used due to its portability, ",https://europepmc.org/article/MED/33097024,"(TITLE:ultrasound AND (TITLE:spine OR TITLE:spinal OR TITLE:lumbar OR TITLE:vertebra*)) AND (TITLE:""deep learning"" OR TITLE:""machine learning"" OR TITLE:segmentation OR TITLE:""neural network"" OR TITLE:automatic)"
ai_spinal_ultrasound,9,33370238,,10.1109/tuffc.2020.3047622,Automatic Detection and Measurement of Spinous Process Curve on Clinical Ultrasound Spine Images,Zeng HY,"IEEE transactions on ultrasonics, ferroelectrics, and frequency control",2021,"Research Support, Non-U.S. Gov't|Journal Article",N,N,,11,"The ultrasound (US) imaging technique has been applied to scoliosis assessment, and the proxy Cobb angle can be acquired on the US coronal images. The spinous process angle (SPA) is a valuable parameter to indicate 3-D deformity of spine. However, the SPA cannot be measured on US images since the spinous process (SP) is merged in the soft tissue layer and impossible to be identified on the coronal",https://europepmc.org/article/MED/33370238,"(TITLE:ultrasound AND (TITLE:spine OR TITLE:spinal OR TITLE:lumbar OR TITLE:vertebra*)) AND (TITLE:""deep learning"" OR TITLE:""machine learning"" OR TITLE:segmentation OR TITLE:""neural network"" OR TITLE:automatic)"
ai_spinal_ultrasound,10,39292568,,10.1109/tuffc.2024.3463188,VoxelMorph-Based Deep Learning Motion Correction for Ultrasound Localization Microscopy of Spinal Cord,Yu J,"IEEE transactions on ultrasonics, ferroelectrics, and frequency control",2024,"Research Support, Non-U.S. Gov't|Journal Article",N,N,,8,"Accurate assessment of spinal cord vasculature is important for the urgent diagnosis of injury and subsequent treatment. Ultrasound localization microscopy (ULM) offers super-resolution imaging of microvasculature by localizing and tracking individual microbubbles (MBs) across multiple frames. However, a long data acquisition often involves significant motion artifacts caused by breathing and hear",https://europepmc.org/article/MED/39292568,"(TITLE:ultrasound AND (TITLE:spine OR TITLE:spinal OR TITLE:lumbar OR TITLE:vertebra*)) AND (TITLE:""deep learning"" OR TITLE:""machine learning"" OR TITLE:segmentation OR TITLE:""neural network"" OR TITLE:automatic)"
ai_spinal_ultrasound,11,37071944,,10.1016/j.ultras.2023.107012,Automatic 3-D spine curve measurement in freehand ultrasound via structure-aware reinforcement learning spinous process localization,Ran QY,Ultrasonics,2023,Journal Article,N,N,,8,"Freehand 3-D ultrasound systems have been advanced in scoliosis assessment to avoid radiation hazards, especially for teenagers. This novel 3-D imaging method also makes it possible to evaluate the spine curvature automatically from the corresponding 3-D projection images. However, most approaches neglect the three-dimensional spine deformity by only using the rendering images, thus limiting their",https://europepmc.org/article/MED/37071944,"(TITLE:ultrasound AND (TITLE:spine OR TITLE:spinal OR TITLE:lumbar OR TITLE:vertebra*)) AND (TITLE:""deep learning"" OR TITLE:""machine learning"" OR TITLE:segmentation OR TITLE:""neural network"" OR TITLE:automatic)"
ai_spinal_ultrasound,12,35201548,,10.1007/s10439-022-02925-0,Convolutional Neural Network to Segment Laminae on 3D Ultrasound Spinal Images to Assist Cobb Angle Measurement,Wong J,Annals of biomedical engineering,2022,Journal Article,N,N,,8,"A recent innovation in scoliosis monitoring is the use of ultrasonography, which provides true 3D information in one scan and does not emit ionizing radiation. Measuring the severity of scoliosis on ultrasonographs requires identifying lamina pairs on the most tilted vertebrae, which is difficult and time-consuming. To expedite and automate measurement steps, this paper detailed an automatic convo",https://europepmc.org/article/MED/35201548,"(TITLE:ultrasound AND (TITLE:spine OR TITLE:spinal OR TITLE:lumbar OR TITLE:vertebra*)) AND (TITLE:""deep learning"" OR TITLE:""machine learning"" OR TITLE:segmentation OR TITLE:""neural network"" OR TITLE:automatic)"
ai_spinal_ultrasound,13,36353372,PMC9637973,10.3389/fphys.2022.1051808,Novel automated spinal ultrasound segmentation approach for scoliosis visualization,Jiang W,Frontiers in physiology,2022,research-article|Journal Article,Y,Y,cc by,7,"Scoliosis is a 3D deformity of the spine in which one or more segments of the spine curve laterally, usually with rotation of the vertebral body. Generally, having a Cobb angle (Cobb) greater than 10° can be considered scoliosis. In spine imaging, reliable and accurate identification and segmentation of bony features are crucial for scoliosis assessment, disease diagnosis, and treatment planning. ",https://europepmc.org/article/MED/36353372,"(TITLE:ultrasound AND (TITLE:spine OR TITLE:spinal OR TITLE:lumbar OR TITLE:vertebra*)) AND (TITLE:""deep learning"" OR TITLE:""machine learning"" OR TITLE:segmentation OR TITLE:""neural network"" OR TITLE:automatic)"
ai_spinal_ultrasound,14,38194382,,10.1109/tuffc.2024.3351223,Development of Automatic Assessment Framework for Spine Deformity Using Freehand 3-D Ultrasound Imaging System,Chen H,"IEEE transactions on ultrasonics, ferroelectrics, and frequency control",2024,"Research Support, Non-U.S. Gov't|Journal Article",N,N,,6,"A 3-D ultrasound (US) imaging technique has been studied to facilitate the diagnosis of spinal deformity without radiation. The objective of this article is to propose an assessment framework to automatically estimate spinal deformity in US spine images. The proposed framework comprises four major components, a US spine image generator, a novel transformer-based lightweight spine detector network,",https://europepmc.org/article/MED/38194382,"(TITLE:ultrasound AND (TITLE:spine OR TITLE:spinal OR TITLE:lumbar OR TITLE:vertebra*)) AND (TITLE:""deep learning"" OR TITLE:""machine learning"" OR TITLE:segmentation OR TITLE:""neural network"" OR TITLE:automatic)"
ai_spinal_ultrasound,15,33018420,,10.1109/embc44109.2020.9176211,Automatic Measurement of Spinous Process Angles on Ultrasound Spine Images,Ge S,Annual International Conference of the IEEE Engineering in Medicine and Biology Society. IEEE Engineering in Medicine and Biology Society. Annual International Conference,2020,Journal Article,N,N,,6,Ultrasound (US) imaging technique has been applied to measure the proxy Cobb angle and spinous process angle (SPA) for spinal curvatures of scoliosis. However manual measurement of ultrasound images is time consuming and greatly relying on the experience of raters. The objectives of this work are to develop an automatic measurement method to assess SPA of spine curves and to evaluate the accuracy ,https://europepmc.org/article/MED/33018420,"(TITLE:ultrasound AND (TITLE:spine OR TITLE:spinal OR TITLE:lumbar OR TITLE:vertebra*)) AND (TITLE:""deep learning"" OR TITLE:""machine learning"" OR TITLE:segmentation OR TITLE:""neural network"" OR TITLE:automatic)"
ai_spinal_ultrasound,16,36650781,,10.3934/mbe.2023028,Study on automatic ultrasound scanning of lumbar spine and visualization system for path planning in lumbar puncture surgery,Zhang W,Mathematical biosciences and engineering : MBE,2023,"Research Support, Non-U.S. Gov't|Journal Article",N,N,,5,"In lumbar puncture surgery, compared with the conventional methodologies like computed tomography and magnetic resonance imaging, ultrasound imaging offers the advantages of being low cost, no radiation and real-time image generation. However, the use of ultrasound equipment in lumbar puncture involves a cumbersome and time-consuming process for the subjective imaging of the overall structure of t",https://europepmc.org/article/MED/36650781,"(TITLE:ultrasound AND (TITLE:spine OR TITLE:spinal OR TITLE:lumbar OR TITLE:vertebra*)) AND (TITLE:""deep learning"" OR TITLE:""machine learning"" OR TITLE:segmentation OR TITLE:""neural network"" OR TITLE:automatic)"
ai_spinal_ultrasound,17,29060565,,10.1109/embc.2017.8037524,Gabor-based automatic spinal level identification in ultrasound,Ikhsan M,Annual International Conference of the IEEE Engineering in Medicine and Biology Society. IEEE Engineering in Medicine and Biology Society. Annual International Conference,2017,Journal Article,N,N,,5,This paper presents an automatic lumbar spine level identification system based on image processing of ultrasound images. The goal is to aid anesthetists in identifying the correct spinal level during epidural anesthesia. Spine level identification is initiated by detecting the location of the sacrum using a classifier based on a support vector machine. Image stitching is then conducted to produce,https://europepmc.org/article/MED/29060565,"(TITLE:ultrasound AND (TITLE:spine OR TITLE:spinal OR TITLE:lumbar OR TITLE:vertebra*)) AND (TITLE:""deep learning"" OR TITLE:""machine learning"" OR TITLE:segmentation OR TITLE:""neural network"" OR TITLE:automatic)"
ai_spinal_ultrasound,18,36695674,PMC9870043,10.1109/biocas54905.2022.9948639,FlowMorph: Morphological Segmentation of Ultrasound-Monitored Spinal Cord Microcirculation,Routkevitch D,IEEE Biomedical Circuits and Systems Conference : healthcare technology : [proceedings]. IEEE Biomedical Circuits and Systems Conference,2022,research-article|Journal Article,N,Y,,3,"Imaging of spinal cord microvasculature holds great potential in directing critical care management of spinal cord injury (SCI). Traditionally, contrast agents are preferred for imaging of the spinal cord vasculature, which is disadvantageous for long-term monitoring of injury. Here, we present FlowMorph, an algorithm that uses mathematical morphology techniques to segment non-contrast Doppler-bas",https://europepmc.org/article/MED/36695674,"(TITLE:ultrasound AND (TITLE:spine OR TITLE:spinal OR TITLE:lumbar OR TITLE:vertebra*)) AND (TITLE:""deep learning"" OR TITLE:""machine learning"" OR TITLE:segmentation OR TITLE:""neural network"" OR TITLE:automatic)"
ai_spinal_ultrasound,19,33018405,,10.1109/embc44109.2020.9175673,Automatic Segmentation of 3D Ultrasound Spine Curvature Using Convolutional Neural Network,Banerjee S,Annual International Conference of the IEEE Engineering in Medicine and Biology Society. IEEE Engineering in Medicine and Biology Society. Annual International Conference,2020,Journal Article,N,N,,3,"Scoliosis is a 3D spinal deformation where the spine takes a lateral curvature, which generates an angle in a coronal plane. For periodic detection of scoliosis, safe and economic imaging modality is needed as continuous exposure to radiative imaging may cause cancer. 3D ultrasound imaging is a cost-effective and radiation-free imaging modality which gives volume projection image. Identification o",https://europepmc.org/article/MED/33018405,"(TITLE:ultrasound AND (TITLE:spine OR TITLE:spinal OR TITLE:lumbar OR TITLE:vertebra*)) AND (TITLE:""deep learning"" OR TITLE:""machine learning"" OR TITLE:segmentation OR TITLE:""neural network"" OR TITLE:automatic)"
ai_spinal_ultrasound,20,32646685,,10.1016/j.ultrasmedbio.2020.04.018,Automatic Midline Identification in Transverse 2-D Ultrasound Images of the Spine,Pesteie M,Ultrasound in medicine & biology,2020,"Comparative Study|Research Support, Non-U.S. Gov't|Journal Article",N,N,,3,"Effective epidural needle placement and injection involves accurate identification of the midline of the spine. Ultrasound, as a safe pre-procedural imaging modality, is suitable for epidural guidance because it offers adequate visibility of the vertebral anatomy. However, image interpretation remains a key challenge, especially for novices. A deep neural network is proposed to automatically class",https://europepmc.org/article/MED/32646685,"(TITLE:ultrasound AND (TITLE:spine OR TITLE:spinal OR TITLE:lumbar OR TITLE:vertebra*)) AND (TITLE:""deep learning"" OR TITLE:""machine learning"" OR TITLE:segmentation OR TITLE:""neural network"" OR TITLE:automatic)"
ai_spinal_ultrasound,21,32484094,,10.2174/1573405615666181224141358,Automatic Characterizations of Lumbar Multifidus Muscle and Intramuscular Fat with Fuzzy C-means based Quantization from Ultrasound Images,Kim KB,Current medical imaging,2020,Journal Article,N,N,,3,"<h4>Background</h4>Low Back Pain (LBP) is a common disorder involving the muscles and bones and about half of the people experience LBP at some point of their lives. Since the social economic cost and the recurrence rate over the lifetime is very high, the treatment/rehabilitation of chronic LBP is important to physiotherapists, both for clinical and research purposes. Trunk muscles such as the lu",https://europepmc.org/article/MED/32484094,"(TITLE:ultrasound AND (TITLE:spine OR TITLE:spinal OR TITLE:lumbar OR TITLE:vertebra*)) AND (TITLE:""deep learning"" OR TITLE:""machine learning"" OR TITLE:segmentation OR TITLE:""neural network"" OR TITLE:automatic)"
ai_spinal_ultrasound,22,32479346,,10.1016/j.compbiomed.2020.103838,Automatic extraction of vertebral landmarks from ultrasound images: A pilot study,Brignol A,Computers in biology and medicine,2020,"Research Support, Non-U.S. Gov't|Journal Article",N,N,,3,"Interpreting ultrasound (US) images of the spine is challenging due to the high variability of the contrast during freehand US acquisitions. In this paper, an automatic method to extract vertebral landmarks (spinous process and laminae) from US images acquired in the transverse plane is presented. Prior knowledge about the vertebral shape and the associated hyper-echoic property is incorporated us",https://europepmc.org/article/MED/32479346,"(TITLE:ultrasound AND (TITLE:spine OR TITLE:spinal OR TITLE:lumbar OR TITLE:vertebra*)) AND (TITLE:""deep learning"" OR TITLE:""machine learning"" OR TITLE:segmentation OR TITLE:""neural network"" OR TITLE:automatic)"
ai_spinal_ultrasound,23,31731376,,10.3934/mbe.2020040,An automatic measurement method of spinal curvature on ultrasound coronal images in adolescent idiopathic scoliosis,Jiang WW,Mathematical biosciences and engineering : MBE,2019,"Research Support, Non-U.S. Gov't|Journal Article",N,N,,3,"This study proposed a new automatic measurement method of spinal curvature on ultrasound coronal images in adolescent idiopathic scoliosis (AIS). After preprocessing of Gaussian enhancement, the symmetric information of the image was extracted using the phase congruency. Then bony features were segmented from the soft tissues and background using the greyscale polarity. The morphological methods o",https://europepmc.org/article/MED/31731376,"(TITLE:ultrasound AND (TITLE:spine OR TITLE:spinal OR TITLE:lumbar OR TITLE:vertebra*)) AND (TITLE:""deep learning"" OR TITLE:""machine learning"" OR TITLE:segmentation OR TITLE:""neural network"" OR TITLE:automatic)"
ai_spinal_ultrasound,24,3052685,,10.1259/0007-1285-61-729-847,Spinal segmentation anomalies: in utero diagnosis by ultrasound,Zalcman M,The British journal of radiology,1988,Journal Article|Case Reports,N,N,,2,,https://europepmc.org/article/MED/3052685,"(TITLE:ultrasound AND (TITLE:spine OR TITLE:spinal OR TITLE:lumbar OR TITLE:vertebra*)) AND (TITLE:""deep learning"" OR TITLE:""machine learning"" OR TITLE:segmentation OR TITLE:""neural network"" OR TITLE:automatic)"
ai_spinal_ultrasound,25,35256903,PMC8898129,10.1155/2022/9713899,Study of Vertebral Artery Dissection by Ultrasound Superb Microvascular Imaging Based on Deep Neural Network Model,Wang Y,Journal of healthcare engineering,2022,"Retracted Publication|Research Support, Non-U.S. Gov't|research-article|Journal Article",Y,Y,cc by,2,"To assess the diagnostic value of ultrasound Superb Microvascular Imaging (SMI) and versus Doppler ultrasound (TCD) for microvascular structure and aerodynamic changes in vertebral artery dissection (VAD). In this paper, we firstly simulate the process of clinician recognition of vertebral artery dissection and propose a combination of a priori shape information of vertebral artery dissection and ",https://europepmc.org/article/MED/35256903,"(TITLE:ultrasound AND (TITLE:spine OR TITLE:spinal OR TITLE:lumbar OR TITLE:vertebra*)) AND (TITLE:""deep learning"" OR TITLE:""machine learning"" OR TITLE:segmentation OR TITLE:""neural network"" OR TITLE:automatic)"
bone_surface_us_segmentation,1,17019042,,10.1088/0031-9155/51/20/017,Quantitative ultrasound imaging detects degenerative changes in articular cartilage surface and subchondral bone,Saarakkala S,Physics in medicine and biology,2006,"Research Support, Non-U.S. Gov't|Evaluation Study|Journal Article",N,N,,67,"Previous studies have suggested that quantitative ultrasound imaging could sensitively diagnose degeneration of the articular surface and changes in the subchondral bone during the development of osteoarthrosis (OA). We have recently introduced a new parameter, ultrasound roughness index (URI), for the quantification of cartilage surface roughness, and successfully tested it with normal and experi",https://europepmc.org/article/MED/17019042,"(TITLE:ultrasound AND TITLE:bone) AND (TITLE:segmentation OR TITLE:""surface"" OR TITLE:localization)"
bone_surface_us_segmentation,2,19616363,,10.1016/j.ultrasmedbio.2009.04.015,Bone surface localization in ultrasound using image phase-based features,Hacihaliloglu I,Ultrasound in medicine & biology,2009,"Research Support, Non-U.S. Gov't|Evaluation Study|Journal Article",N,N,,63,"Current practice in orthopedic surgery relies on intraoperative fluoroscopy as the main imaging modality for localization and visualization of bone tissue, fractures, implants and surgical tool positions. Ultrasound (US) has recently emerged as a potential nonionizing imaging alternative that promises safer operation while remaining relatively cheap and widely available. US images, however, often ",https://europepmc.org/article/MED/19616363,"(TITLE:ultrasound AND TITLE:bone) AND (TITLE:segmentation OR TITLE:""surface"" OR TITLE:localization)"
bone_surface_us_segmentation,3,14708753,,10.3109/10929080309146097,Ultrasound registration of the bone surface for surgical navigation,Amin DV,Computer aided surgery : official journal of the International Society for Computer Aided Surgery,2003,"Research Support, Non-U.S. Gov't|Journal Article",N,N,,55,"<h4>Objective</h4>To allow non-invasive registration of the bone surface for computer-assisted surgery (CAS), this investigation reports the development and evaluation of intraoperative registration using 2D ultrasound (US) images. This approach employs automatic segmentation of the bone surface reflection from US images tagged with the 3D position to enable the application of CAS to minimally inv",https://europepmc.org/article/MED/14708753,"(TITLE:ultrasound AND TITLE:bone) AND (TITLE:segmentation OR TITLE:""surface"" OR TITLE:localization)"
bone_surface_us_segmentation,4,30868478,,10.1007/s11548-019-01934-0,Automatic segmentation of bone surfaces from ultrasound using a filter-layer-guided CNN,Alsinan AZ,International journal of computer assisted radiology and surgery,2019,Journal Article,N,N,,35,"<h4>Purpose</h4>Ultrasound (US) provides real-time, two-/three-dimensional safe imaging. Due to these capabilities, it is considered a safe alternative to intra-operative fluoroscopy in various computer-assisted orthopedic surgery (CAOS) procedures. However, interpretation of the collected bone US data is difficult due to high levels of noise, various imaging artifacts, and bone surfaces response ",https://europepmc.org/article/MED/30868478,"(TITLE:ultrasound AND TITLE:bone) AND (TITLE:segmentation OR TITLE:""surface"" OR TITLE:localization)"
bone_surface_us_segmentation,5,20059000,,10.1121/1.3257547,Thermal effects generated by high-intensity focused ultrasound beams at normal incidence to a bone surface,Nell DM,The Journal of the Acoustical Society of America,2010,Journal Article,N,N,,32,"Experiments and computations were performed to study factors affecting thermal safety when high-intensity focused ultrasound (HIFU) beams are normally incident (i.e., beam axis normal to the interface) upon a bone/soft-tissue interface. In particular, the temperature rise and thermal dose were determined as a function of separation between the beam focus and the interface. Under conditions represe",https://europepmc.org/article/MED/20059000,"(TITLE:ultrasound AND TITLE:bone) AND (TITLE:segmentation OR TITLE:""surface"" OR TITLE:localization)"
bone_surface_us_segmentation,6,28804751,PMC5551972,10.1142/s2339547817300049,Ultrasound imaging and segmentation of bone surfaces: A review,Hacihaliloglu I.,Technology,2017,research-article|Journal Article,N,Y,,29,"Due to its real-time, non-radiation based three-dimensional (3D) imaging capabilities, ultrasound (US) has been incorporated into various orthopedic procedures. However, imaging artifacts, low signal-to-noise ratio (SNR) and bone boundaries appearing several mm in thickness make the analysis of US data difficult. This paper provides a review about the state-of-the-art bone segmentation and enhance",https://europepmc.org/article/MED/28804751,"(TITLE:ultrasound AND TITLE:bone) AND (TITLE:segmentation OR TITLE:""surface"" OR TITLE:localization)"
bone_surface_us_segmentation,7,34106849,,10.1109/tmi.2021.3087857,NHBS-Net: A Feature Fusion Attention Network for Ultrasound Neonatal Hip Bone Segmentation,Liu R,IEEE transactions on medical imaging,2021,"Research Support, Non-U.S. Gov't|Journal Article",N,N,,28,"Ultrasound is a widely used technology for diagnosing developmental dysplasia of the hip (DDH) because it does not use radiation. Due to its low cost and convenience, 2-D ultrasound is still the most common examination in DDH diagnosis. In clinical usage, the complexity of both ultrasound image standardization and measurement leads to a high error rate for sonographers. The automatic segmentation ",https://europepmc.org/article/MED/34106849,"(TITLE:ultrasound AND TITLE:bone) AND (TITLE:segmentation OR TITLE:""surface"" OR TITLE:localization)"
bone_surface_us_segmentation,8,30194565,,10.1007/s11548-018-1856-x,FCN-based approach for the automatic segmentation of bone surfaces in ultrasound images,Villa M,International journal of computer assisted radiology and surgery,2018,Validation Study|Journal Article,N,N,,25,"<h4>Purpose</h4>A new algorithm, based on fully convolutional networks (FCN), is proposed for the automatic localization of the bone interface in ultrasound (US) images. The aim of this paper is to compare and validate this method with (1) a manual segmentation and (2) a state-of-the-art method called confidence in phase symmetry (CPS).<h4>Methods</h4>The dataset used for this study was composed o",https://europepmc.org/article/MED/30194565,"(TITLE:ultrasound AND TITLE:bone) AND (TITLE:segmentation OR TITLE:""surface"" OR TITLE:localization)"
bone_surface_us_segmentation,9,31982208,,10.1016/j.ultrasmedbio.2019.12.014,Ultrasound Bone Segmentation: A Scoping Review of Techniques and Validation Practices,Pandey PU,Ultrasound in medicine & biology,2020,"Scoping Review|Research Support, Non-U.S. Gov't|Journal Article",N,N,,24,"Ultrasound bone segmentation is an important yet challenging task for many clinical applications. Several works have emerged attempting to improve and automate bone segmentation, which has led to a variety of computational techniques, validation practices and applied clinical scenarios. We characterize this exciting and growing body of research by reviewing published ultrasound bone segmentation t",https://europepmc.org/article/MED/31982208,"(TITLE:ultrasound AND TITLE:bone) AND (TITLE:segmentation OR TITLE:""surface"" OR TITLE:localization)"
bone_surface_us_segmentation,10,29422994,PMC5801347,,Effect of low-intensity pulsed ultrasound on the biological behaviors of bone marrow mesenchymal stem cells on titanium with different surface topographies,An Y,American journal of translational research,2018,research-article|Journal Article,N,Y,,24,"The use of low-intensity pulsed ultrasound (LIPUS) is a promising approach to promote osteogenesis. However, few studies have reported the influence of this technique on the osseointegration of endosseous implants, especially regarding different implant topographies. We focused on how the initial interaction between cells and the titanium surface is enhanced by LIPUS and the potential regulatory m",https://europepmc.org/article/MED/29422994,"(TITLE:ultrasound AND TITLE:bone) AND (TITLE:segmentation OR TITLE:""surface"" OR TITLE:localization)"
bone_surface_us_segmentation,11,22104523,,10.1016/j.ultrasmedbio.2011.10.009,Automatic bone localization and fracture detection from volumetric ultrasound images using 3-D local phase features,Hacihaliloglu I,Ultrasound in medicine & biology,2012,"Research Support, Non-U.S. Gov't|Journal Article",N,N,,24,This article presents a novel method for bone segmentation from three-dimensional (3-D) ultrasound images that derives intensity-invariant 3-D local image phase measures that are then employed for extracting ridge-like features similar to those that occur at soft tissue/bone interfaces. The main contributions in this article include: (1) the extension of our previously proposed phase-symmetry-base,https://europepmc.org/article/MED/22104523,"(TITLE:ultrasound AND TITLE:bone) AND (TITLE:segmentation OR TITLE:""surface"" OR TITLE:localization)"
bone_surface_us_segmentation,12,17361323,,10.1007/s00198-007-0324-1,Bone surface topology mapping and its role in trabecular bone quality assessment using scanning confocal ultrasound,Xia Y,Osteoporosis international : a journal established as result of cooperation between the European Foundation for Osteoporosis and the National Osteoporosis Foundation of the USA,2007,"Research Support, U.S. Gov't, Non-P.H.S.|Journal Article|Research Support, N.I.H., Extramural",N,N,,20,"<h4>Introduction</h4>Quantitative ultrasound (QUS) has been used to assess non-invasively bone quality, in which ultrasound velocity (UV) is a primary acoustic property.<h4>Methods</h4>While UV calculation requires the tissue thickness in the ultrasound path, a bone surface topology mapping (STM) method was developed in this study for enhancing the accuracy of the UV measurement. STM accuracy was ",https://europepmc.org/article/MED/17361323,"(TITLE:ultrasound AND TITLE:bone) AND (TITLE:segmentation OR TITLE:""surface"" OR TITLE:localization)"
bone_surface_us_segmentation,13,32399586,,10.1007/s11548-020-02192-1,Generative approach for data augmentation for deep learning-based bone surface segmentation from ultrasound images,Zaman A,International journal of computer assisted radiology and surgery,2020,Journal Article,N,N,,19,"<h4>Purpose</h4>Precise localization of cystic bone lesions is crucial for osteolytic bone tumor surgery. Recently, there is a move toward ultrasound imaging over plain radiographs (X-rays) for intra-operative navigation due to the radiation-free and cost-effectiveness of the modality. In this process, the intra-operative bone model reconstructed from the segmented ultrasound image is registered w",https://europepmc.org/article/MED/32399586,"(TITLE:ultrasound AND TITLE:bone) AND (TITLE:segmentation OR TITLE:""surface"" OR TITLE:localization)"
bone_surface_us_segmentation,14,32656685,,10.1007/s11548-020-02221-z,Bone shadow segmentation from ultrasound data for orthopedic surgery using GAN,Alsinan AZ,International journal of computer assisted radiology and surgery,2020,Journal Article,N,N,,18,"<h4>Purpose</h4>Real-time, two (2D) and three-dimensional (3D) ultrasound (US) has been investigated as a potential alternative to fluoroscopy imaging in various surgical and non-surgical orthopedic procedures. However, low signal to noise ratio, imaging artifacts and bone surfaces appearing several millimeters (mm) in thickness have hindered the wide spread adaptation of this safe imaging modalit",https://europepmc.org/article/MED/32656685,"(TITLE:ultrasound AND TITLE:bone) AND (TITLE:segmentation OR TITLE:""surface"" OR TITLE:localization)"
bone_surface_us_segmentation,15,29804181,,10.1007/s11548-018-1788-5,Fast and automatic bone segmentation and registration of 3D ultrasound to CT for the full pelvic anatomy: a comparative study,Pandey P,International journal of computer assisted radiology and surgery,2018,Comparative Study|Journal Article,N,N,,16,"<h4>Purpose</h4>Ultrasound (US) is a safer alternative to X-rays for bone imaging, and its popularity for orthopedic surgical navigation is growing. Routine use of intraoperative US for navigation requires fast, accurate and automatic alignment of tracked US to preoperative computed tomography (CT) patient models. Our group previously investigated image segmentation and registration to align untra",https://europepmc.org/article/MED/29804181,"(TITLE:ultrasound AND TITLE:bone) AND (TITLE:segmentation OR TITLE:""surface"" OR TITLE:localization)"
bone_surface_us_segmentation,16,21821346,,10.1016/j.ultrasmedbio.2011.06.006,Automatic adaptive parameterization in local phase feature-based bone segmentation in ultrasound,Hacihaliloglu I,Ultrasound in medicine & biology,2011,"Research Support, Non-U.S. Gov't|Journal Article",N,N,,16,"Intensity-invariant local phase features based on Log-Gabor filters have been recently shown to produce highly accurate localizations of bone surfaces from three-dimensional (3-D) ultrasound. A key challenge, however, remains in the proper selection of filter parameters, whose values have so far been chosen empirically and kept fixed for a given image. Since Log-Gabor filter responses widely chang",https://europepmc.org/article/MED/21821346,"(TITLE:ultrasound AND TITLE:bone) AND (TITLE:segmentation OR TITLE:""surface"" OR TITLE:localization)"
bone_surface_us_segmentation,17,18979759,,10.1007/978-3-540-85988-8_35,Bone segmentation and fracture detection in ultrasound using 3D local phase features,Hacihaliloglu I,Medical image computing and computer-assisted intervention : MICCAI ... International Conference on Medical Image Computing and Computer-Assisted Intervention,2008,Journal Article,N,N,,15,"3D ultrasound (US) is increasingly considered as a viable alternative imaging modality in computer-assisted orthopaedic surgery (CAOS) applications. Automatic bone segmentation from US images, however, remains a challenge due to speckle noise and various other artifacts inherent to US. In this paper, we present intensity invariant three dimensional (3D) local image phase features, obtained using 3",https://europepmc.org/article/MED/18979759,"(TITLE:ultrasound AND TITLE:bone) AND (TITLE:segmentation OR TITLE:""surface"" OR TITLE:localization)"
bone_surface_us_segmentation,18,32781381,,10.1016/j.compmedimag.2020.101766,An efficient end-to-end CNN for segmentation of bone surfaces from ultrasound,Luan K,Computerized medical imaging and graphics : the official journal of the Computerized Medical Imaging Society,2020,"Research Support, Non-U.S. Gov't|Journal Article",N,N,,14,"The application of ultrasound (US) imaging in orthopedic surgery has always been a research direction. However, the various problems of US imaging hinder the development of computer assisted orthopedic surgery guided by US. US bone segmentation has been an important yet challenging task for many clinical applications. We propose a new end-to-end fully convolution network called BoneNet for real-ti",https://europepmc.org/article/MED/32781381,"(TITLE:ultrasound AND TITLE:bone) AND (TITLE:segmentation OR TITLE:""surface"" OR TITLE:localization)"
bone_surface_us_segmentation,19,28735735,,10.1016/j.ultrasmedbio.2017.04.022,Random Forest-Based Bone Segmentation in Ultrasound,Baka N,Ultrasound in medicine & biology,2017,"Research Support, Non-U.S. Gov't|Journal Article",N,N,,13,"Ultrasound (US) imaging is a safe alternative to radiography for guidance during minimally invasive orthopedic procedures. However, ultrasound is challenging to interpret because of the relatively low signal-to-noise ratio and its inherent speckle pattern that decreases image quality. Here we describe a method for automatic bone segmentation in 2-D ultrasound images using a patch-based random fore",https://europepmc.org/article/MED/28735735,"(TITLE:ultrasound AND TITLE:bone) AND (TITLE:segmentation OR TITLE:""surface"" OR TITLE:localization)"
bone_surface_us_segmentation,20,32430694,,10.1007/s11548-020-02184-1,Robust real-time bone surfaces segmentation from ultrasound using a local phase tensor-guided CNN,Wang P,International journal of computer assisted radiology and surgery,2020,Journal Article,N,N,,12,"<h4>Purpose</h4>Automatic bone surfaces segmentation is one of the fundamental tasks of ultrasound (US)-guided computer-assisted orthopedic surgery procedures. However, due to various US imaging artifacts, manual operation of the transducer during acquisition, and different machine settings, many existing methods cannot deal with the large variations of the bone surface responses, in the collected",https://europepmc.org/article/MED/32430694,"(TITLE:ultrasound AND TITLE:bone) AND (TITLE:segmentation OR TITLE:""surface"" OR TITLE:localization)"
bone_surface_us_segmentation,21,31947362,,10.1109/embc.2019.8857060,Fully Automated Segmentation of Alveolar Bone Using Deep Convolutional Neural Networks from Intraoral Ultrasound Images,Duong DQ,Annual International Conference of the IEEE Engineering in Medicine and Biology Society. IEEE Engineering in Medicine and Biology Society. Annual International Conference,2019,"Research Support, Non-U.S. Gov't|Journal Article",N,N,,9,"Delineation of alveolar bone aids the diagnosis and treatment of periodontal diseases. In current practice, conventional 2D radiography and 3D cone-beam computed tomography (CBCT) imaging are used as the non-invasive approaches to image and delineate alveolar bone structures. Recently, high-frequency ultrasound imaging is proposed as an alternative to conventional imaging methods to prevent the ha",https://europepmc.org/article/MED/31947362,"(TITLE:ultrasound AND TITLE:bone) AND (TITLE:segmentation OR TITLE:""surface"" OR TITLE:localization)"
bone_surface_us_segmentation,22,40472504,,10.1016/j.compbiomed.2025.110435,UltraBones100k: A reliable automated labeling method and large-scale dataset for ultrasound-based bone surface extraction,Wu L,Computers in biology and medicine,2025,Journal Article,N,N,cc by,6,"<h4>Background</h4>Ultrasound-based bone surface segmentation is crucial in computer-assisted orthopedic surgery. However, ultrasound images have limitations, including a low signal-to-noise ratio, acoustic shadowing, and speckle noise, which make interpretation difficult. Existing deep learning models for bone segmentation rely primarily on costly manual labeling by experts, limiting dataset size",https://europepmc.org/article/MED/40472504,"(TITLE:ultrasound AND TITLE:bone) AND (TITLE:segmentation OR TITLE:""surface"" OR TITLE:localization)"
bone_surface_us_segmentation,23,401520,,10.3171/jns.1977.46.1.0065,Experimental intraoperative localization of retained intracerebral bone fragments using transdural ultrasound,Wood JH,Journal of neurosurgery,1977,Journal Article,N,N,,6,"Precise intraoperative localization of retained bone fragments and foreign bodies avoids extensive brain disseciton, cerebral edema, damage to vital structures, incomplete debridement, and prolonged surgical procedures. Such localization after head trauma is often hampered by cerebral distortion, previous incomplete debridement, fragment migration, and surgical draping. Our intraoperative techniqu",https://europepmc.org/article/MED/401520,"(TITLE:ultrasound AND TITLE:bone) AND (TITLE:segmentation OR TITLE:""surface"" OR TITLE:localization)"
bone_surface_us_segmentation,24,35377036,,10.1007/s11548-022-02597-0,Can uncertainty estimation predict segmentation performance in ultrasound bone imaging?,Pandey PU,International journal of computer assisted radiology and surgery,2022,Journal Article,N,N,,6,"<h4>Purpose</h4>Segmenting bone surfaces in ultrasound (US) is a fundamental step in US-based computer-assisted orthopaedic surgeries. Neural network-based segmentation techniques are a natural choice for this, given promising results in related tasks. However, to gain widespread use, we must be able to know how much to trust segmentation networks during clinical deployment when ground-truth data ",https://europepmc.org/article/MED/35377036,"(TITLE:ultrasound AND TITLE:bone) AND (TITLE:segmentation OR TITLE:""surface"" OR TITLE:localization)"
bone_surface_us_segmentation,25,28017462,,10.1016/j.ultrasmedbio.2016.11.003,Strain-Initialized Robust Bone Surface Detection in 3-D Ultrasound,Hussain MA,Ultrasound in medicine & biology,2017,"Research Support, Non-U.S. Gov't|Journal Article",N,N,,6,"Three-dimensional ultrasound has been increasingly considered as a safe radiation-free alternative to radiation-based fluoroscopic imaging for surgical guidance during computer-assisted orthopedic interventions, but because ultrasound images contain significant artifacts, it is challenging to automatically extract bone surfaces from these images. We propose an effective way to extract 3-D bone sur",https://europepmc.org/article/MED/28017462,"(TITLE:ultrasound AND TITLE:bone) AND (TITLE:segmentation OR TITLE:""surface"" OR TITLE:localization)"
robotic_ultrasound,1,22631222,,10.1021/nn301312z,Autonomous motion of metallic microrods propelled by ultrasound,Wang W,ACS nano,2012,"Research Support, Non-U.S. Gov't|Research Support, U.S. Gov't, Non-P.H.S.|Journal Article",N,N,,389,"Autonomously moving micro-objects, or micromotors, have attracted the attention of the scientific community over the past decade, but the incompatibility of phoretic motors with solutions of high ionic strength and the use of toxic fuels have limited their applications in biologically relevant media. In this letter we demonstrate that ultrasonic standing waves in the MHz frequency range can levita",https://europepmc.org/article/MED/22631222,"(TITLE:robotic OR TITLE:""robot-assisted"" OR TITLE:autonomous) AND TITLE:ultrasound"
robotic_ultrasound,2,31898992,,10.1016/j.eururo.2019.11.024,Three-dimensional Augmented Reality Robot-assisted Partial Nephrectomy in Case of Complex Tumours (PADUA ≥10): A New Intraoperative Tool Overcoming the Ultrasound Guidance,Porpiglia F,European urology,2020,Journal Article,N,N,,119,"<h4>Background</h4>Despite technical improvements introduced with robotic surgery, management of complex tumours (PADUA score ≥10) is still a matter of debate within the field of transperitoneal robot-assisted partial nephrectomy (RAPN).<h4>Objective</h4>To evaluate the accuracy of our three-dimensional (3D) static and elastic augmented reality (AR) systems based on hyperaccuracy models (HA3D) in ",https://europepmc.org/article/MED/31898992,"(TITLE:robotic OR TITLE:""robot-assisted"" OR TITLE:autonomous) AND TITLE:ultrasound"
robotic_ultrasound,3,26056753,PMC4592282,10.1016/j.ygyno.2015.06.008,Ultrasound guided subcostal transversus abdominis plane (TAP) infiltration with liposomal bupivacaine for patients undergoing robotic assisted hysterectomy: A prospective randomized controlled study,Hutchins J,Gynecologic oncology,2015,research-article|Randomized Controlled Trial|Journal Article,N,Y,,89,<h4>Introduction</h4>Optimal pain control after major surgery contributes to a patient's recovery and satisfaction. The use of liposomal bupivacaine in subcostal transversus abdominis plane (TAP) blocks for postoperative pain control after robot assisted abdominal surgery has yet to be studied.<h4>Methods</h4>We conducted a prospective randomized controlled observer-blinded study comparing bilater,https://europepmc.org/article/MED/26056753,"(TITLE:robotic OR TITLE:""robot-assisted"" OR TITLE:autonomous) AND TITLE:ultrasound"
robotic_ultrasound,4,14611703,,10.1089/105072503322511346,Ultrasound-guided laser thermal ablation in the treatment of autonomous hyperfunctioning thyroid nodules and compressive nontoxic nodular goiter,Spiezia S,Thyroid : official journal of the American Thyroid Association,2003,Journal Article,N,N,,86,<h4>Objective</h4>Percutaneous laser thermal ablation (LTA) has been applied in several tumors. In this study we evaluated the safety and long-term efficacy of LTA in the treatment of benign thyroid nodules.<h4>Design and patients</h4>Seven patients with autonomous hyperfunctioning thyroid nodule (group A) and five patients with compressive nodular goiter (group B) were treated with LTA. Up to thr,https://europepmc.org/article/MED/14611703,"(TITLE:robotic OR TITLE:""robot-assisted"" OR TITLE:autonomous) AND TITLE:ultrasound"
robotic_ultrasound,5,32653568,PMC7347315,10.1016/j.chest.2020.06.068,Feasibility of a 5G-Based Robot-Assisted Remote Ultrasound System for Cardiopulmonary Assessment of Patients With Coronavirus Disease 2019,Ye R,Chest,2021,"Research Support, Non-U.S. Gov't|research-article|Journal Article",Y,Y,cc by-nc-nd,67,<h4>Background</h4>Traditional methods for cardiopulmonary assessment of patients with coronavirus disease 2019 (COVID-19) pose risks to both patients and examiners. This necessitates a remote examination of such patients without sacrificing information quality.<h4>Research question</h4>The goal of this study was to assess the feasibility of a 5G-based robot-assisted remote ultrasound system in ex,https://europepmc.org/article/MED/32653568,"(TITLE:robotic OR TITLE:""robot-assisted"" OR TITLE:autonomous) AND TITLE:ultrasound"
robotic_ultrasound,6,34985859,,10.1021/acsnano.1c07830,Real-Time Ultrasound Doppler Tracking and Autonomous Navigation of a Miniature Helical Robot for Accelerating Thrombolysis in Dynamic Blood Flow,Wang Q,ACS nano,2022,"Research Support, Non-U.S. Gov't|Journal Article",N,N,,64,"Untethered small-scale robots offer great promise for medical applications in complex biological environments. However, challenges remain in the control and medical imaging of a robot for targeted delivery inside a living body, especially in flowing conditions (e.g., blood vessels). In this work, we report a strategy to autonomously navigate a miniature helical robot in dynamic blood flow under ul",https://europepmc.org/article/MED/34985859,"(TITLE:robotic OR TITLE:""robot-assisted"" OR TITLE:autonomous) AND TITLE:ultrasound"
robotic_ultrasound,7,37541100,,10.1016/j.media.2023.102878,Robotic ultrasound imaging: State-of-the-art and future perspectives,Jiang Z,Medical image analysis,2023,Review|Journal Article,N,N,,62,"Ultrasound (US) is one of the most widely used modalities for clinical intervention and diagnosis due to the merits of providing non-invasive, radiation-free, and real-time images. However, free-hand US examinations are highly operator-dependent. Robotic US System (RUSS) aims at overcoming this shortcoming by offering reproducibility, while also aiming at improving dexterity, and intelligent anato",https://europepmc.org/article/MED/37541100,"(TITLE:robotic OR TITLE:""robot-assisted"" OR TITLE:autonomous) AND TITLE:ultrasound"
robotic_ultrasound,8,18433079,PMC4076171,10.1002/rcs.184,Three-dimensional ultrasound-guided robotic needle placement: an experimental evaluation,Boctor EM,The international journal of medical robotics + computer assisted surgery : MRCAS,2008,"research-article|Research Support, U.S. Gov't, Non-P.H.S.|Journal Article|Research Support, N.I.H., Extramural",N,Y,,56,"<h4>Background</h4>Clinical use of image-guided needle placement robots has lagged behind laboratory-demonstrated robotic capability. Bridging this gap requires reliable and easy-to-use robotic systems.<h4>Methods</h4>Our system for image-guided needle placement requires only simple, low-cost components and minimal, entirely off-line calibration. It rapidly aligns needles to planned entry paths us",https://europepmc.org/article/MED/18433079,"(TITLE:robotic OR TITLE:""robot-assisted"" OR TITLE:autonomous) AND TITLE:ultrasound"
robotic_ultrasound,9,25014948,PMC5545809,10.1109/tbme.2014.2334309,3-D ultrasound-guided robotic needle steering in biological tissue,Adebar TK,IEEE transactions on bio-medical engineering,2014,research-article|Journal Article,N,Y,,51,"Robotic needle steering systems have the potential to greatly improve medical interventions, but they require new methods for medical image guidance. Three-dimensional (3-D) ultrasound is a widely available, low-cost imaging modality that may be used to provide real-time feedback to needle steering robots. Unfortunately, the poor visibility of steerable needles in standard grayscale ultrasound mak",https://europepmc.org/article/MED/25014948,"(TITLE:robotic OR TITLE:""robot-assisted"" OR TITLE:autonomous) AND TITLE:ultrasound"
robotic_ultrasound,10,22925445,,10.1111/j.1442-2042.2012.03127.x,Robotic ultrasound probe for tumor identification in robotic partial nephrectomy: Initial series and outcomes,Kaczmarek BF,International journal of urology : official journal of the Japanese Urological Association,2013,Journal Article,N,N,,51,"<h4>Objectives</h4>Accurate tumor identification during partial nephrectomy is essential for successful tumor control. Intraoperative laparoscopic ultrasonography is useful for tumor localization, but the ultrasound probe is controlled by the assistant rather than the surgeon. We evaluated our initial experience using a robotic ultrasound probe that is controlled by the console surgeon.<h4>Methods",https://europepmc.org/article/MED/22925445,"(TITLE:robotic OR TITLE:""robot-assisted"" OR TITLE:autonomous) AND TITLE:ultrasound"
robotic_ultrasound,11,36369295,,10.1007/s00408-022-00590-7,Shape-Sensing Robotic-Assisted Bronchoscopy with Concurrent use of Radial Endobronchial Ultrasound and Cone Beam Computed Tomography in the Evaluation of Pulmonary Lesions,Styrvoky K,Lung,2022,Journal Article,N,N,,50,<h4>Purpose</h4>Lung nodules are a common radiographic finding. Non-surgical biopsy is recommended in patients with moderate or high pretest probability for malignancy. Shape-sensing robotic-assisted bronchoscopy (ssRAB) combined with radial endobronchial ultrasound (r-EBUS) and cone beam computed tomography (CBCT) is a new approach to sample pulmonary lesions. Limited data are available regarding,https://europepmc.org/article/MED/36369295,"(TITLE:robotic OR TITLE:""robot-assisted"" OR TITLE:autonomous) AND TITLE:ultrasound"
robotic_ultrasound,12,18650122,PMC4724791,10.1016/j.media.2008.06.002,Robotic assistance for ultrasound-guided prostate brachytherapy,Fichtinger G,Medical image analysis,2008,"research-article|Research Support, U.S. Gov't, Non-P.H.S.|Journal Article|Research Support, N.I.H., Extramural",N,Y,,49,"We present a robotically assisted prostate brachytherapy system and test results in training phantoms and Phase-I clinical trials. The system consists of a transrectal ultrasound (TRUS) and a spatially co-registered robot, fully integrated with an FDA-approved commercial treatment planning system. The salient feature of the system is a small parallel robot affixed to the mounting posts of the temp",https://europepmc.org/article/MED/18650122,"(TITLE:robotic OR TITLE:""robot-assisted"" OR TITLE:autonomous) AND TITLE:ultrasound"
robotic_ultrasound,13,14588105,,10.1089/105072503322401104,Ultrasound-guided interstitial laser photocoagulation of an autonomous thyroid nodule: the introduction of a novel alternative,Døssing H,Thyroid : official journal of the American Thyroid Association,2003,Journal Article|Case Reports,N,N,,48,"Radioiodine ((131)I) and surgery are the standard therapeutic options for the solitary autonomous thyroid nodule (AFTN). Percutaneous ethanol injection (PEI) has proven to be an effective technique and possible alternative to the conventional treatment options. However, PEI is not devoid of side effects and often necessitates multiple treatment sessions. We present a case of a 17-year-old female s",https://europepmc.org/article/MED/14588105,"(TITLE:robotic OR TITLE:""robot-assisted"" OR TITLE:autonomous) AND TITLE:ultrasound"
robotic_ultrasound,14,32432850,,10.1021/acsnano.0c03311,Wafer-Scale Fabrication of Micro- to Nanoscale Bubble Swimmers and Their Fast Autonomous Propulsion by Ultrasound,McNeill JM,ACS nano,2020,"Research Support, Non-U.S. Gov't|Journal Article",N,N,,45,"Fuel-free, biocompatible swimmers with dimensions smaller than one micrometer have the potential to revolutionize the way we study and manipulate microscopic systems. Sub-micrometer, metallic Janus particles can be propelled rapidly and autonomously by acoustically induced fluid streaming, but their operation at acoustic pressure nodes limits their utility. In contrast, bubble-based microswimmers ",https://europepmc.org/article/MED/32432850,"(TITLE:robotic OR TITLE:""robot-assisted"" OR TITLE:autonomous) AND TITLE:ultrasound"
robotic_ultrasound,15,23475917,,10.1109/tuffc.2013.2593,Robotic ultrasound systems in medicine,Priester AM,"IEEE transactions on ultrasonics, ferroelectrics, and frequency control",2013,Review|Journal Article,N,N,,44,"Robots ultrasound (RUS) can be defined as the combination of ultrasound imaging with a robotic system in medical interventions. With their potential for high precision, dexterity, and repeatability, robots are often uniquely suited for ultrasound integration. Although the field is relatively young, it has already generated a multitude of robotic systems for application in dozens of medical procedu",https://europepmc.org/article/MED/23475917,"(TITLE:robotic OR TITLE:""robot-assisted"" OR TITLE:autonomous) AND TITLE:ultrasound"
robotic_ultrasound,16,27799004,,10.1089/end.2016.0702,Comparing High-Intensity Focal Ultrasound Hemiablation to Robotic Radical Prostatectomy in the Management of Unilateral Prostate Cancer: A Matched-Pair Analysis,Albisinni S,Journal of endourology,2017,Comparative Study|Journal Article,N,N,,41,"<h4>Introduction</h4>Although still experimental, focal treatment is being increasingly implemented in the management of prostate cancer (PCa). Aim of the current study was to compare functional and oncologic outcomes of high-intensity focal ultrasound (HIFU) hemiablation of the prostate to robot-assisted laparoscopic prostatectomy (RALP) in the management of unilateral PCa.<h4>Materials</h4>Fifty",https://europepmc.org/article/MED/27799004,"(TITLE:robotic OR TITLE:""robot-assisted"" OR TITLE:autonomous) AND TITLE:ultrasound"
robotic_ultrasound,17,16685921,,10.1007/11566465_100,"DaVinci canvas: a telerobotic surgical system with integrated, robot-assisted, laparoscopic ultrasound capability",Leven J,Medical image computing and computer-assisted intervention : MICCAI ... International Conference on Medical Image Computing and Computer-Assisted Intervention,2005,"Research Support, Non-U.S. Gov't|Research Support, U.S. Gov't, Non-P.H.S.|Evaluation Study|Journal Article|Research Support, N.I.H., Extramural",N,N,,40,"We present daVinci Canvas: a telerobotic surgical system with integrated robot-assisted laparoscopic ultrasound capability. DaVinci Canvas consists of the integration of a rigid laparoscopic ultrasound probe with the daVinci robot, video tracking of ultrasound probe motions, endoscope and ultrasound calibration and registration, autonomous robot motions, and the display of registered 2D and 3D ult",https://europepmc.org/article/MED/16685921,"(TITLE:robotic OR TITLE:""robot-assisted"" OR TITLE:autonomous) AND TITLE:ultrasound"
robotic_ultrasound,18,31821099,,10.1097/ju.0000000000000692,Comparison of Initial Experience with Transrectal Magnetic Resonance Imaging Cognitive Guided Micro-Ultrasound Biopsies versus Established Transperineal Robotic Ultrasound Magnetic Resonance Imaging Fusion Biopsies for Prostate Cancer,Claros OR,The Journal of urology,2020,Comparative Study|Journal Article,N,N,,39,<h4>Purpose</h4>We compared cancer detection rates in patients who underwent magnetic resonance imaging cognitive guided micro-ultrasound biopsy vs robotic ultrasound magnetic resonance imaging fusion biopsy for prostate cancer.<h4>Materials and methods</h4>Among 269 targeted biopsy procedures 222 men underwent robotic ultrasound magnetic resonance imaging fusion biopsy and 47 micro-ultrasound bio,https://europepmc.org/article/MED/31821099,"(TITLE:robotic OR TITLE:""robot-assisted"" OR TITLE:autonomous) AND TITLE:ultrasound"
robotic_ultrasound,19,38512350,PMC11078854,10.1007/s00464-024-10772-4,Ultrasound-guided robotic surgical procedures: a systematic review,Pavone M,Surgical endoscopy,2024,"Research Support, Non-U.S. Gov't|Systematic Review|review-article|Journal Article",Y,Y,cc by,37,"<h4>Introduction</h4>Ultrasound has been nicknamed ""the surgeon's stethoscope"". The advantages of laparoscopic ultrasound beyond a substitute for the sense of touch are considerable, especially for robotic surgery. Being able to see through parenchyma and into vascular structures enables to avoid unnecessary dissection by providing a thorough assessment at every stage without the need for contrast",https://europepmc.org/article/MED/38512350,"(TITLE:robotic OR TITLE:""robot-assisted"" OR TITLE:autonomous) AND TITLE:ultrasound"
robotic_ultrasound,20,33484429,,10.1007/s11548-020-02300-1,Ultrasound-guided needle insertion robotic system for percutaneous puncture,Chen S,International journal of computer assisted radiology and surgery,2021,Journal Article,N,N,,34,"<h4>Purpose</h4>Ultrasound (US)-guided percutaneous puncture technology can realize real-time, minimally invasive interventional therapy without radiation. The location accuracy of the puncture needle directly determines the precision and safety of the operation. It is a challenge for novices and young surgeons to perform a free-hand puncture guided by the ultrasound images to achieve the desired ",https://europepmc.org/article/MED/33484429,"(TITLE:robotic OR TITLE:""robot-assisted"" OR TITLE:autonomous) AND TITLE:ultrasound"
robotic_ultrasound,21,31504875,,10.1093/pm/pnz214,The Effects of Ultrasound-Guided Transversus Abdominis Plane Block on Acute and Chronic Postsurgical Pain After Robotic Partial Nephrectomy: A Prospective Randomized Clinical Trial,Covotta M,"Pain medicine (Malden, Mass.)",2020,"Research Support, Non-U.S. Gov't|Randomized Controlled Trial|Journal Article",N,N,,32,"<h4>Background</h4>Use of a locoregional analgesia technique, such as the ultrasound-guided transversus abdominis plane block (TAPb), can improve postoperative pain management. We investigated the role of TAPb in robotic partial nephrectomy, a surgery burdened by severe postoperative pain.<h4>Methods</h4>In this prospective trial, patients with American Society of Anesthesiologists class I-III phy",https://europepmc.org/article/MED/31504875,"(TITLE:robotic OR TITLE:""robot-assisted"" OR TITLE:autonomous) AND TITLE:ultrasound"
robotic_ultrasound,22,30928829,,10.1016/j.media.2019.01.002,Ultrasound guidance in minimally invasive robotic procedures,Antico M,Medical image analysis,2019,"Research Support, Non-U.S. Gov't|Review|Journal Article",N,N,,31,"In the past decade, medical robotics has gained significant traction within the surgical field. While the introduction of fully autonomous robotic systems for surgical procedures still remains a challenge, robotic assisted interventions have become increasingly more interesting for the scientific and clinical community. This happens especially when difficulties associated with complex surgical man",https://europepmc.org/article/MED/30928829,"(TITLE:robotic OR TITLE:""robot-assisted"" OR TITLE:autonomous) AND TITLE:ultrasound"
robotic_ultrasound,23,30056612,,10.1007/s11701-018-0858-6,"Ultrasound-guided transversus abdominis plane block (US-TAPb) for robot-assisted radical prostatectomy: a novel '4-point' technique-results of a prospective, randomized study",Dal Moro F,Journal of robotic surgery,2019,Journal Article,N,N,,30,"Several works stress the importance of ultrasound-guided transversus abdominis plane block (TAPb) for post-operative analgesia and its versatility in all types of abdominal surgery, thanks to laparotomy and laparoscopy. The aim of this study was to evaluate the impact of TAPb on intra- and post-operative analgesia in the first 24 h after robot-assisted radical prostatectomy (RARP). TAPb is a new l",https://europepmc.org/article/MED/30056612,"(TITLE:robotic OR TITLE:""robot-assisted"" OR TITLE:autonomous) AND TITLE:ultrasound"
robotic_ultrasound,24,15449006,,10.1007/s00330-004-2487-x,Robot-assisted biopsy using ultrasound guidance: initial results from in vitro tests,Kettenbach J,European radiology,2005,"Research Support, Non-U.S. Gov't|Journal Article",N,N,,29,"The purpose of this study was to develop a robotic system for ultrasound (US)-guided biopsy and to validate the feasibility, accuracy and efficacy using phantom tests. Twenty peas (mean diameter 9.3+/-0.1 mm) embedded within a gel-phantom were selected for biopsy. Once the best access was defined, the position of the US transducer was recorded by an optical tracking system. Positional data of the ",https://europepmc.org/article/MED/15449006,"(TITLE:robotic OR TITLE:""robot-assisted"" OR TITLE:autonomous) AND TITLE:ultrasound"
robotic_ultrasound,25,38734697,PMC11519952,10.1038/s41467-024-48421-y,A fully autonomous robotic ultrasound system for thyroid scanning,Su K,Nature communications,2024,"Research Support, Non-U.S. Gov't|research-article|Journal Article",Y,Y,cc by,28,"The current thyroid ultrasound relies heavily on the experience and skills of the sonographer and the expertise of the radiologist, and the process is physically and cognitively exhausting. In this paper, we report a fully autonomous robotic ultrasound system, which is able to scan thyroid regions without human assistance and identify malignant nod- ules. In this system, human skeleton point recog",https://europepmc.org/article/MED/38734697,"(TITLE:robotic OR TITLE:""robot-assisted"" OR TITLE:autonomous) AND TITLE:ultrasound"
robotic_us_spine,1,37171662,,10.1007/s11548-023-02932-z,Robot-assisted ultrasound reconstruction for spine surgery: from bench-top to pre-clinical study,Li R,International journal of computer assisted radiology and surgery,2023,Journal Article,N,N,,12,"<h4>Purpose</h4>Robot-assisted ultrasound (rUS) systems have already been used to provide non-radiative three-dimensional (3D) reconstructions that form the basis for guiding spine surgical procedures. Despite promising studies on this technology, there are few studies that offer insight into the robustness and generality of the approach by verifying performance in various testing scenarios. There",https://europepmc.org/article/MED/37171662,(TITLE:robot* AND TITLE:ultrasound) AND (TITLE:spine OR TITLE:spinal OR TITLE:lumbar)
robotic_us_spine,2,36846204,PMC9946005,10.2147/jpr.s395677,"Ultrasound-Guided Modified Thoracolumbar Fascial Plane Block in Tianji Robot-Assisted Lumbar Internal Fixation: A Prospective, Randomized, and Non-Inferiority Study",Hu L,Journal of pain research,2023,research-article|Journal Article,Y,Y,cc by-nc,3,"<h4>Purpose</h4>Ultrasound-guided modified thoracolumbar fascial plane block (MTLIP) has been reported effective for postoperative pain control following lumbar surgery. Although trauma of the Tianji robot-assisted lumbar internal fixation is reduced, the degree of pain cannot be ignored.MTLIP may improve operation efficiency and reduce puncture complications.This study aimed to explore whether MT",https://europepmc.org/article/MED/36846204,(TITLE:robot* AND TITLE:ultrasound) AND (TITLE:spine OR TITLE:spinal OR TITLE:lumbar)
robotic_us_spine,3,41213998,PMC12603223,10.1038/s41597-025-06047-9,"A large, paired dataset of robotic and handheld lumbar spine ultrasound with ground-truth CT benchmarking",Cavalcanti NA,Scientific data,2025,"Research Support, Non-U.S. Gov't|Dataset|data-paper|Journal Article",Y,Y,cc by,1,"Musculoskeletal disorders present significant socio-economic challenges globally, requiring innovative diagnostic and therapeutic approaches. Current intraoperative imaging techniques, including computed tomography (CT) and radiography, involve high radiation exposure and limited soft tissue visualization. Ultrasound (US) offers a non-invasive, real-time alternative but is underutilized intraopera",https://europepmc.org/article/MED/41213998,(TITLE:robot* AND TITLE:ultrasound) AND (TITLE:spine OR TITLE:spinal OR TITLE:lumbar)
robotic_us_spine,4,40687495,PMC12273864,10.1142/s2424905x25400045,Cross-Modality Registration using Bone Surface Pointcloud for Robotic Ultrasound-Guided Spine Surgery,Ma X,Journal of medical robotics research,2025,research-article|Journal Article,N,Y,,0,"Image guidance using preoperative magnetic resonance imaging (MRI) and intraoperative ultrasound (US) can improve the outcome of spine surgery. Employing a robotic US system (RUSS) allows the automated acquisition of large 3D US volumes, facilitating accurate registration. However, such registration remains challenging due to the cross-modality discrepancy. To address this issue, we present a pipe",https://europepmc.org/article/MED/40687495,(TITLE:robot* AND TITLE:ultrasound) AND (TITLE:spine OR TITLE:spinal OR TITLE:lumbar)
us_ct_registration_spine,1,12362375,,10.1002/igs.10038,Registration of 3D CT and ultrasound datasets of the spine using bone structures,Brendel B,Computer aided surgery : official journal of the International Society for Computer Aided Surgery,2002,"Research Support, Non-U.S. Gov't|Journal Article",N,N,,56,"<h4>Objective</h4>In navigated orthopedic surgery, accurate registration of bones is of major interest. Usually, this registration is performed using landmarks positioned directly on the bone surface. These landmarks must be exposed during surgery. Our goal is to avoid the exposure of bone surface for the sole purpose of registration by using an intraoperative ultrasound device that can localize t",https://europepmc.org/article/MED/12362375,(TITLE:registration) AND TITLE:ultrasound AND (TITLE:spine OR TITLE:spinal OR TITLE:vertebra*)
us_ct_registration_spine,2,21126904,,10.1016/j.media.2010.07.008,Biomechanically constrained groupwise ultrasound to CT registration of the lumbar spine,Gill S,Medical image analysis,2012,"Research Support, Non-U.S. Gov't|Journal Article",N,N,,39,"We present a groupwise US to CT registration algorithm for guiding percutaneous spinal interventions. In addition, we introduce a comprehensive validation scheme that accounts for changes in the curvature of the spine between preoperative and intraoperative imaging. In our registration methodology, each vertebra in CT is treated as a sub-volume and transformed individually. A biomechanical model i",https://europepmc.org/article/MED/21126904,(TITLE:registration) AND TITLE:ultrasound AND (TITLE:spine OR TITLE:spinal OR TITLE:vertebra*)
us_ct_registration_spine,3,20976567,,10.1007/s11548-010-0536-2,"Towards accurate, robust and practical ultrasound-CT registration of vertebrae for image-guided spine surgery",Yan CX,International journal of computer assisted radiology and surgery,2011,"Comparative Study|Research Support, Non-U.S. Gov't|Journal Article",N,N,,35,"<h4>Purpose</h4>Accurate registration of patient anatomy and preoperative computed tomography (CT) images is key to successful image-guided spine surgery. Current manual landmark and surface-based techniques are time-consuming and not always accurate. Intraoperative ultrasound imaging of the vertebrae, combined with automated registration, could improve surgery by improving accuracy, reducing oper",https://europepmc.org/article/MED/20976567,(TITLE:registration) AND TITLE:ultrasound AND (TITLE:spine OR TITLE:spinal OR TITLE:vertebra*)
us_ct_registration_spine,4,24988590,,10.1109/tmi.2014.2332571,Local phase tensor features for 3-D ultrasound to statistical shape+pose spine model registration,Hacihaliloglu I,IEEE transactions on medical imaging,2014,"Research Support, Non-U.S. Gov't|Journal Article",N,N,,32,"Most conventional spine interventions are performed under X-ray fluoroscopy guidance. In recent years, there has been a growing interest to develop nonionizing imaging alternatives to guide these procedures. Ultrasound guidance has emerged as a leading alternative. However, a challenging problem is automatic identification of the spinal anatomy in ultrasound data. In this paper, we propose a local",https://europepmc.org/article/MED/24988590,(TITLE:registration) AND TITLE:ultrasound AND (TITLE:spine OR TITLE:spinal OR TITLE:vertebra*)
us_ct_registration_spine,5,20879300,,10.1007/978-3-642-15745-5_9,Registration of a statistical shape model of the lumbar spine to 3D ultrasound images,Khallaghi S,Medical image computing and computer-assisted intervention : MICCAI ... International Conference on Medical Image Computing and Computer-Assisted Intervention,2010,Journal Article,N,N,,19,<h4>Motivation</h4>Spinal needle injections are technically demanding procedures. The use of ultrasound image guidance without prior CT and MR imagery promises to improve the efficacy and safety of these procedures in an affordable manner.<h4>Methodology</h4>We propose to create a statistical shape model of the lumbar spine and warp this atlas to patient-specific ultrasound images during the needl,https://europepmc.org/article/MED/20879300,(TITLE:registration) AND TITLE:ultrasound AND (TITLE:spine OR TITLE:spinal OR TITLE:vertebra*)
us_ct_registration_spine,6,22755700,,10.1118/1.4711753,Feature-based multibody rigid registration of CT and ultrasound images of lumbar spine,Rasoulian A,Medical physics,2012,"Research Support, Non-U.S. Gov't|Journal Article",N,N,,17,"<h4>Purpose</h4>Fusion of intraprocedure ultrasound and preprocedure CT data is proposed for guidance in percutaneous spinal injections, a common procedure for pain management. CT scan of the lumbar spine is usually collected in a supine position, whereas spinal injections are performed in prone or sitting positions. This leads to a difference in the spine curvature between CT and ultrasound image",https://europepmc.org/article/MED/22755700,(TITLE:registration) AND TITLE:ultrasound AND (TITLE:spine OR TITLE:spinal OR TITLE:vertebra*)
us_ct_registration_spine,7,22700352,,10.1007/s11548-012-0771-9,Ultrasound-CT registration of vertebrae without reconstruction,Yan CX,International journal of computer assisted radiology and surgery,2012,"Research Support, Non-U.S. Gov't|Validation Study|Journal Article",N,N,,17,"<h4>Purpose</h4>While robust and accurate, our previously developed volume-to-volume ultrasound-CT registration of vertebrae required that the 2D ultrasound slices be reconstructed into a 3D volume, a time-consuming step that increased the total registration time per vertebra. We have modified our registration technique to a slices-to-volume strategy to eliminate the ultrasound reconstruction step",https://europepmc.org/article/MED/22700352,(TITLE:registration) AND TITLE:ultrasound AND (TITLE:spine OR TITLE:spinal OR TITLE:vertebra*)
us_ct_registration_spine,8,21982123,,10.1016/j.media.2011.07.006,Multi-modal registration of speckle-tracked freehand 3D ultrasound to CT in the lumbar spine,Lang A,Medical image analysis,2012,"Research Support, Non-U.S. Gov't|Journal Article",N,N,,16,"A method for registration of speckle-tracked freehand 3D ultrasound (US) to preoperative CT volumes of the spine is proposed. We register the US volume to the CT volume by creating individual US ""sub-volumes"", each consisting of a small section of the entire US volume. The registration proceeds incrementally from the beginning of the US volume to the end, registering every sub-volume, where each s",https://europepmc.org/article/MED/21982123,(TITLE:registration) AND TITLE:ultrasound AND (TITLE:spine OR TITLE:spinal OR TITLE:vertebra*)
us_ct_registration_spine,9,19716226,,10.1016/j.ultrasmedbio.2009.06.1089,Toward registration of 3D ultrasound and CT images of the spine in clinical praxis: design and evaluation of a data acquisition protocol,Winter S,Ultrasound in medicine & biology,2009,"Research Support, Non-U.S. Gov't|Evaluation Study|Journal Article",N,N,,14,"Recent work has demonstrated the accuracy and operational viability of an algorithm proposed by the authors that successfully registers 3-D ultrasound data with CT or MRI data. The successful application of this method to intraoperative navigation, however, depends critically on the quality of the acquired ultrasound data. This gives rise to two questions concerning the usability of the algorithm ",https://europepmc.org/article/MED/19716226,(TITLE:registration) AND TITLE:ultrasound AND (TITLE:spine OR TITLE:spinal OR TITLE:vertebra*)
us_ct_registration_spine,10,32533392,,10.1007/s10439-020-02546-5,Development and Evaluation of CT-to-3D Ultrasound Image Registration Algorithm in Vertebral Phantoms for Spine Surgery,Chan A,Annals of biomedical engineering,2021,Journal Article,N,N,,12,"Posterior spinal fusion surgery requires careful insertion of screws into the spine to avoid neurologic injury. While current systems use CT-scans, three-dimensional ultrasound (3DUS) could provide guidance by reconstructing the vertebral surface, and then registering a pre-operative vertebral model to that surface for localization. The aim of this study was to evaluate the accuracy and processing",https://europepmc.org/article/MED/32533392,(TITLE:registration) AND TITLE:ultrasound AND (TITLE:spine OR TITLE:spinal OR TITLE:vertebra*)
us_ct_registration_spine,11,31254179,,10.1007/s11548-019-02020-1,Toward real-time rigid registration of intra-operative ultrasound with preoperative CT images for lumbar spinal fusion surgery,Gueziri HE,International journal of computer assisted radiology and surgery,2019,Journal Article,N,N,,12,"<h4>Purpose</h4>Accurate and effective registration of the vertebrae is crucial for spine surgical navigation procedures. Patient movement, surgical instrumentation or inadvertent contact with the tracked reference during the intervention may invalidate the registration, requiring a rapid correction of the misalignment. In this paper, we present a framework to rigidly align preoperative computed t",https://europepmc.org/article/MED/31254179,(TITLE:registration) AND TITLE:ultrasound AND (TITLE:spine OR TITLE:spinal OR TITLE:vertebra*)
us_ct_registration_spine,12,22113426,,10.1007/s11548-011-0666-1,Validation of automated ultrasound-CT registration of vertebrae,Yan CX,International journal of computer assisted radiology and surgery,2012,"Research Support, Non-U.S. Gov't|Validation Study|Journal Article",N,N,,12,<h4>Purpose</h4>Image-guided spine surgery requires registration of the patient anatomy and preoperative computed tomography (CT) images. A technique for intraoperative ultrasound image registration to preoperative CT scans was developed and tested. Validation of the ultrasound-CT registration technique was performed using porcine cadavers.<h4>Methods</h4>An ultrasound-CT registration technique wa,https://europepmc.org/article/MED/22113426,(TITLE:registration) AND TITLE:ultrasound AND (TITLE:spine OR TITLE:spinal OR TITLE:vertebra*)
us_ct_registration_spine,13,27020690,,10.1007/s10439-016-1599-1,Hierarchical CT to Ultrasound Registration of the Lumbar Spine: A Comparison with Other Registration Methods,Koo TK,Annals of biomedical engineering,2016,Comparative Study|Journal Article,N,N,,11,"Three-dimensional (3D) measurement of the spine can provide important information for functional, developmental, diagnostic, and treatment-effect evaluations. However, existing measurement techniques are either 2-dimensional, highly invasive, or involve a high radiation dose, prohibiting their widespread and repeated use in both research and clinical settings. Non-invasive, non-ionizing, 3D measur",https://europepmc.org/article/MED/27020690,(TITLE:registration) AND TITLE:ultrasound AND (TITLE:spine OR TITLE:spinal OR TITLE:vertebra*)
us_ct_registration_spine,14,33683544,,10.1007/s11548-021-02323-2,Multimodal 3D ultrasound and CT in image-guided spinal surgery: public database and new registration algorithms,Masoumi N,International journal of computer assisted radiology and surgery,2021,Review|Journal Article,N,N,,10,<h4>Purpose</h4>Accurate multimodal registration of intraoperative ultrasound (US) and preoperative computed tomography (CT) is a challenging problem. Construction of public datasets of US and CT images can accelerate the development of such image registration techniques. This can help ensure the accuracy and safety of spinal surgeries using image-guided surgery systems where an image registration,https://europepmc.org/article/MED/33683544,(TITLE:registration) AND TITLE:ultrasound AND (TITLE:spine OR TITLE:spinal OR TITLE:vertebra*)
us_ct_registration_spine,15,30372418,PMC6298037,10.1088/1361-6560/aae761,"Real-time, image-based slice-to-volume registration for ultrasound-guided spinal intervention",De Silva T,Physics in medicine and biology,2018,"research-article|Journal Article|Research Support, N.I.H., Extramural",N,Y,,9,Real-time fusion of magnetic resonance (MR) and ultrasound (US) images could facilitate safe and accurate needle placement in spinal interventions. We develop an entirely image-based registration method (independent of or complementary to surgical trackers) that includes an efficient US probe pose initialization algorithm. The registration enables the simultaneous display of 2D ultrasound image sl,https://europepmc.org/article/MED/30372418,(TITLE:registration) AND TITLE:ultrasound AND (TITLE:spine OR TITLE:spinal OR TITLE:vertebra*)
us_ct_registration_spine,16,26984554,,10.1007/s11548-016-1369-4,"Joint registration of ultrasound, CT and a shape+pose statistical model of the lumbar spine for guiding anesthesia",Behnami D,International journal of computer assisted radiology and surgery,2016,Journal Article,N,N,,8,"<h4>Purpose</h4>Facet joint injections and epidural needle insertions are widely used for spine anesthesia. Accurate needle placement is important for effective therapy delivery and avoiding complications arising from damage of soft tissue and nerves. Needle guidance is usually performed by fluoroscopy or palpation, resulting in radiation exposure and multiple needle re-insertions. Several ultraso",https://europepmc.org/article/MED/26984554,(TITLE:registration) AND TITLE:ultrasound AND (TITLE:spine OR TITLE:spinal OR TITLE:vertebra*)
us_ct_registration_spine,17,24579161,,10.1007/978-3-642-40763-5_45,Statistical shape model to 3D ultrasound registration for spine interventions using enhanced local phase features,Hacihaliloghlu I,Medical image computing and computer-assisted intervention : MICCAI ... International Conference on Medical Image Computing and Computer-Assisted Intervention,2013,"Research Support, Non-U.S. Gov't|Journal Article",N,N,,8,Accurate registration of ultrasound images to statistical shape models is a challenging problem in percutaneous spine injection procedures due to the typical imaging artifacts inherent to ultrasound. In this paper we propose a robust and accurate registration method that matches local phase bone features extracted from ultrasound images to a statistical shape model. The local phase information for,https://europepmc.org/article/MED/24579161,(TITLE:registration) AND TITLE:ultrasound AND (TITLE:spine OR TITLE:spinal OR TITLE:vertebra*)
us_ct_registration_spine,18,37708456,,10.1002/mp.16731,Anatomy-aware computed tomography-to-ultrasound spine registration,Azampour MF,Medical physics,2024,Journal Article,N,N,cc by-nc,7,"<h4>Background</h4>Ultrasound (US) has demonstrated to be an effective guidance technique for lumbar spine injections, enabling precise needle placement without exposing the surgeon or the patient to ionizing radiation. However, noise and acoustic shadowing artifacts make US data interpretation challenging. To mitigate these problems, many authors suggested using computed tomography (CT)-to-US reg",https://europepmc.org/article/MED/37708456,(TITLE:registration) AND TITLE:ultrasound AND (TITLE:spine OR TITLE:spinal OR TITLE:vertebra*)
us_ct_registration_spine,19,37163859,,10.1016/j.ultras.2023.107018,A novel method for spine ultrasound and X-ray radiograph registration,Jiang W,Ultrasonics,2023,Journal Article,N,N,,1,"Ultrasound is a promising imaging method for scoliosis evaluation because it is radiation free and provide real-time images. However, it cannot provide bony details because ultrasound cannot penetrate the bony structure. Therefore, registration of real-time ultrasound images with the previous X-ray radiograph can help physicians understand the spinal deformity of patients. In this study, an improv",https://europepmc.org/article/MED/37163859,(TITLE:registration) AND TITLE:ultrasound AND (TITLE:spine OR TITLE:spinal OR TITLE:vertebra*)
us_ct_registration_spine,20,31255312,,10.1016/j.jmpt.2019.03.008,In Vivo Measurement of the Human Lumbar Spine Using Magnetic Resonance Imaging to Ultrasound Registration,Koo TK,Journal of manipulative and physiological therapeutics,2019,"Research Support, Non-U.S. Gov't|Validation Study|Journal Article",N,N,,1,"<h4>Objective</h4>This study aimed to refine a magnetic resonance imaging (MRI)-ultrasound registration (ie, alignment) technique to make noninvasive, nonionizing, 3-dimensional measurement of the lumbar segmental motion in vivo.<h4>Methods</h4>Five healthy participants participated in this validation study. We scanned the lumbar region of each participant 5 times using an ultrasound probe while h",https://europepmc.org/article/MED/31255312,(TITLE:registration) AND TITLE:ultrasound AND (TITLE:spine OR TITLE:spinal OR TITLE:vertebra*)
needle_ultrasound_tracking,1,11490233,,10.1016/s0022-5347(05)65851-x,Safety and morbidity of first and repeat transrectal ultrasound guided prostate needle biopsies: results of a prospective European prostate cancer detection study,Djavan B,The Journal of urology,2001,Review|Journal Article,N,N,,186,"<h4>Purpose</h4>We prospectively evaluate the safety, morbidity and complication rates for first and repeat transrectal ultrasound guided prostate needle biopsies.<h4>Materials and methods</h4>In this prospective European Prostate Cancer Detection Study 1,051 men, with total prostate specific antigen between 4 and 10 ng./ml., underwent transrectal ultrasound guided sextant biopsy plus 2 additional",https://europepmc.org/article/MED/11490233,(TITLE:needle) AND TITLE:ultrasound AND (TITLE:tracking OR TITLE:segmentation OR TITLE:detection OR TITLE:localization)
needle_ultrasound_tracking,2,15748959,,10.1016/j.jneuroim.2004.12.018,In vivo detection of myelin proteins in cervical lymph nodes of MS patients using ultrasound-guided fine-needle aspiration cytology,Fabriek BO,Journal of neuroimmunology,2005,"Historical Article|Research Support, Non-U.S. Gov't|Journal Article",N,N,,85,"Cervical lymph nodes (CLN) have been described to be the first lymphoid draining site of the brain. In this study we used ultrasound guided fine needle aspiration cytology (USgFNAC) to obtain cells, in vivo, from non-enlarged CLN of multiple sclerosis (MS) patients and HCs (HC), and investigated whether myelin proteins could be detected. Macrophages containing myelin basic protein (MBP) and proteo",https://europepmc.org/article/MED/15748959,(TITLE:needle) AND TITLE:ultrasound AND (TITLE:tracking OR TITLE:segmentation OR TITLE:detection OR TITLE:localization)
needle_ultrasound_tracking,3,9539556,,10.1016/s0360-3016(97)00953-x,The value of ultrasound with ultrasound-guided fine-needle aspiration biopsy compared to computed tomography in the detection of regional metastases in the clinically negative neck,Takes RP,"International journal of radiation oncology, biology, physics",1998,Comparative Study|Multicenter Study|Journal Article,N,N,,70,<h4>Purpose</h4>Head and neck oncologists have not reached consensus regarding the role of contemporary imaging techniques in the evaluation of the clinically negative neck in patients with head and neck squamous cell carcinoma (HNSCC). The purpose of the present study was to compare the accuracy of ultrasound with guided fine-needle aspiration biopsy (UGFNAB) and computed tomography (CT) in detec,https://europepmc.org/article/MED/9539556,(TITLE:needle) AND TITLE:ultrasound AND (TITLE:tracking OR TITLE:segmentation OR TITLE:detection OR TITLE:localization)
needle_ultrasound_tracking,4,12187228,,10.1016/s0022-5347(05)64580-6,Ultrasound guided needle localization and microsurgical exploration for incidental nonpalpable testicular tumors,Hopps CV,The Journal of urology,2002,Journal Article,N,N,,67,"<h4>Purpose</h4>We describe a technique by which incidental, nonpalpable intratesticular tumors are excised using intraoperative ultrasonography and the operating microscope.<h4>Materials and methods</h4>Men with impalpable intratesticular tumors incidentally detected by ultrasonography underwent intraoperative ultrasound guided needle localization and microsurgical exploration of the mass. The te",https://europepmc.org/article/MED/12187228,(TITLE:needle) AND TITLE:ultrasound AND (TITLE:tracking OR TITLE:segmentation OR TITLE:detection OR TITLE:localization)
needle_ultrasound_tracking,5,28025154,,10.1016/j.cgh.2016.12.018,Increasing Number of Passes Beyond 4 Does Not Increase Sensitivity of Detection of Pancreatic Malignancy by Endoscopic Ultrasound-Guided Fine-Needle Aspiration,Mohamadnejad M,Clinical gastroenterology and hepatology : the official clinical practice journal of the American Gastroenterological Association,2017,Multicenter Study|Randomized Controlled Trial|Journal Article,N,N,,54,"<h4>Background & aims</h4>It is not clear exactly how many passes are required to determine whether pancreatic masses are malignant using endoscopic ultrasound-guided fine-needle aspiration (EUS-FNA). We aimed to define the per-pass diagnostic yield of EUS-FNA for establishing the malignancy of a pancreatic mass, and identify factors associated with detection of malignancies.<h4>Methods</h4>In a p",https://europepmc.org/article/MED/28025154,(TITLE:needle) AND TITLE:ultrasound AND (TITLE:tracking OR TITLE:segmentation OR TITLE:detection OR TITLE:localization)
needle_ultrasound_tracking,6,16978950,,10.1016/j.amjsurg.2006.06.012,Prospective randomized study comparing cryo-assisted and needle-wire localization of ultrasound-visible breast tumors,Tafra L,American journal of surgery,2006,"Comparative Study|Research Support, Non-U.S. Gov't|Randomized Controlled Trial|Journal Article",N,N,,48,<h4>Background</h4>This study compared the surgical results of 2 localization methods-cryo-assisted localization (CAL) and needle-wire localization (NWL)-in patients undergoing breast lumpectomy for breast cancer.<h4>Methods</h4>A total of 310 patients were treated in an institutional review board-approved study with 18 surgeons at 17 sites. Patients were randomized 2:1 to undergo either intraoper,https://europepmc.org/article/MED/16978950,(TITLE:needle) AND TITLE:ultrasound AND (TITLE:tracking OR TITLE:segmentation OR TITLE:detection OR TITLE:localization)
needle_ultrasound_tracking,7,29512006,,10.1007/s11548-018-1721-y,Convolution neural networks for real-time needle detection and localization in 2D ultrasound,Mwikirize C,International journal of computer assisted radiology and surgery,2018,Journal Article,N,N,,47,"<h4>Purpose</h4>We propose a framework for automatic and accurate detection of steeply inserted needles in 2D ultrasound data using convolution neural networks. We demonstrate its application in needle trajectory estimation and tip localization.<h4>Methods</h4>Our approach consists of a unified network, comprising a fully convolutional network (FCN) and a fast region-based convolutional neural net",https://europepmc.org/article/MED/29512006,(TITLE:needle) AND TITLE:ultrasound AND (TITLE:tracking OR TITLE:segmentation OR TITLE:detection OR TITLE:localization)
needle_ultrasound_tracking,8,19267159,,10.1245/s10434-009-0388-6,Intraoperative ultrasound versus mammographic needle localization for ductal carcinoma in situ,James TA,Annals of surgical oncology,2009,"Comparative Study|Journal Article|Research Support, N.I.H., Extramural",N,N,,43,<h4>Background</h4>Ductal carcinoma in situ (DCIS) often requires some method of localization to achieve breast-conserving therapy. The purpose of this study was to compare the efficacy of intraoperative ultrasound versus mammographic needle localization (MNL) for partial mastectomy in DCIS.<h4>Materials and methods</h4>Data were collected from a Breast Cancer Surgery Database. All DCIS cases unde,https://europepmc.org/article/MED/19267159,(TITLE:needle) AND TITLE:ultrasound AND (TITLE:tracking OR TITLE:segmentation OR TITLE:detection OR TITLE:localization)
needle_ultrasound_tracking,9,10896332,,10.1002/1097-0142(20000625)90:3<186::aid-cncr7>3.0.co;2-o,Ultrasound-guided fine-needle aspiration cytology in the early detection of melanoma metastases,Voit C,Cancer,2000,Journal Article,N,N,,43,"<h4>Background</h4>The early detection and treatment of tumor recurrences in melanoma patients is dependent on reliable, sensitive, and specific techniques to verify suspected tumor metastases. As of now, fine-needle aspiration cytology (FNAC) has yet to establish itself in the routine follow-up of melanoma patients.<h4>Methods</h4>FNAC procedures were performed in melanoma patients with palpable ",https://europepmc.org/article/MED/10896332,(TITLE:needle) AND TITLE:ultrasound AND (TITLE:tracking OR TITLE:segmentation OR TITLE:detection OR TITLE:localization)
needle_ultrasound_tracking,10,28809679,,10.1109/tmi.2017.2739110,Automatic Localization of the Needle Target for Ultrasound-Guided Epidural Injections,Pesteie M,IEEE transactions on medical imaging,2018,"Research Support, Non-U.S. Gov't|Journal Article",N,N,,42,"Accurate identification of the needle target is crucial for effective epidural anesthesia. Currently, epidural needle placement is administered by a manual technique, relying on the sense of feel, which has a significant failure rate. Moreover, misleading the needle may lead to inadequate anesthesia, post dural puncture headaches, and other potential complications. Ultrasound offers guidance to th",https://europepmc.org/article/MED/28809679,(TITLE:needle) AND TITLE:ultrasound AND (TITLE:tracking OR TITLE:segmentation OR TITLE:detection OR TITLE:localization)
needle_ultrasound_tracking,11,15705978,,10.1378/chest.127.2.430,Accurate molecular detection of non-small cell lung cancer metastases in mediastinal lymph nodes sampled by endoscopic ultrasound-guided needle aspiration,Wallace MB,Chest,2005,"Controlled Clinical Trial|Comparative Study|Clinical Trial|Research Support, U.S. Gov't, P.H.S.|Journal Article",N,N,,41,"<h4>Objectives</h4>The recurrence of disease after the complete resection of early stage non-small cell lung cancer (NSCLC) indicates that undetected metastases were present at the time of surgery. Quantitative real-time reverse transcriptase-polymerase chain reaction (RT-PCR) is a highly sensitive technique for detecting rare gene transcripts that may indicate the presence of cancer cells, and en",https://europepmc.org/article/MED/15705978,(TITLE:needle) AND TITLE:ultrasound AND (TITLE:tracking OR TITLE:segmentation OR TITLE:detection OR TITLE:localization)
needle_ultrasound_tracking,12,17669707,,10.4158/ep.13.4.333,Utility of ultrasound-guided fine-needle aspiration of parathyroid adenomas for localization before minimally invasive parathyroidectomy,Abraham D,Endocrine practice : official journal of the American College of Endocrinology and the American Association of Clinical Endocrinologists,2007,Controlled Clinical Trial|Journal Article,N,N,,40,<h4>Objective</h4>To determine the sensitivity and specificity of ultrasound (US)-guided fine-needle aspiration (FNA) and measurement of parathyroid hormone (PTH) in the aspirate (FNA/PTH) as a preoperative localization procedure.<h4>Methods</h4>The study group consisted of 34 consecutive patients with primary hyperparathyroidism. The FNA/PTH estimations in these patients were compared with those ,https://europepmc.org/article/MED/17669707,(TITLE:needle) AND TITLE:ultrasound AND (TITLE:tracking OR TITLE:segmentation OR TITLE:detection OR TITLE:localization)
needle_ultrasound_tracking,13,12607840,,10.1118/1.1538231,Automatic needle segmentation in three-dimensional ultrasound images using two orthogonal two-dimensional image projections,Ding M,Medical physics,2003,"Research Support, Non-U.S. Gov't|Validation Study|Evaluation Study|Journal Article",N,N,,35,"In this paper, we describe an algorithm to segment a needle from a three-dimensional (3D) ultrasound image by using two orthogonal two-dimensional (2D) image projections. Not only is the needle more conspicuous in a projected (volume-rendered) image, but its direction in 3D lies in the plane defined by the projection direction and the needle direction in the projected 2D image. Hence, using two su",https://europepmc.org/article/MED/12607840,(TITLE:needle) AND TITLE:ultrasound AND (TITLE:tracking OR TITLE:segmentation OR TITLE:detection OR TITLE:localization)
needle_ultrasound_tracking,14,10984243,,10.1118/1.1287437,An algorithm for automatic needle localization in ultrasound-guided breast biopsies,Draper KJ,Medical physics,2000,Journal Article,N,N,,35,"An algorithm was developed in order to reduce operator dependence in ultrasound-guided breast biopsy, by automatically locating the needle in the ultrasound image, and displaying its location on the image for the user. Ultrasound images of a typical breast biopsy needle inserted in a tissue-mimicking agar were obtained to test the algorithm. The resulting images were examined by a group of observe",https://europepmc.org/article/MED/10984243,(TITLE:needle) AND TITLE:ultrasound AND (TITLE:tracking OR TITLE:segmentation OR TITLE:detection OR TITLE:localization)
needle_ultrasound_tracking,15,16360402,,10.1016/j.surg.2005.08.030,Use of surgeon-performed office ultrasound and parathyroid fine needle aspiration for complex parathyroid localization,Stephen AE,Surgery,2005,Journal Article,N,N,,32,<h4>Background</h4>This study investigates the utility of ultrasound guided parathyroid fine needle aspiration (FNA) as a localizing technique in patients with hyperparathyroidism (HPT) undergoing re-operative neck surgery or with unusually appearing or ectopically located glands.<h4>Methods</h4>Selected patients with HPT underwent surgeon-performed FNA with ultrasound guidance. Aspirate contents ,https://europepmc.org/article/MED/16360402,(TITLE:needle) AND TITLE:ultrasound AND (TITLE:tracking OR TITLE:segmentation OR TITLE:detection OR TITLE:localization)
needle_ultrasound_tracking,16,19135552,,10.1016/j.cgh.2008.09.010,Endoscopic ultrasound fine-needle aspiration detection of extravascular migratory metastasis from a remotely located pancreatic cancer,Levy MJ,Clinical gastroenterology and hepatology : the official clinical practice journal of the American Gastroenterological Association,2009,Journal Article|Case Reports,N,N,,31,"<h4>Background & aims</h4>Tumor cell migration along the periphery of blood vessels to remote sites has been termed extravascular migratory metastasis, which is distinct from direct gross tumor infiltration of blood vessels and from intravascular dissemination. Our objective was to report the presence of malignant perivascular cuffing of the celiac axis in a patient with an apparently early T stag",https://europepmc.org/article/MED/19135552,(TITLE:needle) AND TITLE:ultrasound AND (TITLE:tracking OR TITLE:segmentation OR TITLE:detection OR TITLE:localization)
needle_ultrasound_tracking,17,21876563,,10.1038/ajg.2011.281,Detection of KRAS gene mutations in endoscopic ultrasound-guided fine-needle aspiration biopsy for improving pancreatic cancer diagnosis,Wang X,The American journal of gastroenterology,2011,"Research Support, Non-U.S. Gov't|Journal Article",N,N,,30,<h4>Objectives</h4>Endoscopic ultrasound-guided fine-needle aspiration biopsy (EUS-FNAB) is a useful tool in the diagnosis of pancreatic masses. Genetic analysis of these samples could increase the sensitivity and specificity of diagnosis. This study aimed to evaluate the usefulness of a novel method for the detection of mutations in the KRAS (Kirsten rat sarcoma-2 virus) gene for the diagnosis of,https://europepmc.org/article/MED/21876563,(TITLE:needle) AND TITLE:ultrasound AND (TITLE:tracking OR TITLE:segmentation OR TITLE:detection OR TITLE:localization)
needle_ultrasound_tracking,18,32995981,,10.1007/s11548-020-02227-7,Enhancement of needle visualization and localization in ultrasound,Beigi P,International journal of computer assisted radiology and surgery,2021,Review|Journal Article,N,N,,29,"<h4>Purpose</h4>This scoping review covers needle visualization and localization techniques in ultrasound, where localization-based approaches mostly aim to compute the needle shaft (and tip) location while potentially enhancing its visibility too.<h4>Methods</h4>A literature review is conducted on the state-of-the-art techniques, which could be divided into five categories: (1) signal and image p",https://europepmc.org/article/MED/32995981,(TITLE:needle) AND TITLE:ultrasound AND (TITLE:tracking OR TITLE:segmentation OR TITLE:detection OR TITLE:localization)
needle_ultrasound_tracking,19,25063736,,10.1016/j.compmedimag.2014.06.016,Enhanced needle localization in ultrasound using beam steering and learning-based segmentation,Hatt CR,Computerized medical imaging and graphics : the official journal of the Computerized Medical Imaging Society,2015,Journal Article,N,N,,29,"Segmentation of needles in ultrasound images remains a challenging problem. In this paper, we introduce a machine learning-based method for needle segmentation in 2D beam-steered ultrasound images. We used a statistical boosting approach to train a pixel-wise classifier for needle segmentation. The Radon transform was then used to find the needle position and orientation from the segmented image. ",https://europepmc.org/article/MED/25063736,(TITLE:needle) AND TITLE:ultrasound AND (TITLE:tracking OR TITLE:segmentation OR TITLE:detection OR TITLE:localization)
needle_ultrasound_tracking,20,28623369,PMC5473903,10.1038/s41598-017-03886-4,Looking beyond the imaging plane: 3D needle tracking with a linear array ultrasound probe,Xia W,Scientific reports,2017,"Research Support, Non-U.S. Gov't|research-article|Journal Article",Y,Y,cc by,28,"Ultrasound is well suited for guiding many minimally invasive procedures, but its use is often precluded by the poor visibility of medical devices. When devices are not visible, they can damage critical structures, with life-threatening complications. Here, we developed the first ultrasound probe that comprises both focused and unfocused transducer elements to provide both 2D B-mode ultrasound ima",https://europepmc.org/article/MED/28623369,(TITLE:needle) AND TITLE:ultrasound AND (TITLE:tracking OR TITLE:segmentation OR TITLE:detection OR TITLE:localization)
needle_ultrasound_tracking,21,23090451,,10.1007/s12630-012-9809-2,Real-time ultrasound-guided spinal anesthesia using the SonixGPS® needle tracking system: a case report,Wong SW,Canadian journal of anaesthesia = Journal canadien d'anesthesie,2013,"Research Support, Non-U.S. Gov't|Journal Article|Case Reports",N,N,,28,"<h4>Purpose</h4>The SonixGPS® is an electromagnetic needle tracking system for ultrasound-guided needle intervention. Both current and predicted needle tip position are displayed on the ultrasound screen in real-time, facilitating needle-beam alignment and guidance to the target. This case report illustrates the use of the SonixGPS system for successful performance of real-time ultrasound-guided s",https://europepmc.org/article/MED/23090451,(TITLE:needle) AND TITLE:ultrasound AND (TITLE:tracking OR TITLE:segmentation OR TITLE:detection OR TITLE:localization)
needle_ultrasound_tracking,22,30763829,,10.1016/j.media.2019.02.002,Automatic needle detection and real-time Bi-planar needle visualization during 3D ultrasound scanning of the liver,Arif M,Medical image analysis,2019,"Research Support, Non-U.S. Gov't|Journal Article",N,N,,27,"2D ultrasound (US) image guidance is used in minimally invasive procedures in the liver to visualize the target and the needle. Needle insertion using 2D ultrasound keeping the transducer position to view needle and reach target is challenging. Dedicated needle holders attached to the US transducer help to target in plane and at a specific angle. A drawback of this is that, the probe is fixed to t",https://europepmc.org/article/MED/30763829,(TITLE:needle) AND TITLE:ultrasound AND (TITLE:tracking OR TITLE:segmentation OR TITLE:detection OR TITLE:localization)
needle_ultrasound_tracking,23,28222486,,10.1111/iju.13306,Accuracy of real-time magnetic resonance imaging-transrectal ultrasound fusion image-guided transperineal target biopsy with needle tracking with a mechanical position-encoded stepper in detecting significant prostate cancer in biopsy-naïve men,Shoji S,International journal of urology : official journal of the Japanese Urological Association,2017,Comparative Study|Evaluation Study|Journal Article,N,N,,27,<h4>Objective</h4>To evaluate the accuracy of real-time elastic fusion image-guided transperineal prostate biopsy with needle tracking involving a mechanical position-encoded stepper in detecting clinically significant prostate cancer for biopsy-naïve men.<h4>Methods</h4>We prospectively recruited patients with serum prostate-specific antigen levels of 4.0-20 ng/mL and suspicious of prostate cance,https://europepmc.org/article/MED/28222486,(TITLE:needle) AND TITLE:ultrasound AND (TITLE:tracking OR TITLE:segmentation OR TITLE:detection OR TITLE:localization)
needle_ultrasound_tracking,24,24081726,,10.1177/0161734613502004,Automatic needle detection and tracking in 3D ultrasound using an ROI-based RANSAC and Kalman method,Zhao Y,Ultrasonic imaging,2013,Journal Article,N,N,,27,"This article proposes a robust technique for needle detection and tracking using three-dimensional ultrasound (3D US). It is difficult for radiologists to detect and follow the position of micro tools, such as biopsy needles, that are inserted in human tissues under 3D US guidance. To overcome this difficulty, we propose a method that automatically reduces the processed volume to a limited region ",https://europepmc.org/article/MED/24081726,(TITLE:needle) AND TITLE:ultrasound AND (TITLE:tracking OR TITLE:segmentation OR TITLE:detection OR TITLE:localization)
needle_ultrasound_tracking,25,29855770,PMC6132402,10.1007/s11548-018-1798-3,Robust and semantic needle detection in 3D ultrasound using orthogonal-plane convolutional neural networks,Pourtaherian A,International journal of computer assisted radiology and surgery,2018,research-article|Journal Article,Y,Y,cc by,26,"<h4>Purpose</h4>During needle interventions, successful automated detection of the needle immediately after insertion is necessary to allow the physician identify and correct any misalignment of the needle and the target at early stages, which reduces needle passes and improves health outcomes.<h4>Methods</h4>We present a novel approach to localize partially inserted needles in 3D ultrasound volum",https://europepmc.org/article/MED/29855770,(TITLE:needle) AND TITLE:ultrasound AND (TITLE:tracking OR TITLE:segmentation OR TITLE:detection OR TITLE:localization)
needle_guidance_robotic,1,23028210,PMC3460644,10.1109/mra.2011.942997,Robot-Assisted Needle Steering,Reed KB,IEEE robotics & automation magazine,2011,research-article|Journal Article,N,Y,,59,"Needle insertion is a critical aspect of many medical treatments, diagnostic methods, and scientific studies, and is considered to be one of the simplest and most minimally invasive medical procedures. Robot-assisted needle steering has the potential to improve the effectiveness of existing medical procedures and enable new ones by allowing increased accuracy through more dexterous control of the ",https://europepmc.org/article/MED/23028210,(TITLE:needle) AND (TITLE:robot* OR TITLE:automated) AND (TITLE:insertion OR TITLE:guidance OR TITLE:steering)
needle_guidance_robotic,2,29628297,,10.1016/j.jvir.2018.01.002,Evaluation of a CT-Guided Robotic System for Precise Percutaneous Needle Insertion,Ben-David E,Journal of vascular and interventional radiology : JVIR,2018,Evaluation Study|Journal Article,N,N,,57,"<h4>Purpose</h4>To assess overall targeting accuracy for CT-guided needle insertion using prototype robotic system for common target sites.<h4>Materials and methods</h4>Using CT guidance, metallic (2 × 1 mm) targets were embedded in retroperitoneum (n = 8), kidneys (n = 8), and liver (n = 14) of 8 Yorkshire pigs (55-65 kg). Bronchial bifurcations were targeted in the lung (n = 13). CT datasets wer",https://europepmc.org/article/MED/29628297,(TITLE:needle) AND (TITLE:robot* OR TITLE:automated) AND (TITLE:insertion OR TITLE:guidance OR TITLE:steering)
needle_guidance_robotic,3,25263213,PMC4376663,10.1002/jmri.24770,3T MR-guided in-bore transperineal prostate biopsy: A comparison of robotic and manual needle-guidance templates,Tilak G,Journal of magnetic resonance imaging : JMRI,2015,"Comparative Study|Research Support, Non-U.S. Gov't|research-article|Evaluation Study|Journal Article|Research Support, N.I.H., Extramural",N,Y,,54,<h4>Purpose</h4>To demonstrate the utility of a robotic needle-guidance template device as compared to a manual template for in-bore 3T transperineal magnetic resonance imaging (MRI)-guided prostate biopsy.<h4>Materials and methods</h4>This two-arm mixed retrospective-prospective study included 99 cases of targeted transperineal prostate biopsies. The biopsy needles were aimed at suspicious foci n,https://europepmc.org/article/MED/25263213,(TITLE:needle) AND (TITLE:robot* OR TITLE:automated) AND (TITLE:insertion OR TITLE:guidance OR TITLE:steering)
needle_guidance_robotic,4,36127519,PMC9626422,10.1007/s00270-022-03267-z,Evaluation of a New CT-Guided Robotic System for Percutaneous Needle Insertion for Thermal Ablation of Liver Tumors: A Prospective Pilot Study,de Baère T,Cardiovascular and interventional radiology,2022,research-article|Journal Article,Y,Y,cc by,51,"<h4>Purpose</h4>To assess the feasibility and safety of a robotic system for percutaneous needle insertion during thermal ablation of liver tumors.<h4>Materials and methods</h4>This study analyzed the CT-guided percutaneous needle insertion using the EPIONE robotic device (Quantum Surgical, Montpellier, France) for radiofrequency or microwave liver ablation. The main criteria of the study were fea",https://europepmc.org/article/MED/36127519,(TITLE:needle) AND (TITLE:robot* OR TITLE:automated) AND (TITLE:insertion OR TITLE:guidance OR TITLE:steering)
needle_guidance_robotic,6,15012012,,10.1088/0031-9155/49/3/007,An ultrasound-driven needle-insertion robot for percutaneous cholecystostomy,Hong J,Physics in medicine and biology,2004,"Comparative Study|Research Support, Non-U.S. Gov't|Validation Study|Evaluation Study|Journal Article",N,N,,48,"A real-time ultrasound-guided needle-insertion medical robot for percutaneous cholecystostomy has been developed. Image-guided interventions have become widely accepted because they are consistent with minimal invasiveness. However, organ or abnormality displacement due to involuntary patient motion may undesirably affect the intervention. The proposed instrument uses intraoperative images and mod",https://europepmc.org/article/MED/15012012,(TITLE:needle) AND (TITLE:robot* OR TITLE:automated) AND (TITLE:insertion OR TITLE:guidance OR TITLE:steering)
needle_guidance_robotic,7,16870290,,10.1016/j.radonc.2006.06.013,A new robotic needle insertion method to minimise attendant prostate motion,Lagerburg V,Radiotherapy and oncology : journal of the European Society for Therapeutic Radiology and Oncology,2006,Journal Article,N,N,,38,<h4>Background and purpose</h4>The purpose of this study is to investigate the efficacy of a new needle insertion method (tapping instead of pushing) in reducing attendant tissue motion. This can be useful in applications where tissue motion due to needle insertion is problematic such as e.g. MRI-guided prostate brachytherapy and breast biopsies. In this study we will focus on prostate motion due ,https://europepmc.org/article/MED/16870290,(TITLE:needle) AND (TITLE:robot* OR TITLE:automated) AND (TITLE:insertion OR TITLE:guidance OR TITLE:steering)
needle_guidance_robotic,8,28604237,,10.1148/radiol.2017162856,Robotically Driven CT-guided Needle Insertion: Preliminary Results in Phantom and Animal Experiments,Hiraki T,Radiology,2017,"Research Support, Non-U.S. Gov't|Journal Article",N,N,,37,"Purpose To evaluate the accuracy of the remote-controlled robotic computed tomography (CT)-guided needle insertion in phantom and animal experiments. Materials and Methods In a phantom experiment, 18 robotic and manual insertions each were performed with 19-gauge needles by using CT fluoroscopic guidance for the evaluation of the equivalence of accuracy of insertion between the two groups with a 1",https://europepmc.org/article/MED/28604237,(TITLE:needle) AND (TITLE:robot* OR TITLE:automated) AND (TITLE:insertion OR TITLE:guidance OR TITLE:steering)
needle_guidance_robotic,9,29439539,PMC5855056,10.3390/s18020561,"Force Modeling, Identification, and Feedback Control of Robot-Assisted Needle Insertion: A Survey of the Literature",Yang C,"Sensors (Basel, Switzerland)",2018,review-article|Review|Journal Article,Y,Y,cc by,36,"Robot-assisted surgery is of growing interest in the surgical and engineering communities. The use of robots allows surgery to be performed with precision using smaller instruments and incisions, resulting in shorter healing times. However, using current technology, an operator cannot directly feel the operation because the surgeon-instrument and instrument-tissue interaction force feedbacks are l",https://europepmc.org/article/MED/29439539,(TITLE:needle) AND (TITLE:robot* OR TITLE:automated) AND (TITLE:insertion OR TITLE:guidance OR TITLE:steering)
needle_guidance_robotic,10,24953817,,10.3109/13645706.2014.928641,A robotic needle-positioning and guidance system for CT-guided puncture: Ex vivo results,Kettenbach J,Minimally invasive therapy & allied technologies : MITAT : official journal of the Society for Minimally Invasive Therapy,2014,Journal Article,N,N,,35,"<h4>Purpose</h4>To test the feasibility of a robotic needle-guidance platform during CT-guided puncture ex vivo.<h4>Material and methods</h4>Thin copper wires inserted into a torso phantom served as targets. The phantom was placed on a carbon plate and the robot-positioning unit (RPU) of the guidance platform (iSYS Medizintechnik GmbH, Kitzbuehel, Austria) was attached. Following CT imaging and au",https://europepmc.org/article/MED/24953817,(TITLE:needle) AND (TITLE:robot* OR TITLE:automated) AND (TITLE:insertion OR TITLE:guidance OR TITLE:steering)
needle_guidance_robotic,12,19709957,,10.1109/tbme.2009.2030169,Ultrasound-guided robot for flexible needle steering,Neubach Z,IEEE transactions on bio-medical engineering,2010,Journal Article,N,N,,34,"The success rate of medical procedures involving needle insertion is often directly related to needle placement accuracy. Due to inherent limitations of commonly used freehand needle placement techniques, there is a need for a system providing for controlled needle steering for procedures that demand high positional accuracy. This paper describes a robotic system developed for flexible needle stee",https://europepmc.org/article/MED/19709957,(TITLE:needle) AND (TITLE:robot* OR TITLE:automated) AND (TITLE:insertion OR TITLE:guidance OR TITLE:steering)
needle_guidance_robotic,13,12853517,,10.1378/chest.124.1.147,Usefulness of new automated cutting needle for tissue-core biopsy of lung nodules under CT fluoroscopic guidance,Yamagami T,Chest,2003,Journal Article,N,N,,34,"<h4>Objectives</h4>The goal of our study was to evaluate the efficacy and safety of a new type of automated cutting needle for tissue-core lung biopsy under real-time CT fluoroscopic guidance.<h4>Design</h4>Observational<h4>Materials and methods</h4>One hundred ten percutaneous needle tissue-core lung biopsies were performed with the Auto Surecut needle (Create Medic; Yokohama, Japan) under CT flu",https://europepmc.org/article/MED/12853517,(TITLE:needle) AND (TITLE:robot* OR TITLE:automated) AND (TITLE:insertion OR TITLE:guidance OR TITLE:steering)
needle_guidance_robotic,14,31773299,PMC7033049,10.1007/s00330-019-06477-1,Robotic CT-guided out-of-plane needle insertion: comparison of angle accuracy with manual insertion in phantom and measurement of distance accuracy in animals,Komaki T,European radiology,2020,research-article|Journal Article,Y,Y,cc by,28,"<h4>Objectives</h4>To evaluate the accuracy of robotic CT-guided out-of-plane needle insertion in phantom and animal experiments.<h4>Methods</h4>A robotic system (Zerobot), developed at our institution, was used for needle insertion. In the phantom experiment, 12 robotic needle insertions into a phantom at various angles in the XY and YZ planes were performed, and the same insertions were manually",https://europepmc.org/article/MED/31773299,(TITLE:needle) AND (TITLE:robot* OR TITLE:automated) AND (TITLE:insertion OR TITLE:guidance OR TITLE:steering)
needle_guidance_robotic,15,31444597,,10.1007/s00330-019-06409-z,Robotic needle insertion during computed tomography fluoroscopy-guided biopsy: prospective first-in-human feasibility trial,Hiraki T,European radiology,2020,Video-Audio Media|Journal Article|Observational Study,N,N,,28,"<h4>Introduction</h4>This was a prospective, first-in-human trial to evaluate the feasibility and safety of insertion of biopsy introducer needles with our robot during CT fluoroscopy-guided biopsy in humans.<h4>Materials and methods</h4>Eligible patients were adults with a lesion ≥ 10 mm in an extremity or the trunk requiring pathological diagnosis with CT fluoroscopy-guided biopsy. Patients in w",https://europepmc.org/article/MED/31444597,(TITLE:needle) AND (TITLE:robot* OR TITLE:automated) AND (TITLE:insertion OR TITLE:guidance OR TITLE:steering)
needle_guidance_robotic,16,18315372,,10.1117/1.2837433,Automated algorithm for differentiation of human breast tissue using low coherence interferometry for fine needle aspiration biopsy guidance,Goldberg BD,Journal of biomedical optics,2008,"Research Support, Non-U.S. Gov't|Evaluation Study|Journal Article|Research Support, N.I.H., Extramural",N,N,,27,"Fine needle aspiration biopsy (FNAB) is a rapid and cost-effective method for obtaining a first-line diagnosis of a palpable mass of the breast. However, because it can be difficult to manually discriminate between adipose tissue and the fibroglandular tissue more likely to harbor disease, this technique is plagued by a high number of nondiagnostic tissue draws. We have developed a portable, low c",https://europepmc.org/article/MED/18315372,(TITLE:needle) AND (TITLE:robot* OR TITLE:automated) AND (TITLE:insertion OR TITLE:guidance OR TITLE:steering)
needle_guidance_robotic,17,16785183,,10.1080/13645700600771645,Control of soft tissue deformation during robotic needle insertion,Abolhassani N,Minimally invasive therapy & allied technologies : MITAT : official journal of the Society for Minimally Invasive Therapy,2006,"Research Support, Non-U.S. Gov't|Journal Article",N,N,,27,"Accurate needle insertion into soft, inhomogeneous tissue is of practical interest because of its importance in percutaneous therapies. In procedures that involve multiple needle insertions such as transrectal ultrasound-guided prostate brachytherapy, it is important to reduce tissue deformation before puncture and during needle insertion. In order to reduce this deformation, we have studied the e",https://europepmc.org/article/MED/16785183,(TITLE:needle) AND (TITLE:robot* OR TITLE:automated) AND (TITLE:insertion OR TITLE:guidance OR TITLE:steering)
needle_guidance_robotic,18,30573907,,10.18926/amo/56370,Zerobot®: A Remote-controlled Robot for Needle Insertion in CT-guided Interventional Radiology Developed at Okayama University,Hiraki T,Acta medica Okayama,2018,Review|Journal Article,N,N,,26,"Since 2012, we have been developing a remote-controlled robotic system (Zerobot®) for needle insertion during computed tomography (CT)-guided interventional procedures, such as ablation, biopsy, and drainage. The system was designed via a collaboration between the medical and engineering departments at Okayama University, including various risk control features. It consists of a robot with 6 degre",https://europepmc.org/article/MED/30573907,(TITLE:needle) AND (TITLE:robot* OR TITLE:automated) AND (TITLE:insertion OR TITLE:guidance OR TITLE:steering)
needle_guidance_robotic,19,21698389,PMC3356244,10.1007/s11548-011-0598-9,Robotic system for MRI-guided prostate biopsy: feasibility of teleoperated needle insertion and ex vivo phantom study,Seifabadi R,International journal of computer assisted radiology and surgery,2012,"Research Support, Non-U.S. Gov't|research-article|Journal Article|Research Support, N.I.H., Extramural",N,Y,,26,<h4>Purpose</h4>Magnetic Resonance Imaging (MRI) combined with robotic assistance has the potential to improve on clinical outcomes of biopsy and local treatment of prostate cancer.<h4>Methods</h4>We report the workspace optimization and phantom evaluation of a five Degree of Freedom (DOF) parallel pneumatically actuated modular robot for MRI-guided prostate biopsy. To shorten procedure time and c,https://europepmc.org/article/MED/21698389,(TITLE:needle) AND (TITLE:robot* OR TITLE:automated) AND (TITLE:insertion OR TITLE:guidance OR TITLE:steering)
needle_guidance_robotic,20,24464610,,10.1093/bja/aet440,"Comparison of success rates, learning curves, and inter-subject performance variability of robot-assisted and manual ultrasound-guided nerve block needle guidance in simulation",Morse J,British journal of anaesthesia,2014,Comparative Study|Journal Article,N,N,,25,"<h4>Background</h4>This study focuses on a recently developed robotic nerve block system and its impact on learning regional anaesthesia skills. We compared success rates, learning curves, performance times, and inter-subject performance variability of robot-assisted vs manual ultrasound (US)-guided nerve block needle guidance. The hypothesis of this study is that robot assistance will result in f",https://europepmc.org/article/MED/24464610,(TITLE:needle) AND (TITLE:robot* OR TITLE:automated) AND (TITLE:insertion OR TITLE:guidance OR TITLE:steering)
needle_guidance_robotic,21,28218455,,10.1002/rcs.1809,Experimental evaluation of magnified haptic feedback for robot-assisted needle insertion and palpation,Meli L,The international journal of medical robotics + computer assisted surgery : MRCAS,2017,Journal Article,N,N,,24,"<h4>Background</h4>Haptic feedback has been proven to play a key role in enhancing the performance of teleoperated medical procedures. However, due to safety issues, commercially-available medical robots do not currently provide the clinician with haptic feedback.<h4>Methods</h4>This work presents the experimental evaluation of a teleoperation system for robot-assisted medical procedures able to p",https://europepmc.org/article/MED/28218455,(TITLE:needle) AND (TITLE:robot* OR TITLE:automated) AND (TITLE:insertion OR TITLE:guidance OR TITLE:steering)
needle_guidance_robotic,22,35257224,PMC8901810,10.1186/s41747-022-00265-1,Robotic assistance for percutaneous needle insertion in the kidney: preclinical proof on a swine animal model,de Baere T,European radiology experimental,2022,"Research Support, Non-U.S. Gov't|research-article|Journal Article",Y,Y,cc by,23,"<h4>Background</h4>We evaluated the accuracy, safety, and feasibility of a computed tomography (CT)-guided robotic assistance system for percutaneous needle placement in the kidney.<h4>Methods</h4>Fiducials surgically implanted into the kidneys of two pigs were used as targets for subsequent robotically-assisted needle insertion. Robotically-assisted needle insertions and CT acquisitions were coor",https://europepmc.org/article/MED/35257224,(TITLE:needle) AND (TITLE:robot* OR TITLE:automated) AND (TITLE:insertion OR TITLE:guidance OR TITLE:steering)
needle_guidance_robotic,23,31751219,PMC7365552,10.1109/tbme.2019.2954505,Optical Coherence Tomography Guided Robotic Needle Insertion for Deep Anterior Lamellar Keratoplasty,Draelos M,IEEE transactions on bio-medical engineering,2020,"Research Support, Non-U.S. Gov't|research-article|Journal Article|Research Support, N.I.H., Extramural",N,Y,,20,"<h4>Objective</h4>Deep anterior lamellar keratoplasty (DALK) significantly reduces the post-transplantation morbidity in patients eligible for partial-thickness cornea grafts. The popular ""big bubble"" technique for DALK is so challenging, however, that a significant fraction of corneal pneumodissection attempts fail for surgeons without extensive DALK-specific experience, even with previous-genera",https://europepmc.org/article/MED/31751219,(TITLE:needle) AND (TITLE:robot* OR TITLE:automated) AND (TITLE:insertion OR TITLE:guidance OR TITLE:steering)
needle_guidance_robotic,24,19304081,,10.1016/j.jcrs.2008.10.059,Simple technique for graft insertion in Descemet-stripping (automated) endothelial keratoplasty using a 30-gauge needle,Balachandran C,Journal of cataract and refractive surgery,2009,Journal Article,N,N,,20,"We describe a needle insertion technique for graft insertion in Descemet-stripping (automated) endothelial keratoplasty (DSEK/DSAEK). A folded donor posterior corneal disk is inserted through a 5.0 mm scleral tunnel incision over a plastic glide using a 30-gauge needle. The technique enables safe and easy graft insertion without vertical or horizontal compression of the donor tissue, causing minim",https://europepmc.org/article/MED/19304081,(TITLE:needle) AND (TITLE:robot* OR TITLE:automated) AND (TITLE:insertion OR TITLE:guidance OR TITLE:steering)
needle_guidance_robotic,25,21339851,PMC3040792,10.1109/robot.2010.5509873,Evaluation of Robotic Needle Steering in ex vivo Tissue,Majewicz A,IEEE International Conference on Robotics and Automation : ICRA : [proceedings]. IEEE International Conference on Robotics and Automation,2010,research-article|Journal Article,N,Y,,17,"Insertion velocity, tip asymmetry, and shaft diameter may influence steerable needle insertion paths in soft tissue. In this paper we examine the effects of these variables on needle paths in ex vivo goat liver, and demonstrate practical applications of robotic needle steering for ablation, biopsy, and brachytherapy. All experiments were performed using a new portable needle steering robot that st",https://europepmc.org/article/MED/21339851,(TITLE:needle) AND (TITLE:robot* OR TITLE:automated) AND (TITLE:insertion OR TITLE:guidance OR TITLE:steering)
ar_navigation_lp,1,28350944,,10.1093/neuros/nyw077,Navigation and Robotics in Spinal Surgery: Where Are We Now?,Overley SC,Neurosurgery,2017,Review|Journal Article,N,N,,211,"Spine surgery has experienced much technological innovation over the past several decades. The field has seen advancements in operative techniques, implants and biologics, and equipment such as computer-assisted navigation and surgical robotics. With the arrival of real-time image guidance and navigation capabilities along with the computing ability to process and reconstruct these data into an in",https://europepmc.org/article/MED/28350944,"(TITLE:""augmented reality"" OR TITLE:""mixed reality"" OR TITLE:navigation) AND (TITLE:""lumbar puncture"" OR TITLE:epidural OR TITLE:spinal)"
ar_navigation_lp,2,24580004,,10.3171/2014.1.focus13516,Intraoperative image-guided spinal navigation: technical pitfalls and their avoidance,Rahmathulla G,Neurosurgical focus,2014,Review|Journal Article,N,N,,144,"Spinal instrumentation has made significant advances in the last two decades, with transpedicular constructs now widely used in spinal fixation. Pedicle screw constructs are routinely used in thoracolumbar-instrumented fusions, and in recent years, the cervical spine as well. Three-column fixations with pedicle screws provide the most rigid form of posterior stabilization. Surgical landmarks and f",https://europepmc.org/article/MED/24580004,"(TITLE:""augmented reality"" OR TITLE:""mixed reality"" OR TITLE:navigation) AND (TITLE:""lumbar puncture"" OR TITLE:epidural OR TITLE:spinal)"
ar_navigation_lp,3,26686604,,10.1016/j.spinee.2015.11.020,Patient and surgeon radiation exposure during spinal instrumentation using intraoperative computed tomography-based navigation,Mendelsohn D,The spine journal : official journal of the North American Spine Society,2016,"Research Support, Non-U.S. Gov't|Journal Article",N,N,,141,"<h4>Background context</h4>Imaging modalities used to visualize spinal anatomy intraoperatively include X-ray studies, fluoroscopy, and computed tomography (CT). All of these emit ionizing radiation.<h4>Purpose</h4>Radiation emitted to the patient and the surgical team when performing surgeries using intraoperative CT-based spine navigation was compared.<h4>Study design/setting</h4>This is a retro",https://europepmc.org/article/MED/26686604,"(TITLE:""augmented reality"" OR TITLE:""mixed reality"" OR TITLE:navigation) AND (TITLE:""lumbar puncture"" OR TITLE:epidural OR TITLE:spinal)"
ar_navigation_lp,4,12897475,,10.1097/01.brs.0000076899.78522.d9,Intraoperative spinal navigation,Holly LT,Spine,2003,Comparative Study|Review|Journal Article|Case Reports,N,N,,127,"<h4>Study design</h4>Review article.<h4>Objectives</h4>To provide a detailed overview of current methods for intraoperative spinal navigation using image-guided surgical technology.<h4>Summary of background data</h4>The development of novel intraoperative navigational techniques has been an important advancement in the field of spine surgery. These techniques, commonly referred to as image-guided ",https://europepmc.org/article/MED/12897475,"(TITLE:""augmented reality"" OR TITLE:""mixed reality"" OR TITLE:navigation) AND (TITLE:""lumbar puncture"" OR TITLE:epidural OR TITLE:spinal)"
ar_navigation_lp,5,23883830,,10.1097/brs.0b013e3182a51d1e,"Intraoperative cone beam-computed tomography with navigation (O-ARM) versus conventional fluoroscopy (C-ARM): a cadaveric study comparing accuracy, efficiency, and safety for spinal instrumentation",Tabaraee E,Spine,2013,"Research Support, Non-U.S. Gov't|Journal Article",N,N,,105,"<h4>Study design</h4>Cadaveric laboratory study.<h4>Objective</h4>To compare the accuracy, efficiency, and safety of intraoperative cone beam-computed tomography with navigation (O-ARM) with traditional intraoperative fluoroscopy (C-ARM) for the placement of pedicle screws.<h4>Summary of background data</h4>Radiation exposure remains a concern with traditional methods of intraoperative imaging in ",https://europepmc.org/article/MED/23883830,"(TITLE:""augmented reality"" OR TITLE:""mixed reality"" OR TITLE:navigation) AND (TITLE:""lumbar puncture"" OR TITLE:epidural OR TITLE:spinal)"
ar_navigation_lp,6,21275555,,10.3171/2010.10.spine091032,Clinical and methodological precision of spinal navigation assisted by 3D intraoperative O-arm radiographic imaging,Oertel MF,Journal of neurosurgery. Spine,2011,Journal Article,N,N,,105,"<h4>Object</h4>In recent years, the importance of intraoperative navigation in neurosurgery has been increasing. Multiple studies have proven the advantages and safety of computer-assisted spinal neurosurgery. The use of intraoperative 3D radiographic imaging to acquire image information for navigational purposes has several advantages and should increase the accuracy and safety of screw guidance ",https://europepmc.org/article/MED/21275555,"(TITLE:""augmented reality"" OR TITLE:""mixed reality"" OR TITLE:navigation) AND (TITLE:""lumbar puncture"" OR TITLE:epidural OR TITLE:spinal)"
ar_navigation_lp,7,26456854,,10.1016/j.spinee.2015.09.062,Economic evaluation comparing intraoperative cone beam CT-based navigation and conventional fluoroscopy for the placement of spinal pedicle screws: a patient-level data cost-effectiveness analysis,Dea N,The spine journal : official journal of the North American Spine Society,2016,Comparative Study|Evaluation Study|Journal Article,N,N,,99,"<h4>Background context</h4>Pedicle screws are routinely used in contemporary spinal surgery. Screw misplacement may be asymptomatic but is also correlated with potential adverse events. Computer-assisted surgery (CAS) has been associated with improved screw placement accuracy rates. However, this technology has substantial acquisition and maintenance costs. Despite its increasing usage, no rigorou",https://europepmc.org/article/MED/26456854,"(TITLE:""augmented reality"" OR TITLE:""mixed reality"" OR TITLE:navigation) AND (TITLE:""lumbar puncture"" OR TITLE:epidural OR TITLE:spinal)"
ar_navigation_lp,8,31669611,,10.1016/j.spinee.2019.10.012,Augmented reality navigation for spinal pedicle screw instrumentation using intraoperative 3D imaging,Müller F,The spine journal : official journal of the North American Spine Society,2020,Journal Article,N,N,,86,"<h4>Background context</h4>Due to recent developments in augmented reality with head-mounted devices, holograms of a surgical plan can be displayed directly in the surgeon's field of view. To the best of our knowledge, three dimensional (3D) intraoperative fluoroscopy has not been explored for the use with holographic navigation by head-mounted devices in spine surgery.<h4>Purpose</h4>To evaluate ",https://europepmc.org/article/MED/31669611,"(TITLE:""augmented reality"" OR TITLE:""mixed reality"" OR TITLE:navigation) AND (TITLE:""lumbar puncture"" OR TITLE:epidural OR TITLE:spinal)"
ar_navigation_lp,9,20010400,,10.1097/brs.0b013e3181b77b19,Intraoperative computed tomography with integrated navigation system in spinal stabilizations,Zausinger S,Spine,2009,Journal Article,N,N,,80,"STUDY DESIGN.: A prospective interventional case-series study plus a retrospective analysis of historical patients for comparison of data. OBJECTIVE.: To evaluate workflow, feasibility, and clinical outcome of navigated stabilization procedures with data acquisition by intraoperative computed tomography. SUMMARY OF BACKGROUND DATA.: Routine fluoroscopy to assess pedicle screw placement is not cons",https://europepmc.org/article/MED/20010400,"(TITLE:""augmented reality"" OR TITLE:""mixed reality"" OR TITLE:navigation) AND (TITLE:""lumbar puncture"" OR TITLE:epidural OR TITLE:spinal)"
ar_navigation_lp,10,20192656,,10.3171/2010.1.focus09275,Intraoperative computed tomography image-guided navigation for posterior thoracolumbar spinal instrumentation in spinal deformity surgery,Tormenti MJ,Neurosurgical focus,2010,Comparative Study|Journal Article,N,N,,78,"<h4>Object</h4>Placement of thoracolumbar pedicle screws in spinal deformity surgery has a reported inaccuracy rate as high as 30%. At present, image-guided navigation systems designed to improve instrumentation accuracy typically use intraoperative fluoroscopy or preoperative CT scans. The authors report the prospective evaluation of the accuracy of posterior thoracolumbar spinal instrumentation ",https://europepmc.org/article/MED/20192656,"(TITLE:""augmented reality"" OR TITLE:""mixed reality"" OR TITLE:navigation) AND (TITLE:""lumbar puncture"" OR TITLE:epidural OR TITLE:spinal)"
ar_navigation_lp,11,21304425,,10.1097/brs.0b013e318201129d,Spinal navigation:  standard preoperative versus intraoperative computed tomography data set acquisition for computer-guidance system: radiological and clinical study in 100 consecutive patients,Costa F,Spine,2011,Journal Article,N,N,,77,<h4>Study design</h4>A retrospective clinical and radiological study.<h4>Objective</h4>To compare the safety and accuracy of pedicle screw insertion using two different computed tomography (CT) data set acquisitions (preoperative and intraoperative) for computer-guidance systems in a series of 100 consecutive patients.<h4>Summary of background data</h4>Misplacement and pedicle cortical violation o,https://europepmc.org/article/MED/21304425,"(TITLE:""augmented reality"" OR TITLE:""mixed reality"" OR TITLE:navigation) AND (TITLE:""lumbar puncture"" OR TITLE:epidural OR TITLE:spinal)"
ar_navigation_lp,12,23254799,PMC3676942,10.1227/neu.0b013e3182753093,Role of cranial and spinal virtual and augmented reality simulation using immersive touch modules in neurosurgical training,Alaraj A,Neurosurgery,2013,"research-article|Journal Article|Research Support, N.I.H., Extramural",N,Y,,76,"Recent studies have shown that mental script-based rehearsal and simulation-based training improve the transfer of surgical skills in various medical disciplines. Despite significant advances in technology and intraoperative techniques over the last several decades, surgical skills training on neurosurgical operations still carries significant risk of serious morbidity or mortality. Potentially av",https://europepmc.org/article/MED/23254799,"(TITLE:""augmented reality"" OR TITLE:""mixed reality"" OR TITLE:navigation) AND (TITLE:""lumbar puncture"" OR TITLE:epidural OR TITLE:spinal)"
ar_navigation_lp,13,25594965,,10.1109/tmi.2015.2391200,"Spinal Navigation and Imaging: History, Trends, and Future",Helm PA,IEEE transactions on medical imaging,2015,Review|Journal Article,N,N,,73,"The clinical practice of spine navigation has rapidly grown with the development of image-based guidance. In this paper, a brief history of spinal navigation is presented and a review of clinical outcomes for 12,622 pedicle screws placed using the latest technology in the sacral, lumbar and thoracic regions. The clinical evidence demonstrate that intraoperative 3D image guided surgery has a 96.8% ",https://europepmc.org/article/MED/25594965,"(TITLE:""augmented reality"" OR TITLE:""mixed reality"" OR TITLE:navigation) AND (TITLE:""lumbar puncture"" OR TITLE:epidural OR TITLE:spinal)"
ar_navigation_lp,14,29667139,,10.1007/s00586-018-5587-z,"Spinal navigation for minimally invasive thoracic and lumbosacral spine fixation: implications for radiation exposure, operative time, and accuracy of pedicle screw placement",Tajsic T,"European spine journal : official publication of the European Spine Society, the European Spinal Deformity Society, and the European Section of the Cervical Spine Research Society",2018,Journal Article|Observational Study,N,N,,72,"<h4>Purpose</h4>Navigation is emerging as a useful adjunct in percutaneous, minimally invasive spinal surgery (MIS). The aim of this study was to compare C-Arm navigated, O-Arm navigated and conventional 2D-fluoroscopy assisted MIS thoracic and lumbosacral spine fixation techniques in terms of operating time, radiation exposure and accuracy of pedicle screw (PS) placement.<h4>Methods</h4>Retrospec",https://europepmc.org/article/MED/29667139,"(TITLE:""augmented reality"" OR TITLE:""mixed reality"" OR TITLE:navigation) AND (TITLE:""lumbar puncture"" OR TITLE:epidural OR TITLE:spinal)"
ar_navigation_lp,15,31776364,PMC6881318,10.1038/s41598-019-53472-z,Radiation Exposure of Patient and Operating Room Personnel by Fluoroscopy and Navigation during Spinal Surgery,Bratschitsch G,Scientific reports,2019,research-article|Randomized Controlled Trial|Journal Article,Y,Y,cc by,71,"Intraoperative radiography imaging is essential for accurate spinal implant placement. Hazards caused by ionizing radiation raised concern on personnel's work life long exposure in the operating room (OR). To particularize a cumulative risk estimation of radiation of personnel and patient, depending on used methods (C-arm fluoroscopy, O-arm navigation) and patient characteristics during spinal sur",https://europepmc.org/article/MED/31776364,"(TITLE:""augmented reality"" OR TITLE:""mixed reality"" OR TITLE:navigation) AND (TITLE:""lumbar puncture"" OR TITLE:epidural OR TITLE:spinal)"
ar_navigation_lp,16,31300886,,10.1007/s00701-019-04005-0,Augmented reality in intradural spinal tumor surgery,Carl B,Acta neurochirurgica,2019,Journal Article,N,N,,63,"<h4>Background</h4>Microscope-based augmented reality (AR) is commonly used in cranial surgery; however, until recently, this technique was not implemented for spinal surgery. We prospectively investigated, how AR can be applied for intradural spinal tumor surgery.<h4>Methods</h4>For ten patients with intradural spinal tumors (ependymoma, glioma, hemangioblastoma, meningioma, and metastasis), AR w",https://europepmc.org/article/MED/31300886,"(TITLE:""augmented reality"" OR TITLE:""mixed reality"" OR TITLE:navigation) AND (TITLE:""lumbar puncture"" OR TITLE:epidural OR TITLE:spinal)"
ar_navigation_lp,17,22024897,,10.1097/brs.0b013e31823aff81,Application of intraoperative computed tomography with or without navigation system in surgical correction of spinal deformity: a preliminary result of 59 consecutive human cases,Cui G,Spine,2012,Journal Article,N,N,,60,<h4>Study design</h4>A retrospective analysis of patients undergoing spinal deformity correction surgery by the assistance of intraoperative computed tomography (iCT) with or without navigation system.<h4>Objective</h4>To share our preliminary experience and analysis of the iCT navigation system applied to spinal deformity surgery.<h4>Summary of background data</h4>The iCT navigation system has be,https://europepmc.org/article/MED/22024897,"(TITLE:""augmented reality"" OR TITLE:""mixed reality"" OR TITLE:navigation) AND (TITLE:""lumbar puncture"" OR TITLE:epidural OR TITLE:spinal)"
ar_navigation_lp,18,15599290,,10.1097/01.brs.0000147742.20637.49,Intraoperative Iso-C C-arm navigation in cervical spinal surgery: review of the first 52 cases,Hott JS,Spine,2004,Clinical Trial|Journal Article,N,N,,58,"<h4>Study design</h4>Fifty-two study participants underwent cervical spine surgery using intraoperative Iso-C imaging with or without spinal navigation.<h4>Objectives</h4>To evaluate prospectively the feasibility, advantages, limitations, and applications of Iso-C in cervical spine surgery.<h4>Summary of background data</h4>Existing stereotactic spinal navigational systems images must be acquired ",https://europepmc.org/article/MED/15599290,"(TITLE:""augmented reality"" OR TITLE:""mixed reality"" OR TITLE:navigation) AND (TITLE:""lumbar puncture"" OR TITLE:epidural OR TITLE:spinal)"
ar_navigation_lp,19,24461259,,10.1016/j.cmpb.2013.12.021,Real-time advanced spinal surgery via visible patient model and augmented reality system,Wu JR,Computer methods and programs in biomedicine,2014,"Research Support, Non-U.S. Gov't|Evaluation Study|Journal Article",N,N,,53,"This paper presents an advanced augmented reality system for spinal surgery assistance, and develops entry-point guidance prior to vertebroplasty spinal surgery. Based on image-based marker detection and tracking, the proposed camera-projector system superimposes pre-operative 3-D images onto patients. The patients' preoperative 3-D image model is registered by projecting it onto the patient such ",https://europepmc.org/article/MED/24461259,"(TITLE:""augmented reality"" OR TITLE:""mixed reality"" OR TITLE:navigation) AND (TITLE:""lumbar puncture"" OR TITLE:epidural OR TITLE:spinal)"
ar_navigation_lp,20,32224807,PMC11097676,10.1097/brs.0000000000003310,"A Review of Techniques, Time Demand, Radiation Exposure, and Outcomes of Skin-anchored Intraoperative 3D Navigation in Minimally Invasive Lumbar Spinal Surgery",Vaishnav AS,Spine,2020,research-article|Journal Article,N,Y,,50,"<h4>Study design</h4>Retrospective cohort.<h4>Objective</h4>To describe our technique for and evaluate the time demand, radiation exposure and outcomes of skin-anchored intraoperative three-dimensional navigation (ION) in minimally invasive (MIS) lumbar surgery, and to compare these parameters to 2D fluoroscopy for MI-TLIF.<h4>Summary of background data</h4>Limited visualization of anatomic landma",https://europepmc.org/article/MED/32224807,"(TITLE:""augmented reality"" OR TITLE:""mixed reality"" OR TITLE:navigation) AND (TITLE:""lumbar puncture"" OR TITLE:epidural OR TITLE:spinal)"
ar_navigation_lp,21,22721892,,10.1016/j.jocn.2012.01.020,Intra-operative cone-beam CT (O-arm) and stereotactic navigation in acute spinal trauma surgery,Schouten R,Journal of clinical neuroscience : official journal of the Neurosurgical Society of Australasia,2012,"Research Support, Non-U.S. Gov't|Journal Article",N,N,,50,"The purpose of this ambispective cohort study is to describe the emerging role of intra-operative cone-beam CT (O-arm®, Medtronic, Minneapolis, MN, USA), frequently coupled with stereotactic navigation (StealthStation®, Medtronic), in the surgical management of acute spinal trauma. All patients with acute spinal trauma between May 2009 and May 2011 who were treated with the use of the O-arm were i",https://europepmc.org/article/MED/22721892,"(TITLE:""augmented reality"" OR TITLE:""mixed reality"" OR TITLE:navigation) AND (TITLE:""lumbar puncture"" OR TITLE:epidural OR TITLE:spinal)"
ar_navigation_lp,22,38569627,PMC10992634,10.14245/ns.2347184.592,Navigation-Guided/Robot-Assisted Spinal Surgery: A Review Article,Lee YS,Neurospine,2024,review-article|Journal Article,Y,Y,cc by-nc,49,"The development of minimally invasive spinal surgery utilizing navigation and robotics has significantly improved the feasibility, accuracy, and efficiency of this surgery. In particular, these methods provide improved accuracy of pedicle screw placement, reduced radiation exposure, and shortened learning curves for surgeons. However, research on the clinical outcomes and cost-effectiveness of nav",https://europepmc.org/article/MED/38569627,"(TITLE:""augmented reality"" OR TITLE:""mixed reality"" OR TITLE:navigation) AND (TITLE:""lumbar puncture"" OR TITLE:epidural OR TITLE:spinal)"
ar_navigation_lp,23,34251607,,10.1007/s43390-021-00385-5,Does intraoperative CT navigation increase the accuracy of pedicle screw placement in pediatric spinal deformity surgery? A systematic review and meta-analysis,Baldwin KD,Spine deformity,2022,Meta-Analysis|Systematic Review|Journal Article,N,N,,49,"<h4>Purpose</h4>Although pediatric spinal deformity correction using pedicle screws has a very low rate of complications, the long-term consequences of screw malposition is unknown. CT navigation has been proposed to improve screw accuracy. The aim of this study was to determine whether intraoperative navigation during pedicle screw placement in pediatric scoliosis makes screw placement more accur",https://europepmc.org/article/MED/34251607,"(TITLE:""augmented reality"" OR TITLE:""mixed reality"" OR TITLE:navigation) AND (TITLE:""lumbar puncture"" OR TITLE:epidural OR TITLE:spinal)"
ar_navigation_lp,24,22358024,,10.2214/ajr.11.6918,Augmented reality visualization with image overlay for MRI-guided intervention: accuracy for lumbar spinal procedures with a 1.5-T MRI system,Fritz J,AJR. American journal of roentgenology,2012,"Journal Article|Research Support, N.I.H., Extramural",N,N,,49,<h4>Objective</h4>The purpose of this study was to prospectively evaluate the accuracy of an augmented reality image overlay system in MRI-guided spinal injection procedures.<h4>Materials and methods</h4>An augmented reality prototype was used in conjunction with a 1.5-T MRI system. A human lumbar spine phantom was used in which 62 targets were punctured to assess the accuracy of the system. Sixty,https://europepmc.org/article/MED/22358024,"(TITLE:""augmented reality"" OR TITLE:""mixed reality"" OR TITLE:navigation) AND (TITLE:""lumbar puncture"" OR TITLE:epidural OR TITLE:spinal)"
ar_navigation_lp,25,22120382,,10.1016/j.wneu.2011.05.019,"Use of CT-based intraoperative spinal navigation: management of radiation exposure to operator, staff, and patients",Bandela JR,World neurosurgery,2013,Journal Article,N,N,,48,<h4>Objective</h4>Radiation exposure represents significant risk to both operating room health care workers and their patients. The commonplace surgical implantation of spinal instrumentation often relies on fluoroscopy for guidance and verification. Advances in computerized tomography (CT)-based intraoperative navigation have improved accuracy of screw placement. The objective of this article is ,https://europepmc.org/article/MED/22120382,"(TITLE:""augmented reality"" OR TITLE:""mixed reality"" OR TITLE:navigation) AND (TITLE:""lumbar puncture"" OR TITLE:epidural OR TITLE:spinal)"
force_impedance_sensing,2,9010941,,10.1016/s1098-7339(06)80050-7,Identification of the epidural space: is loss of resistance to air a safe technique? A review of the complications related to the use of air,Saberski LR,Regional anesthesia,1997,Review|Journal Article,N,N,,77,"<h4>Background and objectives</h4>The major determinant of successful epidural anesthesia is the localization of the epidural space. The manual loss of resistance technique is widely used by anesthesiologists in identifying the epidural space. Should air or saline be used in detecting the point of loss of resistance? No consensus exists as to which technique is superior, and individual providers c",https://europepmc.org/article/MED/9010941,"(TITLE:""loss of resistance"" OR TITLE:bioimpedance OR TITLE:impedance OR TITLE:""force sensing"") AND (TITLE:epidural OR TITLE:needle OR TITLE:puncture)"
force_impedance_sensing,3,15006061,,10.1089/089277904322836749,"Needle-based ablation of renal parenchyma using microwave, cryoablation, impedance- and temperature-based monopolar and bipolar radiofrequency, and liquid and gel chemoablation: laboratory studies and review of the literature",Rehman J,Journal of endourology,2004,Comparative Study|Review|Journal Article,N,N,,61,"<h4>Background and purpose</h4>Small renal tumors are often serendipitously detected during the screening of patients for renal or other disease entities. Rather than perform a radical or partial nephrectomy for these diminutive lesions, several centers have begun to explore a variety of ablative energy sources that could be applied directly via a percutaneously placed needle-like probe. To evalua",https://europepmc.org/article/MED/15006061,"(TITLE:""loss of resistance"" OR TITLE:bioimpedance OR TITLE:impedance OR TITLE:""force sensing"") AND (TITLE:epidural OR TITLE:needle OR TITLE:puncture)"
force_impedance_sensing,4,19136732,,10.1088/0967-3334/30/2/002,Impedance-based tissue discrimination for needle guidance,Kalvøy H,Physiological measurement,2009,Journal Article,N,N,,51,Measurement of electrical impedance can discriminate between tissues of different electrical properties. A measurement system with adequate spatial resolution focused on a volume around the tip of a needle or other invasive clinical equipment can be used to determine in which type of tissue the tip is positioned. We have measured the sensitivity zone of a needle electrode with an active electrode ,https://europepmc.org/article/MED/19136732,"(TITLE:""loss of resistance"" OR TITLE:bioimpedance OR TITLE:impedance OR TITLE:""force sensing"") AND (TITLE:epidural OR TITLE:needle OR TITLE:puncture)"
force_impedance_sensing,5,15281538,,10.1213/01.ane.0000120084.56136.15,"Identification of the epidural space: loss of resistance with air, lidocaine, or the combination of air and lidocaine",Evron S,Anesthesia and analgesia,2004,Comparative Study|Clinical Trial|Randomized Controlled Trial|Journal Article,N,N,,38,"The ideal technique for identifying the epidural space remains unclear. Five-hundred-forty-seven women in labor who requested epidural analgesia were randomly allocated to three groups according to the technique by which the epidural space was identified: 1) loss-of-resistance with air (air; n = 180), 2) loss-of-resistance with lidocaine (lidocaine; n = 185), and 3) loss-of-resistance with both ai",https://europepmc.org/article/MED/15281538,"(TITLE:""loss of resistance"" OR TITLE:bioimpedance OR TITLE:impedance OR TITLE:""force sensing"") AND (TITLE:epidural OR TITLE:needle OR TITLE:puncture)"
force_impedance_sensing,6,18719446,,10.1097/aln.0b013e318182c288,Electrical impedance to distinguish intraneural from extraneural needle placement in porcine nerves during direct exposure and ultrasound guidance,Tsui BC,Anesthesiology,2008,"Research Support, Non-U.S. Gov't|Journal Article",N,N,,34,"<h4>Background</h4>Intraneural injection during peripheral nerve blockade can cause neurologic injury. Current approaches to prevent or detect intraneural injection lack reliability and consistency, or only signal intraneural injection upon the event. A change in electrical impedance (EI) could be indicative of intraneural needle placement before injection.<h4>Methods</h4>After animal care committ",https://europepmc.org/article/MED/18719446,"(TITLE:""loss of resistance"" OR TITLE:bioimpedance OR TITLE:impedance OR TITLE:""force sensing"") AND (TITLE:epidural OR TITLE:needle OR TITLE:puncture)"
force_impedance_sensing,7,19512882,,10.1097/aln.0b013e3181a4c6f2,Success of spinal and epidural labor analgesia: comparison of loss of resistance technique using air versus saline in combined spinal-epidural labor analgesia technique,Grondin LS,Anesthesiology,2009,"Comparative Study|Research Support, Non-U.S. Gov't|Randomized Controlled Trial|Journal Article",N,N,,32,"<h4>Background</h4>Comparison of air versus saline for loss of resistance technique (LORT) in combined spinal epidural labor analgesia (CSE) has not been evaluated, and neither has the relation between CSE characteristics (the presence/absence of initial spontaneous clear fluid return or upon aspiration) and spinal/epidural analgesia outcomes. The authors hypothesized that there is no difference i",https://europepmc.org/article/MED/19512882,"(TITLE:""loss of resistance"" OR TITLE:bioimpedance OR TITLE:impedance OR TITLE:""force sensing"") AND (TITLE:epidural OR TITLE:needle OR TITLE:puncture)"
force_impedance_sensing,8,26894628,,10.1097/aap.0000000000000369,A Randomized Comparison Between Conventional and Waveform-Confirmed Loss of Resistance for Thoracic Epidural Blocks,Arnuntasupakul V,Regional anesthesia and pain medicine,2016,Comparative Study|Multicenter Study|Randomized Controlled Trial|Journal Article,N,N,,31,"<h4>Background and objectives</h4>Epidural waveform analysis (EWA) provides a simple confirmatory adjunct for loss of resistance (LOR): when the needle tip is correctly positioned inside the epidural space, pressure measurement results in a pulsatile waveform. In this randomized trial, we compared conventional and EWA-confirmed LOR in 2 teaching centers. Our research hypothesis was that EWA-confir",https://europepmc.org/article/MED/26894628,"(TITLE:""loss of resistance"" OR TITLE:bioimpedance OR TITLE:impedance OR TITLE:""force sensing"") AND (TITLE:epidural OR TITLE:needle OR TITLE:puncture)"
force_impedance_sensing,9,12567344,,10.1053/rapm.2003.50009,Assessing the superiority of saline versus air for use in the epidural loss of resistance technique: a literature review,Shenouda PE,Regional anesthesia and pain medicine,2003,Comparative Study|Review|Journal Article,N,N,,31,,https://europepmc.org/article/MED/12567344,"(TITLE:""loss of resistance"" OR TITLE:bioimpedance OR TITLE:impedance OR TITLE:""force sensing"") AND (TITLE:epidural OR TITLE:needle OR TITLE:puncture)"
force_impedance_sensing,10,26469364,,10.1097/aap.0000000000000313,Reliability of Waveform Analysis as an Adjunct to Loss of Resistance for Thoracic Epidural Blocks,Leurcharusmee P,Regional anesthesia and pain medicine,2015,Journal Article,N,N,,30,"<h4>Background</h4>The epidural space is most commonly identified with loss of resistance (LOR). Although sensitive, LOR lacks specificity, as cysts in interspinous ligaments, gaps in ligamentum flavum, paravertebral muscles, thoracic paravertebral spaces, and intermuscular planes can yield nonepidural LOR. Epidural waveform analysis (EWA) provides a simple confirmatory adjunct for LOR. When the n",https://europepmc.org/article/MED/26469364,"(TITLE:""loss of resistance"" OR TITLE:bioimpedance OR TITLE:impedance OR TITLE:""force sensing"") AND (TITLE:epidural OR TITLE:needle OR TITLE:puncture)"
force_impedance_sensing,11,29321531,PMC5762724,10.1038/s41598-017-18360-4,Biopsy Needle Integrated with Electrical Impedance Sensing Microelectrode Array towards Real-time Needle Guidance and Tissue Discrimination,Park J,Scientific reports,2018,"Research Support, Non-U.S. Gov't|research-article|Journal Article",Y,Y,cc by,29,"A biopsy needle with electrical impedance sensor array based on stainless steel microelectrodes (EIS needle) was developed for real-time four electrode measurement and multi-spot sensing of tissues during the biopsy process. The sensor performance was characterized by using saline solutions with various concentrations, which proved accurate, stable and reliable electrical impedance measurement. Th",https://europepmc.org/article/MED/29321531,"(TITLE:""loss of resistance"" OR TITLE:bioimpedance OR TITLE:impedance OR TITLE:""force sensing"") AND (TITLE:epidural OR TITLE:needle OR TITLE:puncture)"
force_impedance_sensing,12,25642911,,10.1097/aap.0000000000000217,Confirmation of loss-of-resistance for epidural analgesia,Tran DQ,Regional anesthesia and pain medicine,2015,Review|Journal Article,N,N,,25,,https://europepmc.org/article/MED/25642911,"(TITLE:""loss of resistance"" OR TITLE:bioimpedance OR TITLE:impedance OR TITLE:""force sensing"") AND (TITLE:epidural OR TITLE:needle OR TITLE:puncture)"
force_impedance_sensing,13,19955501,,10.1213/ane.0b013e3181c84e4e,A retrospective effectiveness study of loss of resistance to air or saline for identification of the epidural space,Segal S,Anesthesia and analgesia,2010,Comparative Study|Journal Article,N,N,,23,"<h4>Background</h4>Randomized trials comparing air to saline for loss of resistance (LOR) for identification of the epidural space have suggested the superiority of saline. We hypothesized that, in actual clinical practice, anesthesiologists using their preferred technique would produce similar analgesic outcomes with either air or saline.<h4>Methods</h4>The labor analgesia records for 929 parturi",https://europepmc.org/article/MED/19955501,"(TITLE:""loss of resistance"" OR TITLE:bioimpedance OR TITLE:impedance OR TITLE:""force sensing"") AND (TITLE:epidural OR TITLE:needle OR TITLE:puncture)"
force_impedance_sensing,14,19923534,,10.1213/ane.0b013e3181bc113a,Epidural space identification: a meta-analysis of complications after air versus liquid as the medium for loss of resistance,Schier R,Anesthesia and analgesia,2009,Meta-Analysis|Review|Journal Article,N,N,,23,"<h4>Background</h4>The best method for identifying the epidural space for neuraxial blocks is controversial. We conducted this meta-analysis to test the hypothesis that loss of resistance with liquid reduces complications with epidural placement.<h4>Methods</h4>The MEDLINE, EMBASE, and Cochrane databases were searched for prospective, randomized studies comparing air versus liquid as the medium fo",https://europepmc.org/article/MED/19923534,"(TITLE:""loss of resistance"" OR TITLE:bioimpedance OR TITLE:impedance OR TITLE:""force sensing"") AND (TITLE:epidural OR TITLE:needle OR TITLE:puncture)"
force_impedance_sensing,15,29616985,PMC5997185,10.1088/1361-6579/aabb8c,Recording characteristics of electrical impedance-electromyography needle electrodes,Kwon H,Physiological measurement,2018,research-article|Journal Article,N,Y,,22,"<h4>Objective</h4>Needle EMG remains the standard clinical test for neuromuscular disease (NMD) assessment, but it only characterizes myofiber membrane depolarization. On the other hand, electrical impedance provides non-electrically active structural and compositional data of tissues. Here, we designed a prototype of needle electrode integrating electrical impedance and EMG measurement capabiliti",https://europepmc.org/article/MED/29616985,"(TITLE:""loss of resistance"" OR TITLE:bioimpedance OR TITLE:impedance OR TITLE:""force sensing"") AND (TITLE:epidural OR TITLE:needle OR TITLE:puncture)"
force_impedance_sensing,16,11547124,,10.1016/s0022-5347(05)65823-5,Measurement of bio-impedance with a smart needle to confirm percutaneous kidney access,Hernandez DJ,The Journal of urology,2001,"Research Support, Non-U.S. Gov't|Journal Article",N,N,,22,"<h4>Purpose</h4>The traditional method of percutaneous renal access requires freehand needle placement guided by C-arm fluoroscopy, ultrasonography, or computerized tomography. This approach provides limited objective means for verifying successful access. We developed an impedance based percutaneous Smart Needle system and successfully used it to confirm collecting system access in ex vivo porcin",https://europepmc.org/article/MED/11547124,"(TITLE:""loss of resistance"" OR TITLE:bioimpedance OR TITLE:impedance OR TITLE:""force sensing"") AND (TITLE:epidural OR TITLE:needle OR TITLE:puncture)"
force_impedance_sensing,17,10690148,,10.1093/bja/83.5.807,Posterior epidural space depth: safety of the loss of resistance and hanging drop techniques,Hoffmann VL,British journal of anaesthesia,1999,Clinical Trial|Randomized Controlled Trial|Journal Article,N,N,,22,"We have compared skin to epidural space distance (SED) and tip to tip distance (TTD), a measure of posterior epidural space depth (PESD), in 40 patients with a 27-gauge Whitacre needle after identification of the epidural space using the hanging drop (HD) or loss of resistance (LOR) to air technique. After the LOR technique, TTD was found to be 2 mm greater than that after the HD technique, wherea",https://europepmc.org/article/MED/10690148,"(TITLE:""loss of resistance"" OR TITLE:bioimpedance OR TITLE:impedance OR TITLE:""force sensing"") AND (TITLE:epidural OR TITLE:needle OR TITLE:puncture)"
force_impedance_sensing,18,30565006,,10.1007/s10439-018-02187-9,Real-Time Bioimpedance-Based Biopsy Needle Can Identify Tissue Type with High Spatial Accuracy,Halonen S,Annals of biomedical engineering,2019,Journal Article,N,N,cc by,21,"Histological analysis is meaningful in diagnosis only if the targeted tissue is obtained in the biopsy. Often, physicians have to take a tissue sample without accurate information about the location of the instrument tip. A novel biopsy needle with bioimpedance-based tissue identification has been developed to provide data for the automatic classification of the tissue type at the tip of the needl",https://europepmc.org/article/MED/30565006,"(TITLE:""loss of resistance"" OR TITLE:bioimpedance OR TITLE:impedance OR TITLE:""force sensing"") AND (TITLE:epidural OR TITLE:needle OR TITLE:puncture)"
force_impedance_sensing,19,2278336,,10.1111/j.1365-2044.1990.tb14895.x,Paraesthesia with lumbar epidural catheters. A comparison of air and saline in a loss-of-resistance technique,Sarna MC,Anaesthesia,1990,Comparative Study|Journal Article,N,N,,19,"The epidural space was located in 32 obstetric patients using loss of resistance to air, while in a further 35 saline was used. The incidence of paraesthesia was 56% in the air group and 57% in the saline group. There was no significant difference between the groups in terms of other complications or in the quality of analgesia provided.",https://europepmc.org/article/MED/2278336,"(TITLE:""loss of resistance"" OR TITLE:bioimpedance OR TITLE:impedance OR TITLE:""force sensing"") AND (TITLE:epidural OR TITLE:needle OR TITLE:puncture)"
force_impedance_sensing,20,4465561,,10.1007/bf02478601,An equivalent diagram for the interface impedance of metal needle electrodes,Pollak V.,Medical & biological engineering,1974,Journal Article,N,N,,19,,https://europepmc.org/article/MED/4465561,"(TITLE:""loss of resistance"" OR TITLE:bioimpedance OR TITLE:impedance OR TITLE:""force sensing"") AND (TITLE:epidural OR TITLE:needle OR TITLE:puncture)"
force_impedance_sensing,21,22929364,,10.1109/tbme.2012.2213599,A real-time electrical impedance sensing biopsy needle,Mishra V,IEEE transactions on bio-medical engineering,2012,"Research Support, U.S. Gov't, Non-P.H.S.|Journal Article",N,N,,19,"Diagnostic confirmation of cancer in solid organs is based on biopsy findings. In a standard 12-core prostate biopsy protocol, conventional biopsy needles sample only 0.95% (∼0.228 cm³) of a typical 24-cm³ prostate gland. The primary objective of this study was to enhance the sensitivity of standard biopsy protocol by gauging electrical properties of tissue simultaneously with tissue extraction fo",https://europepmc.org/article/MED/22929364,"(TITLE:""loss of resistance"" OR TITLE:bioimpedance OR TITLE:impedance OR TITLE:""force sensing"") AND (TITLE:epidural OR TITLE:needle OR TITLE:puncture)"
force_impedance_sensing,22,20217478,,10.1007/s10439-010-9989-2,Electrical impedance of stainless steel needle electrodes,Kalvøy H,Annals of biomedical engineering,2010,Comparative Study|Journal Article,N,N,,19,We present experimental findings regarding variability and stability of the electrical impedance properties of medical grade stainless steel needle electrodes in vitro. Monopolar impedance spectra (1 Hz to 1 MHz) were measured and scanning electron microscope images were obtained for five needle types with active electrode area from 0.28 to 0.7 mm(2). A saline tank (0.9% NaCl) was used as tissue m,https://europepmc.org/article/MED/20217478,"(TITLE:""loss of resistance"" OR TITLE:bioimpedance OR TITLE:impedance OR TITLE:""force sensing"") AND (TITLE:epidural OR TITLE:needle OR TITLE:puncture)"
force_impedance_sensing,23,17898406,,10.1213/01.ane.0000281935.78144.82,The Episure syringe: a novel loss of resistance syringe for locating the epidural space,Riley ET,Anesthesia and analgesia,2007,Journal Article,N,N,,19,"<h4>Introduction</h4>The Episure syringe is a unique spring-loaded loss-of-resistance (LOR) syringe with a coaxial compression spring within a Portex Pulsator LOR syringe. This syringe supplies a constant pressure while the operator is advancing the Tuohy needle.<h4>Methods</h4>We evaluated the syringe using an artificial model of the ligamentum flavum, an anesthetized pig, and women who desired e",https://europepmc.org/article/MED/17898406,"(TITLE:""loss of resistance"" OR TITLE:bioimpedance OR TITLE:impedance OR TITLE:""force sensing"") AND (TITLE:epidural OR TITLE:needle OR TITLE:puncture)"
force_impedance_sensing,24,30056592,,10.1007/s11548-018-1829-0,Combined OCT distance and FBG force sensing cannulation needle for retinal vein cannulation: in vivo animal validation,Ourak M,International journal of computer assisted radiology and surgery,2019,Validation Study|Journal Article,N,N,,18,"<h4>Purpose</h4>Retinal vein cannulation is an experimental procedure during which a clot-dissolving drug is injected into an obstructed retinal vein. However, due to the fragility and minute size of retinal veins, such procedure is considered too risky to perform manually. With the aid of surgical robots, key limiting factors such as: unwanted eye rotations, hand tremor and instrument immobilizat",https://europepmc.org/article/MED/30056592,"(TITLE:""loss of resistance"" OR TITLE:bioimpedance OR TITLE:impedance OR TITLE:""force sensing"") AND (TITLE:epidural OR TITLE:needle OR TITLE:puncture)"
force_impedance_sensing,25,23749185,,10.1097/eja.0b013e328361409c,A simple epidural simulator: a blinded study assessing the 'feel' of loss of resistance in four fruits,Raj D,European journal of anaesthesiology,2013,Journal Article,N,N,,17,"<h4>Context</h4>Complex epidural simulators are now available, but these are expensive and not widely available. Simple simulators using fruit have been described before.<h4>Objective</h4>To ascertain which easily available fruit would best simulate the 'feel' of loss of resistance experienced in epidural insertion and be used as a teaching tool.<h4>Design</h4>A single blinded study using four dif",https://europepmc.org/article/MED/23749185,"(TITLE:""loss of resistance"" OR TITLE:bioimpedance OR TITLE:impedance OR TITLE:""force sensing"") AND (TITLE:epidural OR TITLE:needle OR TITLE:puncture)"
ultrasound_quality_assessment,1,17696983,,10.1111/j.1365-2923.2007.02848.x,Does ultrasound training boost Year 1 medical student competence and confidence when learning abdominal examination?,Butter J,Medical education,2007,"Research Support, Non-U.S. Gov't|Randomized Controlled Trial|Journal Article",N,N,,106,"<h4>Objectives</h4>Learning to perform physical examination of the abdomen is a challenge for medical students. Medical educators need to find engaging, effective tools to help students acquire competence and confidence in abdominal examination techniques. This study evaluates the added value of ultrasound training when Year 1 medical students learn abdominal examination.<h4>Methods</h4>The study ",https://europepmc.org/article/MED/17696983,"(TITLE:ultrasound) AND (TITLE:""image quality"" OR TITLE:""quality assessment"" OR TITLE:confidence)"
ultrasound_quality_assessment,2,16552507,,10.1007/s00330-006-0192-7,Comparison of contrast-enhanced ultrasonography versus baseline ultrasound and contrast-enhanced computed tomography in metastatic disease of the liver: diagnostic performance and confidence,Quaia E,European radiology,2006,"Controlled Clinical Trial|Comparative Study|Research Support, Non-U.S. Gov't|Journal Article",N,N,,95,<h4>Aim</h4>The aim of this study was to compare contrast-enhanced ultrasonography (CEUS) to baseline US and contrast-enhanced computed tomography (CT) in metastatic disease of the liver diagnosed or suspected by US during presurgical staging or postsurgical follow-up for primary malignancies.<h4>Materials and methods</h4>Two hundred-fifty-three patients considered suitable for US due to the compl,https://europepmc.org/article/MED/16552507,"(TITLE:ultrasound) AND (TITLE:""image quality"" OR TITLE:""quality assessment"" OR TITLE:confidence)"
ultrasound_quality_assessment,3,12182778,,10.1227/00006123-200208000-00019,Brain operations guided by real-time two-dimensional ultrasound: new possibilities as a result of improved image quality,Unsgaard G,Neurosurgery,2002,"Research Support, Non-U.S. Gov't|Journal Article",N,N,,93,"<h4>Objective</h4>In 1995, a project was initiated in Trondheim, Norway, to investigate various possibilities for more frequent use of ultrasound in brain surgery. Since that time, the quality of ultrasonic images has improved considerably through technological adjustment of parameters. The objective of the present study was to explore essential clinical parameters required for the successful use ",https://europepmc.org/article/MED/12182778,"(TITLE:ultrasound) AND (TITLE:""image quality"" OR TITLE:""quality assessment"" OR TITLE:confidence)"
ultrasound_quality_assessment,4,20652608,,10.1007/s00701-010-0731-5,"Ultrasound-guided operations in unselected high-grade gliomas--overall results, impact of image quality and patient selection",Solheim O,Acta neurochirurgica,2010,"Research Support, Non-U.S. Gov't|Journal Article",N,N,,90,"<h4>Background</h4>A number of tools, including intraoperative ultrasound, are reported to facilitate surgical resection of high-grade gliomas. However, results from selected surgical series do not necessarily reflect the effectiveness in common neurosurgical practice. Delineation of seemingly similar brain tumours vary in different ultrasound-guided operations, perhaps limiting usefulness in cert",https://europepmc.org/article/MED/20652608,"(TITLE:ultrasound) AND (TITLE:""image quality"" OR TITLE:""quality assessment"" OR TITLE:confidence)"
ultrasound_quality_assessment,5,28362600,,10.1109/tcyb.2017.2671898,FUIQA: Fetal Ultrasound Image Quality Assessment With Deep Convolutional Networks,Wu L,IEEE transactions on cybernetics,2017,Journal Article,N,N,,86,"The quality of ultrasound (US) images for the obstetric examination is crucial for accurate biometric measurement. However, manual quality control is a labor intensive process and often impractical in a clinical setting. To improve the efficiency of examination and alleviate the measurement error caused by improper US scanning operation and slice selection, a computerized fetal US image quality as",https://europepmc.org/article/MED/28362600,"(TITLE:ultrasound) AND (TITLE:""image quality"" OR TITLE:""quality assessment"" OR TITLE:confidence)"
ultrasound_quality_assessment,6,11328957,,10.1203/00006450-200105000-00017,Bone quality assessment by quantitative ultrasound of proximal phalanxes of the hand in healthy subjects aged 3--21 years,Baroncelli GI,Pediatric research,2001,Journal Article,N,N,,73,"Bone quality by quantitative ultrasound was assessed in 1083 (587 males) healthy white subjects aged 3--21 y. Amplitude-dependent speed of sound (AD-SoS) through the distal end of the first phalanx diaphysis of the last four fingers of the hand was measured by an ultrasound device (DBM Sonic 1200, IGEA, Carpi, Italy). Mean AD-SoS values increased progressively from 3 to 21 y (males, 1845.9--2119.1",https://europepmc.org/article/MED/11328957,"(TITLE:ultrasound) AND (TITLE:""image quality"" OR TITLE:""quality assessment"" OR TITLE:confidence)"
ultrasound_quality_assessment,7,31525671,,10.1016/j.media.2019.101548,Multi-task learning for quality assessment of fetal head ultrasound images,Lin Z,Medical image analysis,2019,"Research Support, Non-U.S. Gov't|Journal Article",N,N,,61,"It is essential to measure anatomical parameters in prenatal ultrasound images for the growth and development of the fetus, which is highly relied on obtaining a standard plane. However, the acquisition of a standard plane is, in turn, highly subjective and depends on the clinical experience of sonographers. In order to deal with this challenge, we propose a new multi-task learning framework using",https://europepmc.org/article/MED/31525671,"(TITLE:ultrasound) AND (TITLE:""image quality"" OR TITLE:""quality assessment"" OR TITLE:confidence)"
ultrasound_quality_assessment,8,22906822,,10.1016/j.media.2012.07.005,Ultrasound confidence maps using random walks,Karamalis A,Medical image analysis,2012,"Research Support, Non-U.S. Gov't|Journal Article",N,N,,58,"Advances in ultrasound system development have led to a substantial improvement of image quality and to an increased use of ultrasound in clinical practice. Nevertheless, ultrasound attenuation and shadowing artifacts cannot be entirely avoided and continue to challenge medical image computing algorithms. We introduce a method for estimating a per-pixel confidence in the information depicted by ul",https://europepmc.org/article/MED/22906822,"(TITLE:ultrasound) AND (TITLE:""image quality"" OR TITLE:""quality assessment"" OR TITLE:confidence)"
ultrasound_quality_assessment,9,24105723,,10.1002/uog.13211,Which factors are associated with trainees' confidence in performing obstetric and gynecological ultrasound examinations?,Tolsgaard MG,Ultrasound in obstetrics & gynecology : the official journal of the International Society of Ultrasound in Obstetrics and Gynecology,2014,"Research Support, Non-U.S. Gov't|Review|Journal Article",N,N,,52,"<h4>Objective</h4>To explore the association between clinical training characteristics and trainees' level of confidence in performing ultrasound scans independently.<h4>Methods</h4>A cross-sectional e-survey was distributed to members of the national societies of junior obstetricians/gynecologists in Denmark, Sweden and Norway (n = 973). Multiple linear regression models were used to explore the ",https://europepmc.org/article/MED/24105723,"(TITLE:ultrasound) AND (TITLE:""image quality"" OR TITLE:""quality assessment"" OR TITLE:confidence)"
ultrasound_quality_assessment,10,,,10.1016/j.lwt.2015.05.005,Quality assessment of pear juice under ultrasound and commercial pasteurization processing conditions,Saeeduddin M,Lebensmittel-Wissenschaft + [i.e. und] Technologie. Food science + technology. Science + technologie alimentaire,2015,Journal Article,N,N,,49,"Microbial and enzymatic inactivation in fresh pear juice were studied under conventional and ultrasound-pasteurizations. The ultrasound-pasteurization conditions were 25, 45 and 65 °C for 10 min using a 750 W probe sonicator (frequency 20 kHz and amplitude 70%) while conventional pasteurization conditions were 65 °C for 10 min and 95 °C for 2 min. Complete inactivation of enzymes (peroxidase, pect",,"(TITLE:ultrasound) AND (TITLE:""image quality"" OR TITLE:""quality assessment"" OR TITLE:confidence)"
ultrasound_quality_assessment,11,20870903,,10.1136/adc.2009.168997,Confidence in the prediction of neurodevelopmental outcome by cranial ultrasound and MRI in preterm infants,Nongena P,Archives of disease in childhood. Fetal and neonatal edition,2010,Comment|Editorial,N,N,,49,,https://europepmc.org/article/MED/20870903,"(TITLE:ultrasound) AND (TITLE:""image quality"" OR TITLE:""quality assessment"" OR TITLE:confidence)"
ultrasound_quality_assessment,12,20016188,,10.1159/000265012,Ultrasound experience substantially impacts on diagnostic performance and confidence when adnexal masses are classified using pattern recognition,Van Holsbeke C,Gynecologic and obstetric investigation,2010,"Research Support, Non-U.S. Gov't|Validation Study|Journal Article",N,N,,47,"<h4>Aim</h4>To determine how accurately and confidently examiners with different levels of ultrasound experience can classify adnexal masses as benign or malignant and suggest a specific histological diagnosis when evaluating ultrasound images using pattern recognition.<h4>Methods</h4>Ultrasound images of selected adnexal masses were evaluated by 3 expert sonologists, 2 senior and 4 junior trainee",https://europepmc.org/article/MED/20016188,"(TITLE:ultrasound) AND (TITLE:""image quality"" OR TITLE:""quality assessment"" OR TITLE:confidence)"
ultrasound_quality_assessment,13,28639831,,10.2214/ajr.16.17062,Diagnostic Performance and Confidence of Contrast-Enhanced Ultrasound in the Differential Diagnosis of Cystic and Cysticlike Liver Lesions,Corvino A,AJR. American journal of roentgenology,2017,Journal Article,N,N,,43,<h4>Objective</h4>The aims of this study were to assess the diagnostic performance of contrast-enhanced ultrasound (CEUS) in the characterization of atypical cystic and cysticlike focal liver lesions in comparison with conventional US and to determine whether the use of CEUS can reduce the need for further diagnostic workup.<h4>Subjects and methods</h4>In a 3-year period 48 patients with 50 atypic,https://europepmc.org/article/MED/28639831,"(TITLE:ultrasound) AND (TITLE:""image quality"" OR TITLE:""quality assessment"" OR TITLE:confidence)"
ultrasound_quality_assessment,14,11733148,,10.1016/s0899-7071(01)00335-7,"Tissue harmonic imaging sonography of breast lesions: improved margin analysis, conspicuity, and image quality compared to conventional ultrasound",Rosen EL,Clinical imaging,2001,Comparative Study|Journal Article,N,N,,43,"The purpose of this preference study is to determine if tissue harmonic imaging (THI) is preferred over conventional sonography for imaging breast masses. A prospective evaluation of 73 identical image pairs (one obtained with conventional sonography, one with THI sonography) was performed, examining 25 cysts, 36 solid masses, and 12 indeterminate lesions. Each image was evaluated for lesion contr",https://europepmc.org/article/MED/11733148,"(TITLE:ultrasound) AND (TITLE:""image quality"" OR TITLE:""quality assessment"" OR TITLE:confidence)"
ultrasound_quality_assessment,15,34535411,PMC8721076,10.1016/j.bjpt.2021.07.003,Therapeutic ultrasound for knee osteoarthritis: A systematic review and meta-analysis with grade quality assessment,Dantas LO,Brazilian journal of physical therapy,2021,Meta-Analysis|Systematic Review|review-article|Journal Article,N,Y,,41,"<h4>Background</h4>Therapeutic ultrasound (US) is a widely used intervention in physical therapy to manage pain and to aid in the healing of soft tissue.<h4>Objective</h4>This systematic review aimed to determine the effects of therapeutic US on knee osteoarthritis (KOA) symptoms.<h4>Methods</h4>PubMed, MEDLINE, EMBASE, Google Scholar, and the Cochrane databases were searched from inception to Apr",https://europepmc.org/article/MED/34535411,"(TITLE:ultrasound) AND (TITLE:""image quality"" OR TITLE:""quality assessment"" OR TITLE:confidence)"
ultrasound_quality_assessment,16,25911457,PMC4786300,10.1016/j.jsurg.2015.01.021,Impact of point-of-care ultrasound training on surgical residents' confidence,Kotagal M,Journal of surgical education,2015,"Research Support, Non-U.S. Gov't|research-article|Journal Article|Research Support, N.I.H., Extramural",N,Y,,40,"<h4>Objective</h4>Point-of-care ultrasound (POCUS) is a vital tool for diagnosis and management of critically ill patients, particularly in resource-limited settings where access to diagnostic imaging may be constrained. We aimed to develop a novel POCUS training curriculum for surgical practice in the United States and in resource-limited settings in low- and middle-income countries and to determ",https://europepmc.org/article/MED/25911457,"(TITLE:ultrasound) AND (TITLE:""image quality"" OR TITLE:""quality assessment"" OR TITLE:confidence)"
ultrasound_quality_assessment,17,17223433,,10.1016/j.amjcard.2006.08.023,Usefulness of ultrasound contrast agent to improve image quality during real-time three-dimensional stress echocardiography,Nemes A,The American journal of cardiology,2007,"Research Support, Non-U.S. Gov't|Journal Article",N,N,,36,Dobutamine stress echocardiography is an accepted tool for the diagnosis of coronary artery disease. Some investigators have claimed that 3-dimensional imaging improves the diagnostic accuracy of dobutamine stress echocardiography. The purpose of the present investigation was to examine the role of contrast echocardiography in the improvement of segmental quality and interobserver agreement during,https://europepmc.org/article/MED/17223433,"(TITLE:ultrasound) AND (TITLE:""image quality"" OR TITLE:""quality assessment"" OR TITLE:confidence)"
ultrasound_quality_assessment,18,33404698,,10.1007/s00330-020-07561-7,One step further into the blackbox: a pilot study of how to build more confidence around an AI-based decision system of breast nodule assessment in 2D ultrasound,Dong F,European radiology,2021,Journal Article,N,N,,35,"<h4>Objectives</h4>To investigate how a DL model makes decisions in lesion classification with a newly defined region of evidence (ROE) by incorporating ""explainable AI"" (xAI) techniques.<h4>Methods</h4>A data set of 785 2D breast ultrasound images acquired from 367 females. The DenseNet-121 was used to classify whether the lesion is benign or malignant. For performance assessment, classification ",https://europepmc.org/article/MED/33404698,"(TITLE:ultrasound) AND (TITLE:""image quality"" OR TITLE:""quality assessment"" OR TITLE:confidence)"
ultrasound_quality_assessment,19,15231471,,10.1197/j.aem.2003.12.030,Ultrasound image quality comparison between an inexpensive handheld emergency department (ED) ultrasound machine and a large mobile ED ultrasound system,Blaivas M,Academic emergency medicine : official journal of the Society for Academic Emergency Medicine,2004,Comparative Study|Clinical Trial|Randomized Controlled Trial|Journal Article,N,N,,30,"<h4>Unlabelled</h4>Questions have been raised regarding image quality (IQ) provided by portable ultrasound (US) machines.<h4>Objectives</h4>To determine if a difference exists between images obtained with a common portable US machine and those obtained with a more expensive, larger US machine when comparing typical views used by emergency physicians.<h4>Methods</h4>The authors performed a cross-se",https://europepmc.org/article/MED/15231471,"(TITLE:ultrasound) AND (TITLE:""image quality"" OR TITLE:""quality assessment"" OR TITLE:confidence)"
ultrasound_quality_assessment,20,30861278,PMC6414140,10.1002/acm2.12544,Image quality evaluation of ultrasound imaging systems: advanced B-modes,Sassaroli E,Journal of applied clinical medical physics,2019,research-article|Evaluation Study|Journal Article,Y,Y,cc by,29,"The Quality assurance of ultrasound clinical imaging systems is essential for maintaining their performance to the highest level and for complying with the requirements by various regulatory and accrediting agencies. Although there is no standardization yet, most of the quality assessment procedures available in literature are proposed for B-mode and Doppler imaging. However, ultrasound imaging sy",https://europepmc.org/article/MED/30861278,"(TITLE:ultrasound) AND (TITLE:""image quality"" OR TITLE:""quality assessment"" OR TITLE:confidence)"
ultrasound_quality_assessment,21,23024651,PMC3457667,10.1155/2012/194530,Evaluation of endoscopic ultrasound image quality is necessary in endosonographic assessment of early gastric cancer invasion depth,Yamamoto S,Gastroenterology research and practice,2012,research-article|Journal Article,Y,Y,cc by,29,We evaluated whether endoscopic ultrasonography (EUS) image quality affects the accuracy of diagnosing the vertical invasion depth of early gastric cancer (EGC). A total of 75 lesions in 75 patients suspected of having EGC were enrolled. All patients underwent EUS examination. Findings of EUS were compared with histopathologic results. We evaluated the effect of the following clinicopathologic fac,https://europepmc.org/article/MED/23024651,"(TITLE:ultrasound) AND (TITLE:""image quality"" OR TITLE:""quality assessment"" OR TITLE:confidence)"
ultrasound_quality_assessment,22,17180328,,10.1007/s00330-006-0432-x,Characterization of hypoechoic focal hepatic lesions in patients with fatty liver: diagnostic performance and confidence of contrast-enhanced ultrasound,Bartolotta TV,European radiology,2007,Evaluation Study|Journal Article,N,N,,29,The objective of this study was to assess the diagnostic performance of contrast-enhanced ultrasound (CEUS) to characterize hypoechoic focal hepatic lesions (HFHL) in fatty liver (FL). A study group of 105 patients with FL and 105 HFHLs (52 malignant and 53 benign) underwent CEUS after SonoVue administration. Two blinded readers independently reviewed baseline ultrasound (US) and CEUS scans and cl,https://europepmc.org/article/MED/17180328,"(TITLE:ultrasound) AND (TITLE:""image quality"" OR TITLE:""quality assessment"" OR TITLE:confidence)"
ultrasound_quality_assessment,23,27124564,,10.1097/pcc.0000000000000737,Hemodynamic Bedside Ultrasound Image Quality and Interpretation After Implementation of a Training Curriculum for Pediatric Critical Care Medicine Providers,Conlon TW,Pediatric critical care medicine : a journal of the Society of Critical Care Medicine and the World Federation of Pediatric Intensive and Critical Care Societies,2016,Journal Article,N,N,,27,<h4>Objective</h4>Bedside ultrasound for hemodynamic evaluation in critically ill children is increasingly recognized as an important skill for pediatric critical care medicine providers. Our institution implemented a training curriculum leading to institutional credentialing for pediatric critical care providers in nonprocedural bedside ultrasound core applications. We hypothesized that hemodynam,https://europepmc.org/article/MED/27124564,"(TITLE:ultrasound) AND (TITLE:""image quality"" OR TITLE:""quality assessment"" OR TITLE:confidence)"
ultrasound_quality_assessment,24,31692399,,10.1177/1129729819882602,Pre- and post-review of a standardized ultrasound-guided central venous catheterization curriculum evaluating procedural skills acquisition and clinician confidence,Spencer TR,The journal of vascular access,2020,Multicenter Study|Journal Article,N,N,,25,<h4>Background</h4>To evaluate novice and expert clinicians' procedural confidence utilizing a blended learning mixed fidelity simulation model when applying a standardized ultrasound-guided central venous catheterization curriculum.<h4>Methods</h4>Simulation-based education and ultrasound-guided central venous catheter insertion aims to provide facility-wide efficiencies and improves patient safe,https://europepmc.org/article/MED/31692399,"(TITLE:ultrasound) AND (TITLE:""image quality"" OR TITLE:""quality assessment"" OR TITLE:confidence)"
ultrasound_quality_assessment,25,31021795,PMC6892638,10.1109/tmi.2019.2913311,Weakly Supervised Estimation of Shadow Confidence Maps in Fetal Ultrasound Imaging,Meng Q,IEEE transactions on medical imaging,2019,"Research Support, Non-U.S. Gov't|research-article|Journal Article",N,Y,,25,"Detecting acoustic shadows in ultrasound images is important in many clinical and engineering applications. Real-time feedback of acoustic shadows can guide sonographers to a standardized diagnostic viewing plane with minimal artifacts and can provide additional information for other automatic image analysis algorithms. However, automatically detecting shadow regions using learning-based algorithm",https://europepmc.org/article/MED/31021795,"(TITLE:ultrasound) AND (TITLE:""image quality"" OR TITLE:""quality assessment"" OR TITLE:confidence)"
ultrasound_foundation_models,1,38788326,,10.1016/j.media.2024.103202,USFM: A universal ultrasound foundation model generalized to tasks and organs towards label efficient image analysis,Jiao J,Medical image analysis,2024,"Research Support, Non-U.S. Gov't|Journal Article",N,N,,50,"Inadequate generality across different organs and tasks constrains the application of ultrasound (US) image analysis methods in smart healthcare. Building a universal US foundation model holds the potential to address these issues. Nevertheless, the development of such foundation models encounters intrinsic challenges in US analysis, i.e., insufficient databases, low quality, and ineffective featu",https://europepmc.org/article/MED/38788326,"(TITLE:ultrasound) AND (TITLE:""foundation model"" OR TITLE:""self-supervised"" OR TITLE:""pretrain*"" OR TITLE:""segment anything"")"
ultrasound_foundation_models,2,33711740,,10.1016/j.media.2021.102018,Ultrasound image reconstruction from plane wave radio-frequency data by self-supervised deep neural network,Zhang J,Medical image analysis,2021,"Research Support, Non-U.S. Gov't|Journal Article",N,N,cc by-nc-nd,39,"Image reconstruction from radio-frequency (RF) data is crucial for ultrafast plane wave ultrasound (PWUS) imaging. Compared with the traditional delay-and-sum (DAS) method based on relatively imprecise assumptions, sparse regularization (SR) method directly solves the inverse problem of image reconstruction and has presented significant improvement in the image quality when the frame rate remains ",https://europepmc.org/article/MED/33711740,"(TITLE:ultrasound) AND (TITLE:""foundation model"" OR TITLE:""self-supervised"" OR TITLE:""pretrain*"" OR TITLE:""segment anything"")"
ultrasound_foundation_models,3,36240597,,10.1016/j.compbiomed.2022.106164,Self-supervised multi-modal fusion network for multi-modal thyroid ultrasound image diagnosis,Xiang Z,Computers in biology and medicine,2022,"Research Support, Non-U.S. Gov't|Journal Article",N,N,,30,"Ultrasound is a typical non-invasive diagnostic method often used to detect thyroid cancer lesions. However, due to the limitations of the information provided by ultrasound images, shear wave elastography (SWE) and color doppler ultrasound (CDUS) are also used clinically to assist in diagnosis, which makes the diagnosis time-consuming, labor-intensive, and highly subjective process. Therefore, au",https://europepmc.org/article/MED/36240597,"(TITLE:ultrasound) AND (TITLE:""foundation model"" OR TITLE:""self-supervised"" OR TITLE:""pretrain*"" OR TITLE:""segment anything"")"
ultrasound_foundation_models,4,32833630,,10.1109/tmi.2020.3018560,Self-Supervised Ultrasound to MRI Fetal Brain Image Synthesis,Jiao J,IEEE transactions on medical imaging,2020,"Research Support, Non-U.S. Gov't|Journal Article",N,N,,26,"Fetal brain magnetic resonance imaging (MRI) offers exquisite images of the developing brain but is not suitable for second-trimester anomaly screening, for which ultrasound (US) is employed. Although expert sonographers are adept at reading US images, MR images which closely resemble anatomical images are much easier for non-experts to interpret. Thus in this article we propose to generate MR-lik",https://europepmc.org/article/MED/32833630,"(TITLE:ultrasound) AND (TITLE:""foundation model"" OR TITLE:""self-supervised"" OR TITLE:""pretrain*"" OR TITLE:""segment anything"")"
ultrasound_foundation_models,5,32489519,PMC7266673,10.1109/isbi45749.2020.9098666,Self-Supervised Representation Learning for Ultrasound Video,Jiao J,Proceedings. IEEE International Symposium on Biomedical Imaging,2020,research-article|Journal Article,N,Y,,24,"Recent advances in deep learning have achieved promising performance for medical image analysis, while in most cases ground-truth annotations from human experts are necessary to train the deep model. In practice, such annotations are expensive to collect and can be scarce for medical imaging applications. Therefore, there is significant interest in learning representations from unlabelled raw data",https://europepmc.org/article/MED/32489519,"(TITLE:ultrasound) AND (TITLE:""foundation model"" OR TITLE:""self-supervised"" OR TITLE:""pretrain*"" OR TITLE:""segment anything"")"
ultrasound_foundation_models,6,38580932,PMC10998380,10.1186/s12880-024-01253-0,"A survey of the impact of self-supervised pretraining for diagnostic tasks in medical X-ray, CT, MRI, and ultrasound",VanBerlo B,BMC medical imaging,2024,review-article|Review|Journal Article,Y,Y,cc by,22,"Self-supervised pretraining has been observed to be effective at improving feature representations for transfer learning, leveraging large amounts of unlabelled data. This review summarizes recent research into its usage in X-ray, computed tomography, magnetic resonance, and ultrasound imaging, concentrating on studies that compare self-supervised pretraining to fully supervised learning for diagn",https://europepmc.org/article/MED/38580932,"(TITLE:ultrasound) AND (TITLE:""foundation model"" OR TITLE:""self-supervised"" OR TITLE:""pretrain*"" OR TITLE:""segment anything"")"
ultrasound_foundation_models,7,33103162,PMC7116253,10.1007/978-3-030-59716-0_51,Self-supervised Contrastive Video-Speech Representation Learning for Ultrasound,Jiao J,Medical image computing and computer-assisted intervention : MICCAI ... International Conference on Medical Image Computing and Computer-Assisted Intervention,2020,research-article|Journal Article,N,Y,,21,"In medical imaging, manual annotations can be expensive to acquire and sometimes infeasible to access, making conventional deep learning-based models difficult to scale. As a result, it would be beneficial if useful representations could be derived from raw data without the need for manual annotations. In this paper, we propose to address the problem of self-supervised representation learning with",https://europepmc.org/article/MED/33103162,"(TITLE:ultrasound) AND (TITLE:""foundation model"" OR TITLE:""self-supervised"" OR TITLE:""pretrain*"" OR TITLE:""segment anything"")"
ultrasound_foundation_models,8,37368810,,10.1109/tmi.2023.3289859,DSMT-Net: Dual Self-Supervised Multi-Operator Transformation for Multi-Source Endoscopic Ultrasound Diagnosis,Li J,IEEE transactions on medical imaging,2024,"Research Support, Non-U.S. Gov't|Journal Article",N,N,,14,Pancreatic cancer has the worst prognosis of all cancers. The clinical application of endoscopic ultrasound (EUS) for the assessment of pancreatic cancer risk and of deep learning for the classification of EUS images have been hindered by inter-grader variability and labeling capability. One of the key reasons for these difficulties is that EUS images are obtained from multiple sources with varyin,https://europepmc.org/article/MED/37368810,"(TITLE:ultrasound) AND (TITLE:""foundation model"" OR TITLE:""self-supervised"" OR TITLE:""pretrain*"" OR TITLE:""segment anything"")"
ultrasound_foundation_models,9,37344394,,10.5582/bst.2023.01119,The potential of 'Segment Anything' (SAM) for universal intelligent ultrasound image guidance,Ning G,Bioscience trends,2023,Journal Article,N,N,,12,"Ultrasound image guidance is a method often used to help provide care, and it relies on accurate perception of information, and particularly tissue recognition, to guide medical procedures. It is widely used in various scenarios that are often complex. Recent breakthroughs in large models, such as ChatGPT for natural language processing and Segment Anything Model (SAM) for image segmentation, have",https://europepmc.org/article/MED/37344394,"(TITLE:ultrasound) AND (TITLE:""foundation model"" OR TITLE:""self-supervised"" OR TITLE:""pretrain*"" OR TITLE:""segment anything"")"
ultrasound_foundation_models,10,33993508,PMC11699523,10.1002/mp.14946,Self-supervised learning for accelerated 3D high-resolution ultrasound imaging,Dai X,Medical physics,2021,research-article|Journal Article,N,Y,,10,"<h4>Purpose</h4>Ultrasound (US) imaging has been widely used in diagnosis, image-guided intervention, and therapy, where high-quality three-dimensional (3D) images are highly desired from sparsely acquired two-dimensional (2D) images. This study aims to develop a deep learning-based algorithm to reconstruct high-resolution (HR) 3D US images only reliant on the acquired sparsely distributed 2D imag",https://europepmc.org/article/MED/33993508,"(TITLE:ultrasound) AND (TITLE:""foundation model"" OR TITLE:""self-supervised"" OR TITLE:""pretrain*"" OR TITLE:""segment anything"")"
ultrasound_foundation_models,11,40307208,PMC12043926,10.1038/s41467-025-59451-5,Self-supervised learning for label-free segmentation in cardiac ultrasound,Ferreira DL,Nature communications,2025,research-article|Journal Article,Y,Y,cc by,9,"Segmentation and measurement of cardiac chambers from ultrasound is critical, but laborious and poorly reproducible. Neural networks can assist, but supervised approaches require the same problematic manual annotations. We build a pipeline for self-supervised segmentation combining computer vision, clinical knowledge, and deep learning. We train on 450 echocardiograms and test on 18,423 echocardio",https://europepmc.org/article/MED/40307208,"(TITLE:ultrasound) AND (TITLE:""foundation model"" OR TITLE:""self-supervised"" OR TITLE:""pretrain*"" OR TITLE:""segment anything"")"
ultrasound_foundation_models,12,37478033,,10.1109/tuffc.2023.3297840,Self-Supervised Learning With Limited Labeled Data for Prostate Cancer Detection in High-Frequency Ultrasound,Wilson PFR,"IEEE transactions on ultrasonics, ferroelectrics, and frequency control",2023,"Research Support, Non-U.S. Gov't|Journal Article",N,N,,9,"Deep learning-based analysis of high-frequency, high-resolution micro-ultrasound data shows great promise for prostate cancer (PCa) detection. Previous approaches to analysis of ultrasound data largely follow a supervised learning (SL) paradigm. Ground truth labels for ultrasound images used for training deep networks often include coarse annotations generated from the histopathological analysis o",https://europepmc.org/article/MED/37478033,"(TITLE:ultrasound) AND (TITLE:""foundation model"" OR TITLE:""self-supervised"" OR TITLE:""pretrain*"" OR TITLE:""segment anything"")"
ultrasound_foundation_models,13,38364658,,10.1016/j.compbiomed.2024.108087,Thyroid ultrasound diagnosis improvement via multi-view self-supervised learning and two-stage pre-training,Wang J,Computers in biology and medicine,2024,"Research Support, Non-U.S. Gov't|Journal Article",N,N,,8,"Thyroid nodule classification and segmentation in ultrasound images are crucial for computer-aided diagnosis; however, they face limitations owing to insufficient labeled data. In this study, we proposed a multi-view contrastive self-supervised method to improve thyroid nodule classification and segmentation performance with limited manual labels. Our method aligns the transverse and longitudinal ",https://europepmc.org/article/MED/38364658,"(TITLE:ultrasound) AND (TITLE:""foundation model"" OR TITLE:""self-supervised"" OR TITLE:""pretrain*"" OR TITLE:""segment anything"")"
ultrasound_foundation_models,14,39361457,,10.1109/tmi.2024.3472672,Multi-Organ Foundation Model for Universal Ultrasound Image Segmentation With Task Prompt and Anatomical Prior,Chen H,IEEE transactions on medical imaging,2025,"Research Support, Non-U.S. Gov't|Journal Article",N,N,,6,"Semantic segmentation of ultrasound (US) images with deep learning has played a crucial role in computer-aided disease screening, diagnosis and prognosis. However, due to the scarcity of US images and small field of view, resulting segmentation models are tailored for a specific single organ and may lack robustness, overlooking correlations among anatomical structures of multiple organs. To addres",https://europepmc.org/article/MED/39361457,"(TITLE:ultrasound) AND (TITLE:""foundation model"" OR TITLE:""self-supervised"" OR TITLE:""pretrain*"" OR TITLE:""segment anything"")"
ultrasound_foundation_models,15,40932576,,10.1007/s11548-025-03517-8,Ultrasam: a foundation model for ultrasound using large open-access segmentation datasets,Meyer A,International journal of computer assisted radiology and surgery,2026,Journal Article,N,N,,5,"<h4>Purpose</h4>Automated ultrasound (US) image analysis remains a longstanding challenge due to anatomical complexity and the scarcity of annotated data. Although large-scale pretraining has improved data efficiency in many visual domains, its impact in US is limited by a pronounced domain shift from other imaging modalities and high variability across clinical applications, such as chest, ovaria",https://europepmc.org/article/MED/40932576,"(TITLE:ultrasound) AND (TITLE:""foundation model"" OR TITLE:""self-supervised"" OR TITLE:""pretrain*"" OR TITLE:""segment anything"")"
ultrasound_foundation_models,16,40746999,PMC12312112,10.1016/j.isci.2025.112917,URFM: A general Ultrasound Representation Foundation Model for advancing ultrasound image diagnosis,Kang Q,iScience,2025,research-article|Journal Article,Y,Y,cc by-nc-nd,5,"Ultrasound imaging is critical for clinical diagnostics, providing insights into various diseases and organs. However, artificial intelligence (AI) in this field faces challenges, such as the need for large labeled datasets and limited task-specific model applicability, particularly due to ultrasound's low signal-to-noise ratio (SNR). To overcome these, we introduce the Ultrasound Representation F",https://europepmc.org/article/MED/40746999,"(TITLE:ultrasound) AND (TITLE:""foundation model"" OR TITLE:""self-supervised"" OR TITLE:""pretrain*"" OR TITLE:""segment anything"")"
ultrasound_foundation_models,17,40369044,PMC12078606,10.1038/s41598-025-01744-2,Automated high precision PCOS detection through a segment anything model on super resolution ultrasound ovary images,Reka S,Scientific reports,2025,research-article|Journal Article,Y,Y,cc by-nc-nd,5,"PCOS (Poly-Cystic Ovary Syndrome) is a multifaceted disorder that often affects the ovarian morphology of women of their reproductive age, resulting in the development of numerous cysts on the ovaries. Ultrasound imaging typically diagnoses PCOS, which helps clinicians assess the size, shape, and existence of cysts in the ovaries. Nevertheless, manual ultrasound image analysis is often challenging",https://europepmc.org/article/MED/40369044,"(TITLE:ultrasound) AND (TITLE:""foundation model"" OR TITLE:""self-supervised"" OR TITLE:""pretrain*"" OR TITLE:""segment anything"")"
ultrasound_foundation_models,18,37672927,,10.1016/j.compbiomed.2023.107337,Self-supervised dual-head attentional bootstrap learning network for prostate cancer screening in transrectal ultrasound images,Lu X,Computers in biology and medicine,2023,"Research Support, Non-U.S. Gov't|Journal Article",N,N,,5,"Current convolutional neural network-based ultrasound automatic classification models for prostate cancer often rely on extensive manual labeling. Although Self-supervised Learning (SSL) have shown promise in addressing this problem, those data that from medical scenarios contains intra-class similarity conflicts, so using loss calculations directly that include positive and negative sample pairs ",https://europepmc.org/article/MED/37672927,"(TITLE:ultrasound) AND (TITLE:""foundation model"" OR TITLE:""self-supervised"" OR TITLE:""pretrain*"" OR TITLE:""segment anything"")"
ultrasound_foundation_models,19,38827779,PMC11137375,10.1117/1.jmi.11.3.034504,Segment anything with inception module for automated segmentation of endometrium in ultrasound images,Qiu Y,"Journal of medical imaging (Bellingham, Wash.)",2024,research-article|Journal Article,N,Y,,4,"<h4>Purpose</h4>Accurate segmentation of the endometrium in ultrasound images is essential for gynecological diagnostics and treatment planning. Manual segmentation methods are time-consuming and subjective, prompting the exploration of automated solutions. We introduce ""segment anything with inception module"" (SAIM), a specialized adaptation of the segment anything model, tailored specifically fo",https://europepmc.org/article/MED/38827779,"(TITLE:ultrasound) AND (TITLE:""foundation model"" OR TITLE:""self-supervised"" OR TITLE:""pretrain*"" OR TITLE:""segment anything"")"
ultrasound_foundation_models,20,38205381,PMC10774911,10.1088/1361-6501/ad1671,Improving sub-pixel accuracy in ultrasound localization microscopy using supervised and self-supervised deep learning,Zhang Z,Measurement science & technology,2024,research-article|Journal Article,Y,Y,cc by,4,"With a spatial resolution of tens of microns, ultrasound localization microscopy (ULM) reconstructs microvascular structures and measures intravascular flows by tracking microbubbles (1-5 μm) in contrast enhanced ultrasound (CEUS) images. Since the size of CEUS bubble traces, e.g. 0.5-1 mm for ultrasound with a wavelength <i>λ</i> = 280 μm, is typically two orders of magnitude larger than the bubb",https://europepmc.org/article/MED/38205381,"(TITLE:ultrasound) AND (TITLE:""foundation model"" OR TITLE:""self-supervised"" OR TITLE:""pretrain*"" OR TITLE:""segment anything"")"
ultrasound_foundation_models,21,38061113,,10.1016/j.cmpb.2023.107957,An image registration-based self-supervised Su-Net for carotid plaque ultrasound image segmentation,Ding J,Computer methods and programs in biomedicine,2024,Journal Article,N,N,,4,"<h4>Background and objectives</h4>Total Plaque Area (TPA) measurement is critical for early diagnosis and intervention of carotid atherosclerosis in individuals with high risk for stroke. The delineation of the carotid plaques is necessary for TPA measurement, and deep learning methods can automatically segment the plaque and measure TPA from carotid ultrasound images. A large number of labeled im",https://europepmc.org/article/MED/38061113,"(TITLE:ultrasound) AND (TITLE:""foundation model"" OR TITLE:""self-supervised"" OR TITLE:""pretrain*"" OR TITLE:""segment anything"")"
ultrasound_foundation_models,22,36899501,,10.3934/mbe.2023074,Ultrasound carotid plaque segmentation via image reconstruction-based self-supervised learning with limited training labels,Zhou R,Mathematical biosciences and engineering : MBE,2023,"Research Support, Non-U.S. Gov't|Journal Article",N,N,,4,"Carotid total plaque area (TPA) is an important contributing measurement to the evaluation of stroke risk. Deep learning provides an efficient method for ultrasound carotid plaque segmentation and TPA quantification. However, high performance of deep learning requires datasets with many labeled images for training, which is very labor-intensive. Thus, we propose an image reconstruction-based self-",https://europepmc.org/article/MED/36899501,"(TITLE:ultrasound) AND (TITLE:""foundation model"" OR TITLE:""self-supervised"" OR TITLE:""pretrain*"" OR TITLE:""segment anything"")"
ultrasound_foundation_models,23,36656448,,10.1007/s12539-022-00547-7,Differential Diagnosis of DCIS and Fibroadenoma Based on Ultrasound Images: a Difference-Based Self-Supervised Approach,Yin J,"Interdisciplinary sciences, computational life sciences",2023,Journal Article,N,N,,4,"Differentiation of ductal carcinoma in situ (DCIS, a precancerous lesion of the breast) from fibroadenoma (FA) using ultrasonography is significant for the early prevention of malignant breast tumors. Radiomics-based artificial intelligence (AI) can provide additional diagnostic information but usually requires extensive labeling efforts by clinicians with specialized knowledge. This study aims to",https://europepmc.org/article/MED/36656448,"(TITLE:ultrasound) AND (TITLE:""foundation model"" OR TITLE:""self-supervised"" OR TITLE:""pretrain*"" OR TITLE:""segment anything"")"
ultrasound_foundation_models,24,40103542,,10.1002/mp.17751,Dual branch segment anything model-transformer fusion network for accurate breast ultrasound image segmentation,Li Y,Medical physics,2025,Journal Article,N,N,,3,"<h4>Background</h4>Precise and rapid ultrasound-based breast cancer diagnosis is essential for effective treatment. However, existing ultrasound image segmentation methods often fail to capture both global contextual features and fine-grained boundary details.<h4>Purpose</h4>This study proposes a dual-branch network architecture that combines the Swin Transformer and Segment Anything Model (SAM) t",https://europepmc.org/article/MED/40103542,"(TITLE:ultrasound) AND (TITLE:""foundation model"" OR TITLE:""self-supervised"" OR TITLE:""pretrain*"" OR TITLE:""segment anything"")"
ultrasound_foundation_models,25,39983360,,10.1016/j.compbiomed.2025.109829,A multi-task self-supervised approach for mass detection in automated breast ultrasound using double attention recurrent residual U-Net,MohammadiNasab P,Computers in biology and medicine,2025,Journal Article,N,N,,3,"Breast cancer is the most common and lethal cancer among women worldwide. Early detection using medical imaging technologies can significantly improve treatment outcomes. Automated breast ultrasound, known as ABUS, offers more advantages compared to traditional mammography and has recently gained considerable attention. However, reviewing hundreds of ABUS slices imposes a high workload on radiolog",https://europepmc.org/article/MED/39983360,"(TITLE:ultrasound) AND (TITLE:""foundation model"" OR TITLE:""self-supervised"" OR TITLE:""pretrain*"" OR TITLE:""segment anything"")"
uncertainty_medical_segmentation,1,31595105,PMC6783308,10.1016/j.neucom.2019.01.103,Aleatoric uncertainty estimation with test-time augmentation for medical image segmentation with convolutional neural networks,Wang G,Neurocomputing,2019,research-article|Journal Article,Y,Y,cc by,218,"Despite the state-of-the-art performance for medical image segmentation, deep convolutional neural networks (CNNs) have rarely provided uncertainty estimations regarding their segmentation outputs, e.g., model (<i>epistemic</i>) and image-based (<i>aleatoric</i>) uncertainties. In this work, we analyze these different types of uncertainties for CNN-based 2D and 3D medical image segmentation tasks ",https://europepmc.org/article/MED/31595105,"(TITLE:uncertainty) AND (TITLE:segmentation OR TITLE:""medical image"")"
uncertainty_medical_segmentation,2,31677438,,10.1016/j.media.2019.101557,Exploring uncertainty measures in deep networks for Multiple sclerosis lesion detection and segmentation,Nair T,Medical image analysis,2020,"Research Support, Non-U.S. Gov't|Journal Article",N,N,,158,"Deep learning networks have recently been shown to outperform other segmentation methods on various public, medical-image challenge datasets, particularly on metrics focused on large pathologies. For diseases such as Multiple Sclerosis (MS), however, monitoring all the focal lesions visible on MRI sequences, even very small ones, is essential for disease staging, prognosis, and evaluating treatmen",https://europepmc.org/article/MED/31677438,"(TITLE:uncertainty) AND (TITLE:segmentation OR TITLE:""medical image"")"
uncertainty_medical_segmentation,3,32746129,PMC7704933,10.1109/tmi.2020.3006437,Confidence Calibration and Predictive Uncertainty Estimation for Deep Medical Image Segmentation,Mehrtash A,IEEE transactions on medical imaging,2020,"Research Support, Non-U.S. Gov't|research-article|Journal Article|Research Support, N.I.H., Extramural",N,Y,,149,"Fully convolutional neural networks (FCNs), and in particular U-Nets, have achieved state-of-the-art results in semantic segmentation for numerous medical imaging applications. Moreover, batch normalization and Dice loss have been used successfully to stabilize and accelerate training. However, these networks are poorly calibrated i.e. they tend to produce overconfident predictions for both correc",https://europepmc.org/article/MED/32746129,"(TITLE:uncertainty) AND (TITLE:segmentation OR TITLE:""medical image"")"
uncertainty_medical_segmentation,4,35732106,,10.1016/j.media.2022.102517,Semi-supervised medical image segmentation via uncertainty rectified pyramid consistency,Luo X,Medical image analysis,2022,"Research Support, Non-U.S. Gov't|Journal Article",N,N,,131,"Despite that Convolutional Neural Networks (CNNs) have achieved promising performance in many medical image segmentation tasks, they rely on a large set of labeled images for training, which is expensive and time-consuming to acquire. Semi-supervised learning has shown the potential to alleviate this challenge by learning from a large set of unlabeled images and limited labeled samples. In this wo",https://europepmc.org/article/MED/35732106,"(TITLE:uncertainty) AND (TITLE:segmentation OR TITLE:""medical image"")"
uncertainty_medical_segmentation,5,38553168,,10.1016/j.artmed.2024.102830,Trustworthy clinical AI solutions: A unified review of uncertainty quantification in Deep Learning models for medical image analysis,Lambert B,Artificial intelligence in medicine,2024,"Research Support, Non-U.S. Gov't|Review|Journal Article",N,N,cc by-nc-nd,102,"The full acceptance of Deep Learning (DL) models in the clinical field is rather low with respect to the quantity of high-performing solutions reported in the literature. End users are particularly reluctant to rely on the opaque predictions of DL models. Uncertainty quantification methods have been proposed in the literature as a potential solution, to reduce the black-box effect of DL models and",https://europepmc.org/article/MED/38553168,"(TITLE:uncertainty) AND (TITLE:segmentation OR TITLE:""medical image"")"
uncertainty_medical_segmentation,6,32623276,,10.1016/j.media.2020.101766,Uncertainty-aware multi-view co-training for semi-supervised medical image segmentation and domain adaptation,Xia Y,Medical image analysis,2020,Journal Article,N,N,,102,"Although having achieved great success in medical image segmentation, deep learning-based approaches usually require large amounts of well-annotated data, which can be extremely expensive in the field of medical image analysis. Unlabeled data, on the other hand, is much easier to acquire. Semi-supervised learning and unsupervised domain adaptation both take the advantage of unlabeled data, and the",https://europepmc.org/article/MED/32623276,"(TITLE:uncertainty) AND (TITLE:segmentation OR TITLE:""medical image"")"
uncertainty_medical_segmentation,7,31456678,PMC6700294,10.3389/fncom.2019.00056,Automatic Brain Tumor Segmentation Based on Cascaded Convolutional Neural Networks With Uncertainty Estimation,Wang G,Frontiers in computational neuroscience,2019,research-article|Journal Article,Y,Y,cc by,97,"Automatic segmentation of brain tumors from medical images is important for clinical assessment and treatment planning of brain tumors. Recent years have seen an increasing use of convolutional neural networks (CNNs) for this task, but most of them use either 2D networks with relatively low memory requirement while ignoring 3D context, or 3D networks exploiting 3D features while with large memory ",https://europepmc.org/article/MED/31456678,"(TITLE:uncertainty) AND (TITLE:segmentation OR TITLE:""medical image"")"
uncertainty_medical_segmentation,8,34606452,,10.1109/tmi.2021.3117888,Inconsistency-Aware Uncertainty Estimation for Semi-Supervised Medical Image Segmentation,Shi Y,IEEE transactions on medical imaging,2022,"Research Support, Non-U.S. Gov't|Journal Article",N,N,,70,"In semi-supervised medical image segmentation, most previous works draw on the common assumption that higher entropy means higher uncertainty. In this paper, we investigate a novel method of estimating uncertainty. We observe that, when assigned different misclassification costs in a certain degree, if the segmentation result of a pixel becomes inconsistent, this pixel shows a relative uncertainty",https://europepmc.org/article/MED/34606452,"(TITLE:uncertainty) AND (TITLE:segmentation OR TITLE:""medical image"")"
uncertainty_medical_segmentation,9,31810005,,10.1016/j.media.2019.101619,Uncertainty and interpretability in convolutional neural networks for semantic segmentation of colorectal polyps,Wickstrøm K,Medical image analysis,2020,"Research Support, Non-U.S. Gov't|Journal Article",N,N,cc by-nc-nd,64,"Colorectal polyps are known to be potential precursors to colorectal cancer, which is one of the leading causes of cancer-related deaths on a global scale. Early detection and prevention of colorectal cancer is primarily enabled through manual screenings, where the intestines of a patient is visually examined. Such a procedure can be challenging and exhausting for the person performing the screeni",https://europepmc.org/article/MED/31810005,"(TITLE:uncertainty) AND (TITLE:segmentation OR TITLE:""medical image"")"
uncertainty_medical_segmentation,10,31170065,,10.1109/tmi.2019.2919951,Exploiting Epistemic Uncertainty of Anatomy Segmentation for Anomaly Detection in Retinal OCT,Seebock P,IEEE transactions on medical imaging,2020,"Research Support, Non-U.S. Gov't|Journal Article",N,N,,61,"Diagnosis and treatment guidance are aided by detecting relevant biomarkers in medical images. Although supervised deep learning can perform accurate segmentation of pathological areas, it is limited by requiring a priori definitions of these regions, large-scale annotations, and a representative patient cohort in the training set. In contrast, anomaly detection is not limited to specific definiti",https://europepmc.org/article/MED/31170065,"(TITLE:uncertainty) AND (TITLE:segmentation OR TITLE:""medical image"")"
uncertainty_medical_segmentation,11,35509136,,10.1016/j.media.2022.102447,Semi-supervised medical image segmentation via a tripled-uncertainty guided mean teacher model with contrastive learning,Wang K,Medical image analysis,2022,"Research Support, Non-U.S. Gov't|Journal Article",N,N,,58,"Due to the difficulty in accessing a large amount of labeled data, semi-supervised learning is becoming an attractive solution in medical image segmentation. To make use of unlabeled data, current popular semi-supervised methods (e.g., temporal ensembling, mean teacher) mainly impose data-level and model-level consistency on unlabeled data. In this paper, we argue that in addition to these strateg",https://europepmc.org/article/MED/35509136,"(TITLE:uncertainty) AND (TITLE:segmentation OR TITLE:""medical image"")"
uncertainty_medical_segmentation,12,33021936,,10.1109/tmi.2020.3029161,Uncertainty Aware Temporal-Ensembling Model for Semi-Supervised ABUS Mass Segmentation,Cao X,IEEE transactions on medical imaging,2021,"Research Support, Non-U.S. Gov't|Journal Article",N,N,,56,"Accurate breast mass segmentation of automated breast ultrasound (ABUS) images plays a crucial role in 3D breast reconstruction which can assist radiologists in surgery planning. Although the convolutional neural network has great potential for breast mass segmentation due to the remarkable progress of deep learning, the lack of annotated data limits the performance of deep CNNs. In this article, ",https://europepmc.org/article/MED/33021936,"(TITLE:uncertainty) AND (TITLE:segmentation OR TITLE:""medical image"")"
uncertainty_medical_segmentation,13,30286184,PMC6171919,10.1371/journal.pone.0205003,Lung tumor segmentation methods: Impact on the uncertainty of radiomics features for non-small cell lung cancer,Owens CA,PloS one,2018,"Research Support, Non-U.S. Gov't|research-article|Journal Article|Research Support, N.I.H., Extramural",Y,Y,cc0,56,"<h4>Purpose</h4>To evaluate the uncertainty of radiomics features from contrast-enhanced breath-hold helical CT scans of non-small cell lung cancer for both manual and semi-automatic segmentation due to intra-observer, inter-observer, and inter-software reliability.<h4>Methods</h4>Three radiation oncologists manually delineated lung tumors twice from 10 CT scans using two software tools (3D-Slicer",https://europepmc.org/article/MED/30286184,"(TITLE:uncertainty) AND (TITLE:segmentation OR TITLE:""medical image"")"
uncertainty_medical_segmentation,14,39612808,PMC11730935,10.1016/j.media.2024.103385,"A survey on deep learning in medical image registration: New technologies, uncertainty, evaluation metrics, and beyond",Chen J,Medical image analysis,2025,"research-article|Review|Journal Article|Research Support, N.I.H., Extramural",N,Y,,53,"Deep learning technologies have dramatically reshaped the field of medical image registration over the past decade. The initial developments, such as regression-based and U-Net-based networks, established the foundation for deep learning in image registration. Subsequent progress has been made in various aspects of deep learning-based registration, including similarity measures, deformation regula",https://europepmc.org/article/MED/39612808,"(TITLE:uncertainty) AND (TITLE:segmentation OR TITLE:""medical image"")"
uncertainty_medical_segmentation,15,30926511,,10.1016/j.neuroimage.2019.03.042,Bayesian QuickNAT: Model uncertainty in deep whole-brain segmentation for structure-wise quality control,Roy AG,NeuroImage,2019,"Research Support, Non-U.S. Gov't|Research Support, U.S. Gov't, Non-P.H.S.|Journal Article",N,N,,53,"We introduce Bayesian QuickNAT for the automated quality control of whole-brain segmentation on MRI T1 scans. Next to the Bayesian fully convolutional neural network, we also present inherent measures of segmentation uncertainty that allow for quality control per brain structure. For estimating model uncertainty, we follow a Bayesian approach, wherein, Monte Carlo (MC) samples from the posterior d",https://europepmc.org/article/MED/30926511,"(TITLE:uncertainty) AND (TITLE:segmentation OR TITLE:""medical image"")"
uncertainty_medical_segmentation,16,32322186,PMC7156850,10.3389/fnins.2020.00282,Analyzing the Quality and Challenges of Uncertainty Estimations for Brain Tumor Segmentation,Jungo A,Frontiers in neuroscience,2020,research-article|Journal Article,Y,Y,cc by,50,"Automatic segmentation of brain tumors has the potential to enable volumetric measures and high-throughput analysis in the clinical setting. Reaching this potential seems almost achieved, considering the steady increase in segmentation accuracy. However, despite segmentation accuracy, the current methods still do not meet the robustness levels required for patient-centered clinical use. In this re",https://europepmc.org/article/MED/32322186,"(TITLE:uncertainty) AND (TITLE:segmentation OR TITLE:""medical image"")"
uncertainty_medical_segmentation,17,38861770,,10.1016/j.media.2024.103223,A review of uncertainty quantification in medical image analysis: Probabilistic and non-probabilistic methods,Huang L,Medical image analysis,2024,"Research Support, Non-U.S. Gov't|Review|Journal Article",N,N,,44,"The comprehensive integration of machine learning healthcare models within clinical practice remains suboptimal, notwithstanding the proliferation of high-performing solutions reported in the literature. A predominant factor hindering widespread adoption pertains to an insufficiency of evidence affirming the reliability of the aforementioned models. Recently, uncertainty quantification methods hav",https://europepmc.org/article/MED/38861770,"(TITLE:uncertainty) AND (TITLE:segmentation OR TITLE:""medical image"")"
uncertainty_medical_segmentation,18,35088930,PMC8996363,10.1002/hbm.25784,Deep Bayesian networks for uncertainty estimation and adversarial resistance of white matter hyperintensity segmentation,Mojiri Forooshani P,Human brain mapping,2022,"other|Research Support, Non-U.S. Gov't|Journal Article",Y,Y,cc by-nc-nd,43,"White matter hyperintensities (WMHs) are frequently observed on structural neuroimaging of elderly populations and are associated with cognitive decline and increased risk of dementia. Many existing WMH segmentation algorithms produce suboptimal results in populations with vascular lesions or brain atrophy, or require parameter tuning and are computationally expensive. Additionally, most algorithm",https://europepmc.org/article/MED/35088930,"(TITLE:uncertainty) AND (TITLE:segmentation OR TITLE:""medical image"")"
uncertainty_medical_segmentation,19,32116620,PMC7025464,10.3389/fncom.2020.00006,Demystifying Brain Tumor Segmentation Networks: Interpretability and Uncertainty Analysis,Natekar P,Frontiers in computational neuroscience,2020,research-article|Journal Article,Y,Y,cc by,43,"The accurate automatic segmentation of gliomas and its intra-tumoral structures is important not only for treatment planning but also for follow-up evaluations. Several methods based on 2D and 3D Deep Neural Networks (DNN) have been developed to segment brain tumors and to classify different categories of tumors from different MRI modalities. However, these networks are often black-box models and ",https://europepmc.org/article/MED/32116620,"(TITLE:uncertainty) AND (TITLE:segmentation OR TITLE:""medical image"")"
uncertainty_medical_segmentation,20,36990583,,10.1016/j.artmed.2022.102476,Uncertainty-guided mutual consistency learning for semi-supervised medical image segmentation,Zhang Y,Artificial intelligence in medicine,2023,"Research Support, Non-U.S. Gov't|Journal Article",N,N,,41,Medical image segmentation is a fundamental and critical step in many clinical approaches. Semi-supervised learning has been widely applied to medical image segmentation tasks since it alleviates the heavy burden of acquiring expert-examined annotations and takes the advantage of unlabeled data which is much easier to acquire. Although consistency learning has been proven to be an effective approa,https://europepmc.org/article/MED/36990583,"(TITLE:uncertainty) AND (TITLE:segmentation OR TITLE:""medical image"")"
uncertainty_medical_segmentation,21,36116398,,10.1016/j.cmpb.2022.107099,Efficient Combination of CNN and Transformer for Dual-Teacher Uncertainty-guided Semi-supervised Medical Image Segmentation,Xiao Z,Computer methods and programs in biomedicine,2022,Journal Article,N,N,,34,"<h4>Background and objective</h4>Deep learning-based methods for fast target segmentation of magnetic resonance imaging (MRI) have become increasingly popular in recent years. Generally, the success of deep learning methods in medical image segmentation tasks relies on a large amount of labeled data. The time-consuming and labor-intensive problem of data annotation is a major challenge in medical ",https://europepmc.org/article/MED/36116398,"(TITLE:uncertainty) AND (TITLE:segmentation OR TITLE:""medical image"")"
uncertainty_medical_segmentation,22,32580058,,10.1016/j.media.2020.101732,Uncertainty-aware domain alignment for anatomical structure segmentation,Bian C,Medical image analysis,2020,"Research Support, Non-U.S. Gov't|Journal Article",N,N,,31,"Automatic and accurate segmentation of anatomical structures on medical images is crucial for detecting various potential diseases. However, the segmentation performance of established deep neural networks may degenerate on different modalities or devices owing to the significant difference across the domains, a problem known as domain shift. In this work, we propose an uncertainty-aware domain al",https://europepmc.org/article/MED/32580058,"(TITLE:uncertainty) AND (TITLE:segmentation OR TITLE:""medical image"")"
uncertainty_medical_segmentation,23,35916701,PMC9382553,10.2196/36427,Uncertainty Estimation in Medical Image Classification: Systematic Review,Kurz A,JMIR medical informatics,2022,research-article|Review|Journal Article,Y,Y,cc by,30,"<h4>Background</h4>Deep neural networks are showing impressive results in different medical image classification tasks. However, for real-world applications, there is a need to estimate the network's uncertainty together with its prediction.<h4>Objective</h4>In this review, we investigate in what form uncertainty estimation has been applied to the task of medical image classification. We also inve",https://europepmc.org/article/MED/35916701,"(TITLE:uncertainty) AND (TITLE:segmentation OR TITLE:""medical image"")"
uncertainty_medical_segmentation,24,33564563,PMC7869831,10.1109/access.2020.3017168,Exploring Uncertainty Measures in Bayesian Deep Attentive Neural Networks for Prostate Zonal Segmentation,Liu Y,"IEEE access : practical innovations, open solutions",2020,research-article|Journal Article,N,Y,cc by,30,Automatic segmentation of prostatic zones on multiparametric MRI (mpMRI) can improve the diagnostic workflow of prostate cancer. We designed a spatial attentive Bayesian deep learning network for the automatic segmentation of the peripheral zone (PZ) and transition zone (TZ) of the prostate with uncertainty estimation. The proposed method was evaluated by using internal and external independent te,https://europepmc.org/article/MED/33564563,"(TITLE:uncertainty) AND (TITLE:segmentation OR TITLE:""medical image"")"
uncertainty_medical_segmentation,25,33373298,,10.1109/tmi.2020.3048055,Diminishing Uncertainty Within the Training Pool: Active Learning for Medical Image Segmentation,Nath V,IEEE transactions on medical imaging,2021,Journal Article,N,N,,29,"Active learning is a unique abstraction of machine learning techniques where the model/algorithm could guide users for annotation of a set of data points that would be beneficial to the model, unlike passive machine learning. The primary advantage being that active learning frameworks select data points that can accelerate the learning process of a model and can reduce the amount of data needed to",https://europepmc.org/article/MED/33373298,"(TITLE:uncertainty) AND (TITLE:segmentation OR TITLE:""medical image"")"
spine_us_3d_reconstruction,1,27299162,PMC4900244,10.1186/s13013-016-0074-y,A reliability and validity study for Scolioscan: a radiation-free scoliosis assessment system using 3D ultrasound imaging,Zheng YP,Scoliosis and spinal disorders,2016,research-article|Journal Article,Y,Y,cc by,98,"<h4>Background</h4>Radiographic evaluation for patients with scoliosis using Cobb method is the current gold standard, but radiography has radiation hazards. Several groups have recently demonstrated the feasibility of using 3D ultrasound for the evaluation of scoliosis. Ultrasound imaging is radiation-free, comparatively more accessible, and inexpensive. However, a reliable and valid 3D ultrasoun",https://europepmc.org/article/MED/27299162,"(TITLE:ultrasound) AND (TITLE:spine OR TITLE:spinal OR TITLE:scoliosis) AND (TITLE:""3D"" OR TITLE:reconstruction OR TITLE:volumetric)"
spine_us_3d_reconstruction,3,16305602,,10.1111/j.1468-2982.2005.00970.x,Cervical spine ROM measurements: optimizing the testing protocol by using a 3D ultrasound-based motion analysis system,Strimpakos N,Cephalalgia : an international journal of headache,2005,Clinical Trial|Journal Article,N,N,,37,"The aim of this study was to evaluate the intra- and inter-examiner reliability and validity of neck range of motion (ROM) measurements. Thirty-five healthy subjects were assessed in all neck movements from two initial positions, sitting and standing, actively (open and closed eyes) and passively by using a 3D ultrasound-based motion analysis device (Zebris). Three tests were employed to assess in",https://europepmc.org/article/MED/16305602,"(TITLE:ultrasound) AND (TITLE:spine OR TITLE:spinal OR TITLE:scoliosis) AND (TITLE:""3D"" OR TITLE:reconstruction OR TITLE:volumetric)"
spine_us_3d_reconstruction,4,34094858,PMC8144340,10.1016/j.jot.2021.04.007,3D ultrasound imaging provides reliable angle measurement with validity comparable to X-ray in patients with adolescent idiopathic scoliosis,Lee TT,Journal of orthopaedic translation,2021,research-article|Journal Article,Y,Y,cc by-nc-nd,26,"<h4>Background & objective</h4>The application of ultrasound imaging for spine evaluation could minimize radiation exposure for patients with adolescence idiopathic scoliosis (AIS). A customized three-dimensional (3D) ultrasound imaging system has been demonstrated to provide reliable and valid coronal curvature measurements. However, these measurements were using the spinous processes as anatomic",https://europepmc.org/article/MED/34094858,"(TITLE:ultrasound) AND (TITLE:spine OR TITLE:spinal OR TITLE:scoliosis) AND (TITLE:""3D"" OR TITLE:reconstruction OR TITLE:volumetric)"
spine_us_3d_reconstruction,5,20231799,,10.3233/thc-2010-0565,A framework for human spine imaging using a freehand 3D ultrasound system,Purnama KE,Technology and health care : official journal of the European Society for Engineering and Medicine,2010,"Research Support, Non-U.S. Gov't|Journal Article",N,N,,25,"The use of 3D ultrasound imaging to follow the progression of scoliosis, i.e., a 3D deformation of the spine, is described. Unlike other current examination modalities, in particular based on X-ray, its non-detrimental effect enables it to be used frequently to follow the progression of scoliosis which sometimes may develop rapidly. Furthermore, 3D ultrasound imaging provides information in 3D dir",https://europepmc.org/article/MED/20231799,"(TITLE:ultrasound) AND (TITLE:spine OR TITLE:spinal OR TITLE:scoliosis) AND (TITLE:""3D"" OR TITLE:reconstruction OR TITLE:volumetric)"
spine_us_3d_reconstruction,6,25550193,,10.1016/j.medengphy.2014.11.007,Validation of 3D surface reconstruction of vertebrae and spinal column using 3D ultrasound data--a pilot study,Nguyen DV,Medical engineering & physics,2015,Validation Study|Journal Article,N,N,,19,"Adolescent idiopathic scoliosis (AIS) is a three-dimensional deformity of spine associated with vertebra rotation. The Cobb angle and axial vertebral rotation are important parameters to assess the severity of scoliosis. However, the vertebral rotation is seldom measured from radiographs due to time consuming. Different techniques have been developed to extract 3D spinal information. Among many te",https://europepmc.org/article/MED/25550193,"(TITLE:ultrasound) AND (TITLE:spine OR TITLE:spinal OR TITLE:scoliosis) AND (TITLE:""3D"" OR TITLE:reconstruction OR TITLE:volumetric)"
spine_us_3d_reconstruction,9,25895083,,10.1007/s11548-015-1206-1,"Towards real-time, tracker-less 3D ultrasound guidance for spine anaesthesia",Brudfors M,International journal of computer assisted radiology and surgery,2015,"Research Support, Non-U.S. Gov't|Journal Article",N,N,,15,"<h4>Purpose</h4>Epidural needle insertions and facet joint injections play an important role in spine anaesthesia. The main challenge of safe needle insertion is the deep location of the target, resulting in a narrow and small insertion channel close to sensitive anatomy. Recent approaches utilizing ultrasound (US) as a low-cost and widely available guiding modality are promising but have yet to b",https://europepmc.org/article/MED/25895083,"(TITLE:ultrasound) AND (TITLE:spine OR TITLE:spinal OR TITLE:scoliosis) AND (TITLE:""3D"" OR TITLE:reconstruction OR TITLE:volumetric)"
spine_us_3d_reconstruction,10,10407978,,10.1055/s-1999-14237,"[Noninvasive, accurate and reliable measurement of cervical spine motion with a 3D real-time ultrasound motion analyzer]",Natalis M,"Ultraschall in der Medizin (Stuttgart, Germany : 1980)",1999,Journal Article,N,N,,15,"<h4>Aims</h4>The kinematic analysis of cervical spine motion is important to assess objectively the effects of therapeutic interventions. In this study, precision and reliability of a 3D ultrasound motion analyser was determined. Using this tool the physiologic range of movement of healthy volunteers was assessed. The aim was to test the clinical practicability of this system.<h4>Methods</h4>The a",https://europepmc.org/article/MED/10407978,"(TITLE:ultrasound) AND (TITLE:spine OR TITLE:spinal OR TITLE:scoliosis) AND (TITLE:""3D"" OR TITLE:reconstruction OR TITLE:volumetric)"
spine_us_3d_reconstruction,12,34106851,,10.1109/tuffc.2021.3087712,Improvement of 3-D Ultrasound Spine Imaging Technique Using Fast Reconstruction Algorithm,Chen HB,"IEEE transactions on ultrasonics, ferroelectrics, and frequency control",2021,"Research Support, Non-U.S. Gov't|Journal Article",N,N,,13,"Three-dimensional (3-D) freehand ultrasound (US) imaging has been applied to the investigation of spine deformity. However, it is a challenge for the current 3-D imaging reconstruction algorithms to achieve a balance between image quality and computation time. The objectives of this article are to implement a new fast reconstruction algorithm that can fulfill the request of immediate demonstration",https://europepmc.org/article/MED/34106851,"(TITLE:ultrasound) AND (TITLE:spine OR TITLE:spinal OR TITLE:scoliosis) AND (TITLE:""3D"" OR TITLE:reconstruction OR TITLE:volumetric)"
spine_us_3d_reconstruction,13,29943198,,10.1007/s00586-018-5646-5,Patterns of coronal curve changes in forward bending posture: a 3D ultrasound study of adolescent idiopathic scoliosis patients,Jiang WW,"European spine journal : official publication of the European Spine Society, the European Spinal Deformity Society, and the European Section of the Cervical Spine Research Society",2018,"Video-Audio Media|Research Support, Non-U.S. Gov't|Journal Article",N,N,,13,"<h4>Purpose</h4>The Adam's forward bending test is the most commonly used approach to assess the spine deformity in adolescent idiopathic scoliosis (AIS) patients. However, there are noticeable differences in the hump appearance from standing to forward bending. This phenomenon has yet to be understood due to limitations of conventional radiographs. This study aimed to investigate effects of postu",https://europepmc.org/article/MED/29943198,"(TITLE:ultrasound) AND (TITLE:spine OR TITLE:spinal OR TITLE:scoliosis) AND (TITLE:""3D"" OR TITLE:reconstruction OR TITLE:volumetric)"
spine_us_3d_reconstruction,16,22464951,,10.1016/j.pmrj.2012.01.009,Test-retest reliability of 3D ultrasound measurements of the thoracic spine,Fölsch C,"PM & R : the journal of injury, function, and rehabilitation",2012,Comparative Study|Journal Article,N,N,,11,"<h4>Objective</h4>To explore the reliability of the Zebris CMS 20 ultrasound analysis system with pointer application for measuring end-range flexion, end-range extension, and neutral kyphosis angle of the thoracic spine.<h4>Setting</h4>The study was performed within the School of Physiotherapy in cooperation with the Orthopedic Department at a University Hospital.<h4>Participants</h4>The thoracic",https://europepmc.org/article/MED/22464951,"(TITLE:ultrasound) AND (TITLE:spine OR TITLE:spinal OR TITLE:scoliosis) AND (TITLE:""3D"" OR TITLE:reconstruction OR TITLE:volumetric)"
spine_us_3d_reconstruction,18,31946935,,10.1109/embc.2019.8857182,3D Ultrasound Spine Image Selection Using Convolution Learning-to-Rank Algorithm,Lyu J,Annual International Conference of the IEEE Engineering in Medicine and Biology Society. IEEE Engineering in Medicine and Biology Society. Annual International Conference,2019,"Research Support, Non-U.S. Gov't|Journal Article",N,N,,10,"3D Ultrasound imaging has become an important means of scoliosis assessment as it is a real-time, cost-effective and radiation-free imaging technique. However, the coronal images from different depths of a 3D ultrasound image have different imaging definitions. So there is a need to select the coronal image that would give the best image definition. Also, manual selection of coronal images is time",https://europepmc.org/article/MED/31946935,"(TITLE:ultrasound) AND (TITLE:spine OR TITLE:spinal OR TITLE:scoliosis) AND (TITLE:""3D"" OR TITLE:reconstruction OR TITLE:volumetric)"
spine_us_3d_reconstruction,19,31901383,,10.1016/j.ultrasmedbio.2019.11.012,Automating Spine Curvature Measurement in Volumetric Ultrasound via Adaptive Phase Features,Zhou GQ,Ultrasound in medicine & biology,2020,"Research Support, Non-U.S. Gov't|Journal Article",N,N,,10,"Ultrasound volume projection imaging (VPI) has been recently suggested. This novel imaging method allows a non-radiation assessment of spine deformity with free-hand 3-D ultrasound imaging. This paper presents a fully automatic method to evaluate the spine curve in VPI images corresponding to different projection depth of the volumetric ultrasound, thus making it possible to analyze 3-D spine defo",https://europepmc.org/article/MED/31901383,"(TITLE:ultrasound) AND (TITLE:spine OR TITLE:spinal OR TITLE:scoliosis) AND (TITLE:""3D"" OR TITLE:reconstruction OR TITLE:volumetric)"
spine_us_3d_reconstruction,20,35748060,PMC9359025,10.1002/acm2.13709,A real-time freehand 3D ultrasound imaging method for scoliosis assessment,Jiang W,Journal of applied clinical medical physics,2022,research-article|Journal Article,Y,Y,cc by,9,"Real-time 3D ultrasound has gained popularity in many fields because it can provide interactive feedback to help acquire high-quality images or to conduct timely diagnosis. However, no comprehensive study has been reported on such an imaging method for scoliosis evaluation due to the complexity of this application. Meanwhile, the use of radiation-free assessment of scoliosis is becoming increasing",https://europepmc.org/article/MED/35748060,"(TITLE:ultrasound) AND (TITLE:spine OR TITLE:spinal OR TITLE:scoliosis) AND (TITLE:""3D"" OR TITLE:reconstruction OR TITLE:volumetric)"
spine_us_3d_reconstruction,22,34725774,,10.1007/s11548-021-02516-9,3D ultrasound navigation system for screw insertion in posterior spine surgery: a phantom study,Chan A,International journal of computer assisted radiology and surgery,2022,Journal Article,N,N,,8,"<h4>Purpose</h4>Posterior spinal fusion surgery is required to correct severe idiopathic scoliosis. The surgery involves insertion of screws which requires high accuracy to prevent neurologic damage to the spinal cord. Although conventional CT navigation can reduce this risk, 3D-ultrasound-based navigation could achieve this without added ionizing radiation and usage of expensive and bulky equipme",https://europepmc.org/article/MED/34725774,"(TITLE:ultrasound) AND (TITLE:spine OR TITLE:spinal OR TITLE:scoliosis) AND (TITLE:""3D"" OR TITLE:reconstruction OR TITLE:volumetric)"
spine_us_3d_reconstruction,24,31367838,,10.1007/s11517-019-02015-9,A semi-automatic 3D ultrasound reconstruction method to assess the true severity of adolescent idiopathic scoliosis,Vo QN,Medical & biological engineering & computing,2019,Journal Article,N,N,,7,"Adolescent idiopathic scoliosis (AIS) is a three-dimensional (3D) spinal deformity. Current practice uses the Cobb method to measure spinal severity on postero-anterior (PA) radiographs. This method may underestimate spinal deformity and exposes patients to ionizing radiation, increasing the risk of cancer. This paper reports a new 3D ultrasound method using the voxel-based reconstruction techniqu",https://europepmc.org/article/MED/31367838,"(TITLE:ultrasound) AND (TITLE:spine OR TITLE:spinal OR TITLE:scoliosis) AND (TITLE:""3D"" OR TITLE:reconstruction OR TITLE:volumetric)"
spine_us_3d_reconstruction,25,30519871,,10.1007/s11548-018-1894-4,Reconstruction and positional accuracy of 3D ultrasound on vertebral phantoms for adolescent idiopathic scoliosis spinal surgery,Chan A,International journal of computer assisted radiology and surgery,2019,Journal Article,N,N,,7,"<h4>Purpose</h4>Determine the positional, rotational and reconstruction accuracy of a 3D ultrasound system to be used for image registration in navigation surgery.<h4>Methods</h4>A custom 3D ultrasound for spinal surgery image registration was developed using Optitrack Prime 13-W motion capture cameras and a SonixTablet Ultrasound System. Temporal and spatial calibration was completed to account f",https://europepmc.org/article/MED/30519871,"(TITLE:ultrasound) AND (TITLE:spine OR TITLE:spinal OR TITLE:scoliosis) AND (TITLE:""3D"" OR TITLE:reconstruction OR TITLE:volumetric)"
public_us_datasets,1,35455906,PMC9025635,10.3390/healthcare10040729,BUSIS: A Benchmark for Breast Ultrasound Image Segmentation,Zhang Y,"Healthcare (Basel, Switzerland)",2022,review-article|Review|Journal Article,Y,Y,cc by,40,"Breast ultrasound (BUS) image segmentation is challenging and critical for BUS computer-aided diagnosis (CAD) systems. Many BUS segmentation approaches have been studied in the last two decades, but the performances of most approaches have been assessed using relatively small private datasets with different quantitative metrics, which results in a discrepancy in performance comparison. Therefore, ",https://europepmc.org/article/MED/35455906,"(TITLE:ultrasound) AND (TITLE:dataset OR TITLE:""open-source"" OR TITLE:benchmark) AND (TITLE:segmentation OR TITLE:""deep learning"" OR TITLE:annotated)"
public_us_datasets,2,35240585,,10.1088/1361-6560/ac5a93,"Effect of dataset size, image quality, and image type on deep learning-based automatic prostate segmentation in 3D ultrasound",Orlando N,Physics in medicine and biology,2022,"Research Support, Non-U.S. Gov't|Journal Article",N,N,cc by,21,"Three-dimensional (3D) transrectal ultrasound (TRUS) is utilized in prostate cancer diagnosis and treatment, necessitating time-consuming manual prostate segmentation. We have previously developed an automatic 3D prostate segmentation algorithm involving deep learning prediction on radially sampled 2D images followed by 3D reconstruction, trained on a large, clinically diverse dataset with variabl",https://europepmc.org/article/MED/35240585,"(TITLE:ultrasound) AND (TITLE:dataset OR TITLE:""open-source"" OR TITLE:benchmark) AND (TITLE:segmentation OR TITLE:""deep learning"" OR TITLE:annotated)"
public_us_datasets,3,34974233,,10.1016/j.cmpb.2021.106599,Convolutional networks for the segmentation of intravascular ultrasound images: Evaluation on a multicenter dataset,Du H,Computer methods and programs in biomedicine,2022,Multicenter Study|Journal Article,N,N,,16,"<h4>Background and objective</h4>The delineation of the lumen contour and external elastic lamina (EEL) in intravascular ultrasound (IVUS) images is crucial for the quantitative analysis of coronary atherosclerotic plaques. However, the presence of ultrasonic shadows and anatomical structures (such as bifurcations and calcified plaque) complicates the automatic delineation of the lumen contour and",https://europepmc.org/article/MED/34974233,"(TITLE:ultrasound) AND (TITLE:dataset OR TITLE:""open-source"" OR TITLE:benchmark) AND (TITLE:segmentation OR TITLE:""deep learning"" OR TITLE:annotated)"
public_us_datasets,4,39934113,PMC11814256,10.1038/s41597-025-04562-3,BUS-UCLM: Breast ultrasound lesion segmentation dataset,Vallez N,Scientific data,2025,Dataset|data-paper|Journal Article,Y,Y,cc by-nc-nd,13,"This dataset comprises 38 breast ultrasound scans from patients, encompassing a total of 683 images. The scans were conducted using a Siemens ACUSON S2000TM Ultrasound System from 2022 to 2023. The dataset is specifically created for the purpose of segmenting breast lesions, with the goal of identifying the area and contour of the lesion, as well as classifying it as either benign or malignant. Th",https://europepmc.org/article/MED/39934113,"(TITLE:ultrasound) AND (TITLE:dataset OR TITLE:""open-source"" OR TITLE:benchmark) AND (TITLE:segmentation OR TITLE:""deep learning"" OR TITLE:annotated)"
public_us_datasets,5,38698003,PMC11066050,10.1038/s41597-024-03266-4,PSFHS: Intrapartum ultrasound image dataset for AI-based segmentation of pubic symphysis and fetal head,Chen G,Scientific data,2024,"Research Support, Non-U.S. Gov't|Dataset|data-paper|Journal Article",Y,Y,cc by,13,"During the process of labor, the intrapartum transperineal ultrasound examination serves as a valuable tool, allowing direct observation of the relative positional relationship between the pubic symphysis and fetal head (PSFH). Accurate assessment of fetal head descent and the prediction of the most suitable mode of delivery heavily rely on this relationship. However, achieving an objective and qu",https://europepmc.org/article/MED/38698003,"(TITLE:ultrasound) AND (TITLE:dataset OR TITLE:""open-source"" OR TITLE:benchmark) AND (TITLE:segmentation OR TITLE:""deep learning"" OR TITLE:annotated)"
public_us_datasets,6,35214381,PMC8875486,10.3390/s22041478,High-Frequency Ultrasound Dataset for Deep Learning-Based Image Quality Assessment,Czajkowska J,"Sensors (Basel, Switzerland)",2022,research-article|Journal Article,Y,Y,cc by,13,"This study aims at high-frequency ultrasound image quality assessment for computer-aided diagnosis of skin. In recent decades, high-frequency ultrasound imaging opened up new opportunities in dermatology, utilizing the most recent deep learning-based algorithms for automated image analysis. An individual dermatological examination contains either a single image, a couple of pictures, or an image s",https://europepmc.org/article/MED/35214381,"(TITLE:ultrasound) AND (TITLE:dataset OR TITLE:""open-source"" OR TITLE:benchmark) AND (TITLE:segmentation OR TITLE:""deep learning"" OR TITLE:annotated)"
public_us_datasets,7,36236200,PMC9572264,10.3390/s22197101,Automatic Segmentation of Periodontal Tissue Ultrasound Images with Artificial Intelligence: A Novel Method for Improving Dataset Quality,Chifor R,"Sensors (Basel, Switzerland)",2022,research-article|Journal Article,Y,Y,cc by,12,"This research aimed to evaluate Mask R-CNN and U-Net convolutional neural network models for pixel-level classification in order to perform the automatic segmentation of bi-dimensional images of US dental arches, identifying anatomical elements required for periodontal diagnosis. A secondary aim was to evaluate the efficiency of a correction method of the ground truth masks segmented by an operato",https://europepmc.org/article/MED/36236200,"(TITLE:ultrasound) AND (TITLE:dataset OR TITLE:""open-source"" OR TITLE:benchmark) AND (TITLE:segmentation OR TITLE:""deep learning"" OR TITLE:annotated)"
public_us_datasets,8,37116263,,10.1016/j.clinimag.2023.04.010,Deep learning for classification of thyroid nodules on ultrasound: validation on an independent dataset,Weng J,Clinical imaging,2023,Journal Article,N,N,,7,<h4>Objectives</h4>The purpose is to apply a previously validated deep learning algorithm to a new thyroid nodule ultrasound image dataset and compare its performances with radiologists.<h4>Methods</h4>Prior study presented an algorithm which is able to detect thyroid nodules and then make malignancy classifications with two ultrasound images. A multi-task deep convolutional neural network was tra,https://europepmc.org/article/MED/37116263,"(TITLE:ultrasound) AND (TITLE:dataset OR TITLE:""open-source"" OR TITLE:benchmark) AND (TITLE:segmentation OR TITLE:""deep learning"" OR TITLE:annotated)"
public_us_datasets,9,36794706,,10.1002/mp.16287,BUS-Set: A benchmark for quantitative evaluation of breast ultrasound segmentation networks with public datasets,Thomas C,Medical physics,2023,Journal Article,N,N,cc by,6,"<h4>Purpose</h4>BUS-Set is a reproducible benchmark for breast ultrasound (BUS) lesion segmentation, comprising of publicly available images with the aim of improving future comparisons between machine learning models within the field of BUS.<h4>Method</h4>Four publicly available datasets were compiled creating an overall set of 1154 BUS images, from five different scanner types. Full dataset deta",https://europepmc.org/article/MED/36794706,"(TITLE:ultrasound) AND (TITLE:dataset OR TITLE:""open-source"" OR TITLE:benchmark) AND (TITLE:segmentation OR TITLE:""deep learning"" OR TITLE:annotated)"
public_us_datasets,10,39295443,,10.1177/01617346241277178,Automated Deep Learning-Based Finger Joint Segmentation in 3-D Ultrasound Images With Limited Dataset,Karageorgos GM,Ultrasonic imaging,2025,"Journal Article|Research Support, N.I.H., Extramural",N,N,,5,"Ultrasound imaging has shown promise in assessing synovium inflammation associated early stages of rheumatoid arthritis (RA). The precise identification of the synovium and the quantification of inflammation-specific imaging biomarkers is a crucial aspect of accurately quantifying and grading RA. In this study, a deep learning-based approach is presented that automates the segmentation of the syno",https://europepmc.org/article/MED/39295443,"(TITLE:ultrasound) AND (TITLE:dataset OR TITLE:""open-source"" OR TITLE:benchmark) AND (TITLE:segmentation OR TITLE:""deep learning"" OR TITLE:annotated)"
public_us_datasets,11,40112652,,10.1016/j.compmedimag.2025.102523,Liver lesion segmentation in ultrasound: A benchmark and a baseline network,Li J,Computerized medical imaging and graphics : the official journal of the Computerized Medical Imaging Society,2025,"Research Support, Non-U.S. Gov't|Journal Article",N,N,,3,"Accurate liver lesion segmentation in ultrasound is a challenging task due to high speckle noise, ambiguous lesion boundaries, and inhomogeneous intensity distribution inside the lesion regions. This work first collected and annotated a dataset for liver lesion segmentation in ultrasound. In this paper, we propose a novel convolutional neural network to learn dual self-attentive transformer featur",https://europepmc.org/article/MED/40112652,"(TITLE:ultrasound) AND (TITLE:dataset OR TITLE:""open-source"" OR TITLE:benchmark) AND (TITLE:segmentation OR TITLE:""deep learning"" OR TITLE:annotated)"
public_us_datasets,12,38413547,,10.1007/s12539-024-00620-3,Transformative Deep Neural Network Approaches in Kidney Ultrasound Segmentation: Empirical Validation with an Annotated Dataset,Khan R,"Interdisciplinary sciences, computational life sciences",2024,Journal Article,N,N,,3,"Kidney ultrasound (US) images are primarily employed for diagnosing different renal diseases. Among them, one is renal localization and detection, which can be carried out by segmenting the kidney US images. However, kidney segmentation from US images is challenging due to low contrast, speckle noise, fluid, variations in kidney shape, and modality artifacts. Moreover, well-annotated US datasets f",https://europepmc.org/article/MED/38413547,"(TITLE:ultrasound) AND (TITLE:dataset OR TITLE:""open-source"" OR TITLE:benchmark) AND (TITLE:segmentation OR TITLE:""deep learning"" OR TITLE:annotated)"
public_us_datasets,13,39882154,PMC11774810,10.1016/j.dib.2024.111266,Large annotated ultrasound dataset of non-alcoholic fatty liver from Saudi hospitals for analysis and applications,Alshagathrh F,Data in brief,2025,data-paper|Journal Article,Y,Y,cc by-nc,1,"This study presents a comprehensive ultrasound image dataset for Non-Alcoholic Fatty Liver Disease (NAFLD), addressing the critical need for standardized resources in AI-assisted diagnosis. The dataset comprises 10,352 high-resolution ultrasound images from 384 patients collected at King Saud University Medical City and National Guard Health Affairs in Saudi Arabia. Each image is meticulously anno",https://europepmc.org/article/MED/39882154,"(TITLE:ultrasound) AND (TITLE:dataset OR TITLE:""open-source"" OR TITLE:benchmark) AND (TITLE:segmentation OR TITLE:""deep learning"" OR TITLE:annotated)"
public_us_datasets,14,42401626,,10.1038/s41597-026-07715-0,A Pulmonary Ultrasound Dataset for Tumor Segmentation and Classification,Jiang T,Scientific data,2026,Journal Article,N,N,,0,"Pulmonary tumor diagnosis with ultrasound is clinically valuable yet technically challenging. Although deep learning has shown promise in supporting sonographers, progress is hindered by the lack of publicly available, high-quality annotated datasets. Given the limited clinical adoption of pulmonary ultrasound for differentiating benign and malignant tumors, publicly available datasets for AI rese",https://europepmc.org/article/MED/42401626,"(TITLE:ultrasound) AND (TITLE:dataset OR TITLE:""open-source"" OR TITLE:benchmark) AND (TITLE:segmentation OR TITLE:""deep learning"" OR TITLE:annotated)"
public_us_datasets,15,,,10.21203/rs.3.rs-9477723/v1,Unified Review and Benchmark of Deep Segmentation Architectures for Cardiac Ultrasound on CAMUS,Ullah Z,,2026,Preprint,N,N,cc by,0,"<title>Abstract</title> <p>Accurate cardiac chamber segmentation is essential for reliable estimation of left-ventricular (LV) volumes and ejection fraction (EF), yet reported performance varies widely across architectures and preprocessing choices. While several review papers summarize cardiac imaging and DL advances, few works connect this overview to a unified and reproducible experimental benc",,"(TITLE:ultrasound) AND (TITLE:dataset OR TITLE:""open-source"" OR TITLE:benchmark) AND (TITLE:segmentation OR TITLE:""deep learning"" OR TITLE:annotated)"
public_us_datasets,16,,,10.21203/rs.3.rs-9750461/v1,BiElast-CTS: A Paired B-Mode and Elastography Ultrasound Dataset with Median Nerve Segmentation Masks for Carpal Tunnel Syndrome Diagnosis,Mohebbi A,,2026,Preprint,N,N,,0,"<title>Abstract</title> <p>Carpal tunnel syndrome (CTS) remains the most common peripheral nerve compression disorder, yet early diagnosis remains challenging using conventional ultrasound alone. We introduce BiElast-CTS (Bimodal Imaging: B-mode and Elastography for Longitudinal Assessment of Significant Tissue – Carpal Tunnel Syndrome), a comprehensive multimodal ultrasound dataset designed to ad",,"(TITLE:ultrasound) AND (TITLE:dataset OR TITLE:""open-source"" OR TITLE:benchmark) AND (TITLE:segmentation OR TITLE:""deep learning"" OR TITLE:annotated)"
public_us_datasets,17,41852453,PMC12992070,10.1016/j.lansea.2026.100737,Multiple instance learning approach for automated gallbladder cancer detection using ultrasound imaging: multi-center validation of a deep learning model with the public dataset contribution,Gupta P,The Lancet regional health. Southeast Asia,2026,research-article|Journal Article,Y,Y,cc by-nc-nd,0,<h4>Background</h4>Gallbladder cancer (GBC) diagnosis is challenging due to overlapping imaging features. We developed and validated a multiple instance learning (MIL) model for automated GBC detection using a large-scale multi-center ultrasound dataset and benchmarked it against state-of-the-art architectures.<h4>Methods</h4>This was a retrospective and prospective multi-center cohort study. We t,https://europepmc.org/article/MED/41852453,"(TITLE:ultrasound) AND (TITLE:dataset OR TITLE:""open-source"" OR TITLE:benchmark) AND (TITLE:segmentation OR TITLE:""deep learning"" OR TITLE:annotated)"
public_us_datasets,18,,,,IQ-UltraRecon: Demodulated IQ ultrasound dataset of human hand and arm tissue for deep learning-based reconstruction,Salehin I,Data in Brief,2025,Journal Article,N,N,,0,"This dataset presents demodulated in-phase (I) and quadrature (Q) ultrasound data collected from the human hand and forearm using a Verasonics Vantage 64LE system with an L11–5v linear array transducer. A total of 48 .mat files have been acquired from healthy adult subjects, yielding 4800 data samples. The dataset comprises both single-angle and multi-angle acquisitions, indicated in the filenames",,"(TITLE:ultrasound) AND (TITLE:dataset OR TITLE:""open-source"" OR TITLE:benchmark) AND (TITLE:segmentation OR TITLE:""deep learning"" OR TITLE:annotated)"
public_us_datasets,19,41492545,PMC12765247,10.1016/j.dib.2025.112346,PFUS1: Premier pelvic floor ultrasound segmentation dataset. A resource for advancing research,Solís-Martín D,Data in brief,2026,data-paper|Journal Article,Y,Y,cc by-nc,0,This article presents a curated dataset of transperineal pelvic floor ultrasound videos collected from 111 patients in a clinical setting using a Canon i700 Aplio® ultrasound system with a PVT-675 MV 3D probe. Each video captures the midsagittal view of pelvic floor organs at rest and during the Valsalva maneuver. Eight anatomical structures were manually annotated by an expert sonographer using t,https://europepmc.org/article/MED/41492545,"(TITLE:ultrasound) AND (TITLE:dataset OR TITLE:""open-source"" OR TITLE:benchmark) AND (TITLE:segmentation OR TITLE:""deep learning"" OR TITLE:annotated)"
public_us_datasets,20,41297151,,10.1016/j.artmed.2025.103317,A labeled ophthalmic ultrasound dataset with medical report generation based on cross-modal deep learning,Wang J,Artificial intelligence in medicine,2026,"Research Support, Non-U.S. Gov't|Journal Article",N,N,,0,"Ultrasound imaging reveals eye morphology and aids in diagnosing and treating eye diseases. However, interpreting diagnostic reports requires specialized physicians. We present a labeled ophthalmic dataset for the precise analysis and the automated exploration of medical images along with their associated reports. It collects three modal data, including the ultrasound images, blood flow informatio",https://europepmc.org/article/MED/41297151,"(TITLE:ultrasound) AND (TITLE:dataset OR TITLE:""open-source"" OR TITLE:benchmark) AND (TITLE:segmentation OR TITLE:""deep learning"" OR TITLE:annotated)"
public_us_datasets,21,41284028,,10.1007/s00261-025-05309-9,Deep learning for non-invasive detection of steatosis and fibrosis in MASLD: a multicenter study with a new fibroscan-labelled ultrasound dataset,Bose K,Abdominal radiology (New York),2026,Multicenter Study|Journal Article,N,N,,0,"<h4>Purpose</h4>This study aimed to develop and validate deep learning models for non-invasive assessment of hepatic steatosis and fibrosis using conventional B-mode ultrasound images, with Fibroscan-derived measurement as reference standard.<h4>Methods</h4>We utilized a multi-source approach comprising three distinct ultrasound datasets of patients with MASLD: a private clinical dataset (DS1, n =",https://europepmc.org/article/MED/41284028,"(TITLE:ultrasound) AND (TITLE:dataset OR TITLE:""open-source"" OR TITLE:benchmark) AND (TITLE:segmentation OR TITLE:""deep learning"" OR TITLE:annotated)"
public_us_datasets,22,41079693,PMC12510057,10.1016/j.dib.2025.112083,DeepUS-ReconSeg: A multi-angle paired B-mode Ultrasound dataset for medical imaging reconstruction and segmentation,Salehin I,Data in brief,2025,data-paper|Journal Article,Y,Y,cc by-nc,0,"This article presents a curated dataset of 4,200 B-mode ultrasound images of human forearms, intended for use in deep learning-based image reconstruction and segmentation tasks. Data have been collected using the Verasonics Vantage 64LE system equipped with an L11-5v linear array transducer, known for its high spatial resolution. Each scanning session captures 100 frames per orientation across bot",https://europepmc.org/article/MED/41079693,"(TITLE:ultrasound) AND (TITLE:dataset OR TITLE:""open-source"" OR TITLE:benchmark) AND (TITLE:segmentation OR TITLE:""deep learning"" OR TITLE:annotated)"
public_us_datasets,23,41006445,PMC12475011,10.1038/s41598-025-16275-z,A novel open-source ultrasound dataset with deep learning benchmarks for spinal cord injury localization and anatomical segmentation,Kumar A,Scientific reports,2025,research-article|Journal Article,Y,Y,cc by-nc-nd,0,"While deep learning has catalyzed breakthroughs across numerous domains, its broader adoption in clinical settings is inhibited by the costly and time-intensive nature of data acquisition and annotation. To further facilitate medical machine learning, we present an ultrasound dataset of 10,223 brightness-mode (B-mode) images consisting of sagittal slices of porcine spinal cords (N = 25) before and",https://europepmc.org/article/MED/41006445,"(TITLE:ultrasound) AND (TITLE:dataset OR TITLE:""open-source"" OR TITLE:benchmark) AND (TITLE:segmentation OR TITLE:""deep learning"" OR TITLE:annotated)"
public_us_datasets,24,40955410,PMC12433463,10.1016/j.dib.2025.112001,IQ-UltraRecon: Demodulated IQ ultrasound dataset of human hand and arm tissue for deep learning-based reconstruction,Salehin I,Data in brief,2025,data-paper|Journal Article,Y,Y,cc by-nc,0,"This dataset presents demodulated in-phase <i>(I)</i> and quadrature <i>(Q)</i> ultrasound data collected from the human hand and forearm using a Verasonics Vantage 64LE system with an L11-5v linear array transducer. A total of 48 .mat files have been acquired from healthy adult subjects, yielding 4800 data samples. The dataset comprises both single-angle and multi-angle acquisitions, indicated in",https://europepmc.org/article/MED/40955410,"(TITLE:ultrasound) AND (TITLE:dataset OR TITLE:""open-source"" OR TITLE:benchmark) AND (TITLE:segmentation OR TITLE:""deep learning"" OR TITLE:annotated)"
public_us_datasets,25,,,10.1101/2022.03.29.485482,"Large scale  <i>in vivo</i>  acquisition, segmentation, and 3D reconstruction of cortical vasculature using open-source functional ultrasound imaging platform",Strumane A,,2022,Preprint,N,N,,0,"The brain is composed of a dense and ramified vascular network comprising various sizes of arteries, veins, and capillaries. One way to assess the risk of cerebrovascular pathologies is to use computational models to predict the physiological effects of a reduction of blood supply and correlate these responses with observations of brain damage. Therefore, it is crucial to establish a detailed 3D o",,"(TITLE:ultrasound) AND (TITLE:dataset OR TITLE:""open-source"" OR TITLE:benchmark) AND (TITLE:segmentation OR TITLE:""deep learning"" OR TITLE:annotated)"
domain_shift_medical_imaging,1,34606445,PMC9011180,10.1109/tbme.2021.3117407,Domain Adaptation for Medical Image Analysis: A Survey,Guan H,IEEE transactions on bio-medical engineering,2022,"research-article|Review|Journal Article|Research Support, N.I.H., Extramural",N,Y,,348,"Machine learning techniques used in computer-aided medical image analysis usually suffer from the domain shift problem caused by different distributions between source/reference data and target data. As a promising solution, domain adaptation has attracted considerable attention in recent years. The aim of this paper is to survey the recent advances of domain adaptation methods in medical image an",https://europepmc.org/article/MED/34606445,"(TITLE:""domain shift"" OR TITLE:""domain adaptation"" OR TITLE:generalization OR TITLE:generalisation) AND (TITLE:ultrasound OR TITLE:""medical image"")"
domain_shift_medical_imaging,3,36417741,,10.1109/tmi.2022.3224067,Causality-Inspired Single-Source Domain Generalization for Medical Image Segmentation,Ouyang C,IEEE transactions on medical imaging,2023,"Research Support, Non-U.S. Gov't|Journal Article",N,N,,61,"Deep learning models usually suffer from the domain shift issue, where models trained on one source domain do not generalize well to other unseen domains. In this work, we investigate the single-source domain generalization problem: training a deep network that is robust to unseen domains, under the condition that training data are only available from one source domain, which is common in medical ",https://europepmc.org/article/MED/36417741,"(TITLE:""domain shift"" OR TITLE:""domain adaptation"" OR TITLE:generalization OR TITLE:generalisation) AND (TITLE:ultrasound OR TITLE:""medical image"")"
domain_shift_medical_imaging,4,34564904,PMC8844038,10.1002/jmri.27908,Deep Generative Medical Image Harmonization for Improving Cross-Site Generalization in Deep Learning Predictors,Bashyam VM,Journal of magnetic resonance imaging : JMRI,2022,"Research Support, N.I.H., Intramural|Research Support, Non-U.S. Gov't|research-article|Journal Article|Research Support, N.I.H., Extramural",N,Y,,52,"<h4>Background</h4>In the medical imaging domain, deep learning-based methods have yet to see widespread clinical adoption, in part due to limited generalization performance across different imaging devices and acquisition protocols. The deviation between estimated brain age and biological age is an established biomarker of brain health and such models may benefit from increased cross-site general",https://europepmc.org/article/MED/34564904,"(TITLE:""domain shift"" OR TITLE:""domain adaptation"" OR TITLE:generalization OR TITLE:generalisation) AND (TITLE:ultrasound OR TITLE:""medical image"")"
domain_shift_medical_imaging,5,35461016,,10.1016/j.media.2022.102457,Source free domain adaptation for medical image segmentation with fourier style mining,Yang C,Medical image analysis,2022,"Research Support, Non-U.S. Gov't|Journal Article",N,N,,36,"Unsupervised domain adaptation (UDA) aims to exploit the knowledge learned from a labeled source dataset to solve similar tasks in a new unlabeled target domain. Existing UDA techniques typically assume that samples from source and target domains are freely accessible during the training. However, it may be impractical to access source images due to privacy concerns, especially in medical imaging ",https://europepmc.org/article/MED/35461016,"(TITLE:""domain shift"" OR TITLE:""domain adaptation"" OR TITLE:generalization OR TITLE:generalisation) AND (TITLE:ultrasound OR TITLE:""medical image"")"
domain_shift_medical_imaging,6,35853072,,10.1109/tmi.2022.3192303,Unsupervised Domain Adaptation for Medical Image Segmentation by Disentanglement Learning and Self-Training,Xie Q,IEEE transactions on medical imaging,2024,Journal Article,N,N,,35,"Unsupervised domain adaption (UDA), which aims to enhance the segmentation performance of deep models on unlabeled data, has recently drawn much attention. In this paper, we propose a novel UDA method (namely DLaST) for medical image segmentation via disentanglement learning and self-training. Disentanglement learning factorizes an image into domain-invariant anatomy and domain-specific modality c",https://europepmc.org/article/MED/35853072,"(TITLE:""domain shift"" OR TITLE:""domain adaptation"" OR TITLE:generalization OR TITLE:generalisation) AND (TITLE:ultrasound OR TITLE:""medical image"")"
domain_shift_medical_imaging,7,26237652,PMC4740254,10.3109/02699206.2015.1052563,Limited acquisition and generalisation of rhotics with ultrasound visual feedback in childhood apraxia,Preston JL,Clinical linguistics & phonetics,2016,"research-article|Journal Article|Research Support, N.I.H., Extramural",N,Y,,31,Ultrasound visual feedback of the tongue is one treatment option for individuals with persisting speech sound errors. This study evaluated children's performance during acquisition and generalisation of American English rhotics using ultrasound feedback. Three children aged 10-13 with persisting speech sound errors associated with childhood apraxia of speech (CAS) were treated for 14 one-hour sess,https://europepmc.org/article/MED/26237652,"(TITLE:""domain shift"" OR TITLE:""domain adaptation"" OR TITLE:generalization OR TITLE:generalisation) AND (TITLE:ultrasound OR TITLE:""medical image"")"
domain_shift_medical_imaging,8,36227829,,10.1109/tmi.2022.3214766,LE-UDA: Label-Efficient Unsupervised Domain Adaptation for Medical Image Segmentation,Zhao Z,IEEE transactions on medical imaging,2023,Journal Article,N,N,,28,"While deep learning methods hitherto have achieved considerable success in medical image segmentation, they are still hampered by two limitations: (i) reliance on large-scale well-labeled datasets, which are difficult to curate due to the expert-driven and time-consuming nature of pixel-level annotations in clinical practices, and (ii) failure to generalize from one domain to another, especially w",https://europepmc.org/article/MED/36227829,"(TITLE:""domain shift"" OR TITLE:""domain adaptation"" OR TITLE:generalization OR TITLE:generalisation) AND (TITLE:ultrasound OR TITLE:""medical image"")"
domain_shift_medical_imaging,9,36155434,,10.1109/tmi.2022.3210133,Domain and Content Adaptive Convolution Based Multi-Source Domain Generalization for Medical Image Segmentation,Hu S,IEEE transactions on medical imaging,2023,"Research Support, Non-U.S. Gov't|Journal Article",N,N,,27,"The domain gap caused mainly by variable medical image quality renders a major obstacle on the path between training a segmentation model in the lab and applying the trained model to unseen clinical data. To address this issue, domain generalization methods have been proposed, which however usually use static convolutions and are less flexible. In this paper, we propose a multi-source domain gener",https://europepmc.org/article/MED/36155434,"(TITLE:""domain shift"" OR TITLE:""domain adaptation"" OR TITLE:generalization OR TITLE:generalisation) AND (TITLE:ultrasound OR TITLE:""medical image"")"
domain_shift_medical_imaging,10,35324451,,10.1109/jbhi.2022.3162118,A Novel 3D Unsupervised Domain Adaptation Framework for Cross-Modality Medical Image Segmentation,Yao K,IEEE journal of biomedical and health informatics,2022,"Research Support, Non-U.S. Gov't|Journal Article",N,N,,25,"We consider the problem of volumetric (3D) unsupervised domain adaptation (UDA) in cross-modality medical image segmentation, aiming to perform segmentation on the unannotated target domain (e.g. MRI) with the help of labeled source domain (e.g. CT). Previous UDA methods in medical image analysis usually suffer from two challenges: 1) they focus on processing and analyzing data at 2D level only, t",https://europepmc.org/article/MED/35324451,"(TITLE:""domain shift"" OR TITLE:""domain adaptation"" OR TITLE:generalization OR TITLE:generalisation) AND (TITLE:ultrasound OR TITLE:""medical image"")"
domain_shift_medical_imaging,11,34990372,,10.1109/jbhi.2022.3140853,Margin Preserving Self-Paced Contrastive Learning Towards Domain Adaptation for Medical Image Segmentation,Liu Z,IEEE journal of biomedical and health informatics,2022,"Research Support, Non-U.S. Gov't|Journal Article",N,N,,22,"To bridge the gap between the source and target domains in unsupervised domain adaptation (UDA), the most common strategy puts focus on matching the marginal distributions in the feature space through adversarial learning. However, such category-agnostic global alignment lacks of exploiting the class-level joint distributions, causing the aligned distribution less discriminative. To address this i",https://europepmc.org/article/MED/34990372,"(TITLE:""domain shift"" OR TITLE:""domain adaptation"" OR TITLE:generalization OR TITLE:generalisation) AND (TITLE:ultrasound OR TITLE:""medical image"")"
domain_shift_medical_imaging,12,27973322,PMC5392178,10.1016/j.jcomdis.2016.10.003,"Acquisition, retention, and generalization of rhotics with and without ultrasound visual feedback",Sjolie GM,Journal of communication disorders,2016,research-article|Journal Article,N,Y,,22,"<h4>Purpose</h4>The purpose was to provide a preliminary within-participant comparison of speech therapy with and without exposure to ultrasound visual feedback for postvocalic rhotics (/r/- colored vowels). Effects of the two treatments on acquisition, retention, and generalization were explored. It was hypothesized that treatment with ultrasound would facilitate acquisition but hinder retention ",https://europepmc.org/article/MED/27973322,"(TITLE:""domain shift"" OR TITLE:""domain adaptation"" OR TITLE:generalization OR TITLE:generalisation) AND (TITLE:ultrasound OR TITLE:""medical image"")"
domain_shift_medical_imaging,13,37738202,,10.1109/tmi.2023.3318364,UPL-SFDA: Uncertainty-Aware Pseudo Label Guided Source-Free Domain Adaptation for Medical Image Segmentation,Wu J,IEEE transactions on medical imaging,2023,"Research Support, Non-U.S. Gov't|Journal Article",N,N,,19,"Domain Adaptation (DA) is important for deep learning-based medical image segmentation models to deal with testing images from a new target domain. As the source-domain data are usually unavailable when a trained model is deployed at a new center, Source-Free Domain Adaptation (SFDA) is appealing for data and annotation-efficient adaptation to the target domain. However, existing SFDA methods have",https://europepmc.org/article/MED/37738202,"(TITLE:""domain shift"" OR TITLE:""domain adaptation"" OR TITLE:generalization OR TITLE:generalisation) AND (TITLE:ultrasound OR TITLE:""medical image"")"
domain_shift_medical_imaging,14,39427426,,10.1016/j.compbiomed.2024.109256,A systematic review of generalization research in medical image classification,Matta S,Computers in biology and medicine,2024,"Research Support, Non-U.S. Gov't|Systematic Review|Journal Article",N,N,cc by,17,"Numerous Deep Learning (DL) classification models have been developed for a large spectrum of medical image analysis applications, which promises to reshape various facets of medical practice. Despite early advances in DL model validation and implementation, which encourage healthcare institutions to adopt them, a fundamental questions remain: how can these models effectively handle domain shift? ",https://europepmc.org/article/MED/39427426,"(TITLE:""domain shift"" OR TITLE:""domain adaptation"" OR TITLE:generalization OR TITLE:generalisation) AND (TITLE:ultrasound OR TITLE:""medical image"")"
domain_shift_medical_imaging,15,37590107,,10.1109/tmi.2023.3306105,FVP: Fourier Visual Prompting for Source-Free Unsupervised Domain Adaptation of Medical Image Segmentation,Wang Y,IEEE transactions on medical imaging,2023,Journal Article,N,N,,17,Medical image segmentation methods normally perform poorly when there is a domain shift between training and testing data. Unsupervised Domain Adaptation (UDA) addresses the domain shift problem by training the model using both labeled data from the source domain and unlabeled data from the target domain. Source-Free UDA (SFUDA) was recently proposed for UDA without requiring the source data durin,https://europepmc.org/article/MED/37590107,"(TITLE:""domain shift"" OR TITLE:""domain adaptation"" OR TITLE:generalization OR TITLE:generalisation) AND (TITLE:ultrasound OR TITLE:""medical image"")"
domain_shift_medical_imaging,16,36148705,PMC10161676,10.1016/j.media.2022.102620,Domain generalization for prostate segmentation in transrectal ultrasound images: A multi-center study,Vesal S,Medical image analysis,2022,"Research Support, Non-U.S. Gov't|research-article|Multicenter Study|Journal Article|Research Support, N.I.H., Extramural",N,Y,,17,"Prostate biopsy and image-guided treatment procedures are often performed under the guidance of ultrasound fused with magnetic resonance images (MRI). Accurate image fusion relies on accurate segmentation of the prostate on ultrasound images. Yet, the reduced signal-to-noise ratio and artifacts (e.g., speckle and shadowing) in ultrasound images limit the performance of automated prostate segmentat",https://europepmc.org/article/MED/36148705,"(TITLE:""domain shift"" OR TITLE:""domain adaptation"" OR TITLE:generalization OR TITLE:generalisation) AND (TITLE:ultrasound OR TITLE:""medical image"")"
domain_shift_medical_imaging,17,36179379,,10.1016/j.media.2022.102623,Rethinking adversarial domain adaptation: Orthogonal decomposition for unsupervised domain adaptation in medical image segmentation,Sun Y,Medical image analysis,2022,"Research Support, Non-U.S. Gov't|Journal Article",N,N,,15,"Medical image segmentation methods based on deep learning have made remarkable progress. However, such existing methods are sensitive to data distribution. Therefore, slight domain shifts will cause a decline of performance in practical applications. To relieve this problem, many domain adaptation methods learn domain-invariant representations by alignment or adversarial training whereas ignoring ",https://europepmc.org/article/MED/36179379,"(TITLE:""domain shift"" OR TITLE:""domain adaptation"" OR TITLE:generalization OR TITLE:generalisation) AND (TITLE:ultrasound OR TITLE:""medical image"")"
domain_shift_medical_imaging,18,36115099,,10.1016/j.media.2022.102614,Multilevel structure-preserved GAN for domain adaptation in intravascular ultrasound analysis,Xia M,Medical image analysis,2022,"Research Support, Non-U.S. Gov't|Journal Article",N,N,,15,"The poor generalizability of intravascular ultrasound (IVUS) analysis methods caused by the great diversity of IVUS datasets is hopefully addressed by the domain adaptation strategy. However, existing domain adaptation models underperform in intravascular structural preservation, because of the complex pathology and low contrast in IVUS images. Losing structural information during the domain adapt",https://europepmc.org/article/MED/36115099,"(TITLE:""domain shift"" OR TITLE:""domain adaptation"" OR TITLE:generalization OR TITLE:generalisation) AND (TITLE:ultrasound OR TITLE:""medical image"")"
domain_shift_medical_imaging,19,36755050,PMC9908915,10.1038/s41598-023-29105-x,Multi-centre deep learning for placenta segmentation in obstetric ultrasound with multi-observer and cross-country generalization,Andreasen LA,Scientific reports,2023,"Research Support, Non-U.S. Gov't|research-article|Journal Article",Y,Y,cc by,14,"The placenta is crucial to fetal well-being and it plays a significant role in the pathogenesis of hypertensive pregnancy disorders. Moreover, a timely diagnosis of placenta previa may save lives. Ultrasound is the primary imaging modality in pregnancy, but high-quality imaging depends on the access to equipment and staff, which is not possible in all settings. Convolutional neural networks may he",https://europepmc.org/article/MED/36755050,"(TITLE:""domain shift"" OR TITLE:""domain adaptation"" OR TITLE:generalization OR TITLE:generalisation) AND (TITLE:ultrasound OR TITLE:""medical image"")"
domain_shift_medical_imaging,20,34843432,,10.1109/tmi.2021.3131245,Domain Adaptation Meets Zero-Shot Learning: An Annotation-Efficient Approach to Multi-Modality Medical Image Segmentation,Bian C,IEEE transactions on medical imaging,2022,"Research Support, Non-U.S. Gov't|Journal Article",N,N,,14,"Due to the lack of properly annotated medical data, exploring the generalization capability of the deep model is becoming a public concern. Zero-shot learning (ZSL) has emerged in recent years to equip the deep model with the ability to recognize unseen classes. However, existing studies mainly focus on natural images, which utilize linguistic models to extract auxiliary information for ZSL. It is",https://europepmc.org/article/MED/34843432,"(TITLE:""domain shift"" OR TITLE:""domain adaptation"" OR TITLE:generalization OR TITLE:generalisation) AND (TITLE:ultrasound OR TITLE:""medical image"")"
domain_shift_medical_imaging,21,34133034,,10.1002/jum.15765,Deep Learning Pitfall: Impact of Novel Ultrasound Equipment Introduction on Algorithm Performance and the Realities of Domain Adaptation,Blaivas M,Journal of ultrasound in medicine : official journal of the American Institute of Ultrasound in Medicine,2022,Journal Article,N,N,,14,<h4>Objectives</h4>To test deep learning (DL) algorithm performance repercussions by introducing novel ultrasound equipment into a clinical setting.<h4>Methods</h4>Researchers introduced prospectively obtained inferior vena cava (IVC) videos from a similar patient population using novel ultrasound equipment to challenge a previously validated DL algorithm (trained on a common point of care ultraso,https://europepmc.org/article/MED/34133034,"(TITLE:""domain shift"" OR TITLE:""domain adaptation"" OR TITLE:generalization OR TITLE:generalisation) AND (TITLE:ultrasound OR TITLE:""medical image"")"
domain_shift_medical_imaging,22,27035487,,10.1016/j.media.2016.02.005,Supervised domain adaptation of decision forests: Transfer of models trained in vitro for in vivo intravascular ultrasound tissue characterization,Conjeti S,Medical image analysis,2016,Validation Study|Journal Article,N,N,,14,"In this paper, we propose a supervised domain adaptation (DA) framework for adapting decision forests in the presence of distribution shift between training (source) and testing (target) domains, given few labeled examples. We introduce a novel method for DA through an error-correcting hierarchical transfer relaxation scheme with domain alignment, feature normalization, and leaf posterior reweight",https://europepmc.org/article/MED/27035487,"(TITLE:""domain shift"" OR TITLE:""domain adaptation"" OR TITLE:generalization OR TITLE:generalisation) AND (TITLE:ultrasound OR TITLE:""medical image"")"
domain_shift_medical_imaging,23,34464837,,10.1016/j.media.2021.102214,S-CUDA: Self-cleansing unsupervised domain adaptation for medical image segmentation,Liu L,Medical image analysis,2021,"Research Support, Non-U.S. Gov't|Journal Article",N,N,cc by,11,"Medical image segmentation tasks hitherto have achieved excellent progresses with large-scale datasets, which empowers us to train potent deep convolutional neural networks (DCNNs). However, labeling such large-scale datasets is laborious and error-prone, which leads the noisy (or incorrect) labels to be an ubiquitous problem in the real-world scenarios. In addition, data collected from different ",https://europepmc.org/article/MED/34464837,"(TITLE:""domain shift"" OR TITLE:""domain adaptation"" OR TITLE:generalization OR TITLE:generalisation) AND (TITLE:ultrasound OR TITLE:""medical image"")"
domain_shift_medical_imaging,24,24505743,,10.1007/978-3-642-40760-4_7,Learning without labeling: domain adaptation for ultrasound transducer localization,Heimann T,Medical image computing and computer-assisted intervention : MICCAI ... International Conference on Medical Image Computing and Computer-Assisted Intervention,2013,Journal Article,N,N,,11,"The fusion of image data from trans-esophageal echography (TEE) and X-ray fluoroscopy is attracting increasing interest in minimally-invasive treatment of structural heart disease. In order to calculate the needed transform between both imaging systems, we employ a discriminative learning based approach to localize the TEE transducer in X-ray images. Instead of time-consuming manual labeling, we g",https://europepmc.org/article/MED/24505743,"(TITLE:""domain shift"" OR TITLE:""domain adaptation"" OR TITLE:generalization OR TITLE:generalisation) AND (TITLE:ultrasound OR TITLE:""medical image"")"
domain_shift_medical_imaging,25,39032395,,10.1016/j.media.2024.103275,Dual domain distribution disruption with semantics preservation: Unsupervised domain adaptation for medical image segmentation,Zheng B,Medical image analysis,2024,"Research Support, Non-U.S. Gov't|Journal Article",N,N,,10,"Recent unsupervised domain adaptation (UDA) methods in medical image segmentation commonly utilize Generative Adversarial Networks (GANs) for domain translation. However, the translated images often exhibit a distribution deviation from the ideal due to the inherent instability of GANs, leading to challenges such as visual inconsistency and incorrect style, consequently causing the segmentation mo",https://europepmc.org/article/MED/39032395,"(TITLE:""domain shift"" OR TITLE:""domain adaptation"" OR TITLE:generalization OR TITLE:generalisation) AND (TITLE:ultrasound OR TITLE:""medical image"")"
lp_complications_outcomes,1,26368321,,10.1016/j.jalz.2015.08.003,Performance and complications of lumbar puncture in memory clinics: Results of the multicenter lumbar puncture feasibility study,Duits FH,Alzheimer's & dementia : the journal of the Alzheimer's Association,2016,"Research Support, Non-U.S. Gov't|Multicenter Study|Journal Article",N,N,,205,"<h4>Introduction</h4>Lumbar puncture (LP) is increasingly performed in memory clinics. We investigated patient-acceptance of LP, incidence of and risk factors for post-LP complications in memory clinic populations.<h4>Methods</h4>We prospectively enrolled 3868 patients (50% women, age 66 ± 11 years, mini mental state examination 25 ± 5) at 23 memory clinics. We used logistic regression analysis us",https://europepmc.org/article/MED/26368321,"(TITLE:""lumbar puncture"") AND (TITLE:complication* OR TITLE:""traumatic tap"" OR TITLE:headache OR TITLE:success)"
lp_complications_outcomes,2,9421542,,10.1016/s0733-8619(05)70368-6,Complications of lumbar puncture,Evans RW.,Neurologic clinics,1998,Historical Article|Portrait|Review|Journal Article,N,N,,182,"This article reviews historical aspects and the following complications of lumbar puncture: cerebral and spinal herniation, postdural puncture headache, cranial neuropathies, nerve root irritation, low back pain, stylet associated problems, infections, and bleeding complications. The incidence of postdural puncture headache can be greatly reduced by pointing the face of the bevel in the direction ",https://europepmc.org/article/MED/9421542,"(TITLE:""lumbar puncture"") AND (TITLE:complication* OR TITLE:""traumatic tap"" OR TITLE:headache OR TITLE:success)"
lp_complications_outcomes,3,17099089,PMC2660496,10.1136/pgmj.2006.044792,Post lumbar puncture headache: diagnosis and management,Ahmed SV,Postgraduate medical journal,2006,review-article|Review|Journal Article,N,Y,,155,"Lumbar puncture is a frequently performed procedure in medical emergencies and anaesthesia. Headache after lumbar puncture is a common occurrence (32%) and carries a considerable morbidity, with symptoms lasting for several days, at times severe enough to immobilize the patient. If untreated, it can result in serious complications such as subdural haematoma and seizures, which could be fatal. Cert",https://europepmc.org/article/MED/17099089,"(TITLE:""lumbar puncture"") AND (TITLE:complication* OR TITLE:""traumatic tap"" OR TITLE:headache OR TITLE:success)"
lp_complications_outcomes,4,7303081,,10.1161/01.str.12.6.879,Complications of lumbar puncture followed by anticoagulation,Ruff RL,Stroke,1981,"Research Support, U.S. Gov't, P.H.S.|Journal Article",N,N,,122,"The complications associated with lumbar puncture (LP) were compared in 2 groups of 342 patients. The first group of patients was anticoagulated after the LP, and the second was not. The incidence of minor headache or back pain was similar in the 2 groups (Group 1--62%, Group 2--64%). The anticoagulated patients had a higher incidence of paraparesis (Group 1, 5 patients, Group 2, No patients; p le",https://europepmc.org/article/MED/7303081,"(TITLE:""lumbar puncture"") AND (TITLE:complication* OR TITLE:""traumatic tap"" OR TITLE:headache OR TITLE:success)"
lp_complications_outcomes,5,1865208,PMC488545,10.1136/jnnp.54.5.440,Changes in intracranial CSF volume after lumbar puncture and their relationship to post-LP headache,Grant R,"Journal of neurology, neurosurgery, and psychiatry",1991,research-article|Journal Article,N,Y,,117,"Post-lumbar puncture (LP) headache may be due to ""low CSF pressure"", leading to stretching of pain sensitive intracranial structures. The low intracranial pressure is secondary to net loss of intracranial CSF. It has, however, not been possible to measure intracranial CSF volume accurately during life until recently. Intracranial CSF volume can now be measured non-invasively by a MRI technique. Th",https://europepmc.org/article/MED/1865208,"(TITLE:""lumbar puncture"") AND (TITLE:complication* OR TITLE:""traumatic tap"" OR TITLE:headache OR TITLE:success)"
lp_complications_outcomes,6,22843225,,10.1177/0333102412453951,Post-dural (post-lumbar) puncture headache: risk factors and clinical features,Amorim JA,Cephalalgia : an international journal of headache,2012,Journal Article,N,N,,96,"<h4>Objective</h4>This is an analytic, interventional, cross sectional study to evaluate the risk factors of post-dural (post-lumbar) puncture headache (PDPH) and the validity of the diagnostic criteria for PDPH from the ICHD II.<h4>Methods</h4>Six-hundred-and-forty patients (332 non-pregnant women and 308 men) aged 8-65 years underwent spinal anesthesia with Quincke 25G or 27G needles in elective",https://europepmc.org/article/MED/22843225,"(TITLE:""lumbar puncture"") AND (TITLE:complication* OR TITLE:""traumatic tap"" OR TITLE:headache OR TITLE:success)"
lp_complications_outcomes,7,2186014,,10.1111/j.1526-4610.1990.hed3004197.x,Lumbar puncture headache: a review,Raskin NH.,Headache,1990,Review|Journal Article,N,N,,90,"August Bier, the father of spinal anesthesia, suffered and reported the first lumbar puncture (LP) headache. On August 24, 1898 his assistant, a Dr. Hildebrandt, attempted to administer a spinal anesthetic to Dr. Bier; it was never completed because the syringe did not fit the already implanted spinal needle. Bier himself suggested that continued leakage of cerebrospinal fluid (CSF) through the du",https://europepmc.org/article/MED/2186014,"(TITLE:""lumbar puncture"") AND (TITLE:complication* OR TITLE:""traumatic tap"" OR TITLE:headache OR TITLE:success)"
lp_complications_outcomes,8,16510670,,10.1542/peds.2005-0519,Local anesthetic and stylet styles: factors associated with resident lumbar puncture success,Baxter AL,Pediatrics,2006,Journal Article,N,N,,82,"<h4>Objective</h4>To assess the effects of procedural techniques, local anesthetic use, and postgraduate training level on lumbar puncture (LP) success rates.<h4>Methods</h4>In this prospective observational study, medical students and residents (""trainees"") reported techniques used for infant LPs in an urban teaching emergency department. Data on postgraduate year, patient position, draping, tota",https://europepmc.org/article/MED/16510670,"(TITLE:""lumbar puncture"") AND (TITLE:complication* OR TITLE:""traumatic tap"" OR TITLE:headache OR TITLE:success)"
lp_complications_outcomes,9,6118577,,10.1016/s0140-6736(81)90586-9,Lumbar puncture headache: controlled study on the preventive effect of 24 hours' bed rest,Carbaat PA,"Lancet (London, England)",1981,Controlled Clinical Trial|Clinical Trial|Journal Article,N,N,,77,,https://europepmc.org/article/MED/6118577,"(TITLE:""lumbar puncture"") AND (TITLE:complication* OR TITLE:""traumatic tap"" OR TITLE:headache OR TITLE:success)"
lp_complications_outcomes,10,20516693,,10.1159/000311703,"Low incidence of post-lumbar puncture headache in 1,089 consecutive memory clinic patients",Zetterberg H,European neurology,2010,"Research Support, Non-U.S. Gov't|Journal Article",N,N,,75,"<h4>Aim</h4>To examine the incidence of post-lumbar puncture headache (PLPH) in patients admitted for cognitive disturbances.<h4>Methods</h4>The incidence of PLPH and other general (subdural hematoma, meningitis, encephalitis) or local (local pain, spinal hematoma, local infection) complications was evaluated in 1,089 consecutive patients (aged 23-89 years) who underwent lumbar puncture as a part ",https://europepmc.org/article/MED/20516693,"(TITLE:""lumbar puncture"") AND (TITLE:complication* OR TITLE:""traumatic tap"" OR TITLE:headache OR TITLE:success)"
lp_complications_outcomes,11,20370785,,10.1111/j.1553-2712.2010.00694.x,Can computed tomography angiography of the brain replace lumbar puncture in the evaluation of acute-onset headache after a negative noncontrast cranial computed tomography scan?,McCormack RF,Academic emergency medicine : official journal of the Society for Academic Emergency Medicine,2010,Comparative Study|Review|Journal Article,N,N,,73,"<h4>Objectives</h4>The primary goal of evaluation for acute-onset headache is to exclude aneurysmal subarachnoid hemorrhage (SAH). Noncontrast cranial computed tomography (CT), followed by lumbar puncture (LP) if the CT is negative, is the current standard of care. Computed tomography angiography (CTA) of the brain has become more available and more sensitive for the detection of cerebral aneurysm",https://europepmc.org/article/MED/20370785,"(TITLE:""lumbar puncture"") AND (TITLE:complication* OR TITLE:""traumatic tap"" OR TITLE:headache OR TITLE:success)"
lp_complications_outcomes,12,11701146,,10.1016/s0022-510x(01)00601-3,The pathophysiology of lumbar puncture headache,Levine DN,Journal of the neurological sciences,2001,Review|Journal Article,N,N,,72,"The pathophysiology of lumbar puncture headache (LPH) is still unclear. There is evidence that leakage of cerebrospinal fluid (CSF) leads to CSF hypotension, which causes dilation of intracranial veins, resulting in LPH. However, CSF leaks at the skull base are not associated with orthostatic headache; there is poor correlation between recumbent CSF pressure and LPH; and there has been no satisfac",https://europepmc.org/article/MED/11701146,"(TITLE:""lumbar puncture"") AND (TITLE:complication* OR TITLE:""traumatic tap"" OR TITLE:headache OR TITLE:success)"
lp_complications_outcomes,13,25869377,,10.1542/peds.2014-1911,Impact of Just-in-Time and Just-in-Place Simulation on Intern Success With Infant Lumbar Puncture,Kessler D,Pediatrics,2015,"Research Support, Non-U.S. Gov't|Multicenter Study|Evaluation Study|Journal Article",N,N,,67,"<h4>Background and objective</h4>Simulation-based skill trainings are common; however, optimal instructional designs that improve outcomes are not well specified. We explored the impact of just-in-time and just-in-place training (JIPT) on interns' infant lumbar puncture (LP) success.<h4>Methods</h4>This prospective study enrolled pediatric and emergency medicine interns from 2009 to 2012 at 34 cen",https://europepmc.org/article/MED/25869377,"(TITLE:""lumbar puncture"") AND (TITLE:complication* OR TITLE:""traumatic tap"" OR TITLE:headache OR TITLE:success)"
lp_complications_outcomes,14,25622095,PMC4364538,10.1001/jamaneurol.2014.3974,Factors associated with the onset and persistence of post-lumbar puncture headache,Monserrate AE,JAMA neurology,2015,"Research Support, Non-U.S. Gov't|research-article|Multicenter Study|Journal Article|Research Support, N.I.H., Extramural|Observational Study",N,Y,,65,"<h4>Importance</h4>This study assesses factors associated with the most common adverse event following lumbar puncture.<h4>Objective</h4>To identify factors associated with the risk, onset, and persistence of post-dural puncture headache (PDPH).<h4>Design, setting, and participants</h4>We performed univariate and multivariable analyses of 338 lumbar punctures in the Dominantly Inherited Alzheimer ",https://europepmc.org/article/MED/25622095,"(TITLE:""lumbar puncture"") AND (TITLE:complication* OR TITLE:""traumatic tap"" OR TITLE:headache OR TITLE:success)"
lp_complications_outcomes,15,11237986,PMC7976839,,Fluoroscopy-guided lumbar puncture: decreased frequency of traumatic tap and implications for the assessment of CT-negative acute subarachnoid hemorrhage,Eskey  CJ,AJNR. American journal of neuroradiology,2001,research-article|Journal Article,N,Y,,64,"<h4>Background and purpose</h4>In patients with suspected subarachnoid hemorrhage (SAH) and negative CT findings, the iatrogenic introduction of RBCs into the CSF during lumbar puncture may lead to a misdiagnosis. We tested the hypothesis that the risk of traumatic lumbar puncture is lower with the fluoroscopy-guided technique than with the standard bedside technique.<h4>Methods</h4>Data were coll",https://europepmc.org/article/MED/11237986,"(TITLE:""lumbar puncture"") AND (TITLE:complication* OR TITLE:""traumatic tap"" OR TITLE:headache OR TITLE:success)"
lp_complications_outcomes,16,8256560,,10.1111/j.1600-0404.1993.tb04221.x,Low frequency of post-lumbar puncture headache in demented patients,Blennow K,Acta neurologica Scandinavica,1993,"Research Support, Non-U.S. Gov't|Journal Article",N,N,,61,"The frequency of post-lumbar puncture headache (PLPH) was registered prospectively in 395 consecutive demented patients at a dementia diagnostic unit. The incidence of PLPH was low, occurring in only 8 patients (2.0%), the severity was mild, and the duration was less than 2 days in all cases but one. The reasons for this low frequency of PLPH in patients with dementia disorders may include disease",https://europepmc.org/article/MED/8256560,"(TITLE:""lumbar puncture"") AND (TITLE:complication* OR TITLE:""traumatic tap"" OR TITLE:headache OR TITLE:success)"
lp_complications_outcomes,17,25688077,PMC4614121,10.1093/brain/awv016,Cerebrospinal fluid leakage and headache after lumbar puncture: a prospective non-invasive imaging study,Wang YF,Brain : a journal of neurology,2015,"other|Research Support, Non-U.S. Gov't|Journal Article",N,Y,,58,The spatial distribution and clinical correlation of cerebrospinal fluid leakage after lumbar puncture have not been determined. Adult in-patients receiving diagnostic lumbar punctures were recruited prospectively. Whole-spine heavily T2-weighted magnetic resonance myelography was carried out to characterize post-lumbar puncture spinal cerebrospinal fluid leakages. Maximum rostral migration was de,https://europepmc.org/article/MED/25688077,"(TITLE:""lumbar puncture"") AND (TITLE:complication* OR TITLE:""traumatic tap"" OR TITLE:headache OR TITLE:success)"
lp_complications_outcomes,18,9010949,,10.1016/s1098-7339(06)80058-1,Role of needle gauge and tip configuration in the production of lumbar puncture headache,Lambert DH,Regional anesthesia,1997,Comparative Study|Journal Article,N,N,,57,<h4>Background and objectives</h4>Postdural puncture headache (PDPH) is a morbidity that occurs frequently after lumbar puncture. The purpose of this study was to evaluate the role of needle diameter and tip configuration in causing PDPH. The incidence of PDPH was evaluated in parturients because this group of patients is at high risk for developing PDPH and because they often undergo lumbar punct,https://europepmc.org/article/MED/9010949,"(TITLE:""lumbar puncture"") AND (TITLE:complication* OR TITLE:""traumatic tap"" OR TITLE:headache OR TITLE:success)"
lp_complications_outcomes,19,27856020,,10.1016/j.annemergmed.2016.09.014,The Effect of Bedside Ultrasonographic Skin Marking on Infant Lumbar Puncture Success: A Randomized Controlled Trial,Neal JT,Annals of emergency medicine,2017,Randomized Controlled Trial|Journal Article,N,N,,54,"<h4>Study objective</h4>Lumbar puncture is a commonly performed procedure, although previous studies have documented low rates of successful completion in infants. Ultrasonography can visualize the anatomic landmarks for lumbar puncture and has been shown in some studies to reduce the failure rate of lumbar puncture in adults. We seek to determine whether ultrasonography-assisted site marking incr",https://europepmc.org/article/MED/27856020,"(TITLE:""lumbar puncture"") AND (TITLE:complication* OR TITLE:""traumatic tap"" OR TITLE:headache OR TITLE:success)"
lp_complications_outcomes,20,29911422,PMC6376596,10.1177/0333102418782192,"Therapeutic lumbar puncture for headache in idiopathic intracranial hypertension: Minimal gain, is it worth the pain?",Yiangou A,Cephalalgia : an international journal of headache,2019,Clinical Trial|research-article|Journal Article,Y,Y,cc by,53,"<h4>Background</h4>Headache is disabling and prevalent in idiopathic intracranial hypertension. Therapeutic lumbar punctures may be considered to manage headache. This study evaluated the acute effect of lumbar punctures on headache severity. Additionally, the effect of lumbar puncture pressure on post-lumbar puncture headache was evaluated.<h4>Methods</h4>Active idiopathic intracranial hypertensi",https://europepmc.org/article/MED/29911422,"(TITLE:""lumbar puncture"") AND (TITLE:complication* OR TITLE:""traumatic tap"" OR TITLE:headache OR TITLE:success)"
lp_complications_outcomes,21,10416079,,10.1016/s0899-7071(99)00109-6,MRI findings in lumbar puncture headache syndrome: abnormal dural-meningeal and dural venous sinus enhancement,Bakshi R,Clinical imaging,1999,Journal Article|Case Reports,N,N,,52,"Intracranial hypotension (IH) is a treatable cause of persistent headaches. Persistent cerebrospinal fluid (CSF) leak at a lumbar puncture (LP) site may cause IH. We present postcontrast MRI of a patient with post-lumbar-puncture headache (LPHA) showing abnormal, intense, diffuse, symmetric, contiguous dural-meningeal (pachymeningeal) enhancement of the supratentorial and infratentorial intracrani",https://europepmc.org/article/MED/10416079,"(TITLE:""lumbar puncture"") AND (TITLE:complication* OR TITLE:""traumatic tap"" OR TITLE:headache OR TITLE:success)"
lp_complications_outcomes,22,23930853,,10.3171/2013.7.jns13484,Overdrainage shunt complications in idiopathic normal-pressure hydrocephalus and lumbar puncture opening pressure,Khan QU,Journal of neurosurgery,2013,Journal Article,N,N,,48,"<h4>Object</h4>Management of idiopathic normal-pressure hydrocephalus (iNPH) is hard because the diagnosis is difficult and shunt surgery has high complication rates. An important complication is overdrainage, which often can be treated with adjustable-shunt valve manipulations but also may result in the need for subdural hematoma evacuation. The authors evaluated shunt surgery overdrainage compli",https://europepmc.org/article/MED/23930853,"(TITLE:""lumbar puncture"") AND (TITLE:complication* OR TITLE:""traumatic tap"" OR TITLE:headache OR TITLE:success)"
lp_complications_outcomes,23,4852778,,10.1097/00000542-197409000-00021,Letter: Epidural blood patch for post-lumbar-puncture headache,Ostheimer GW,Anesthesiology,1974,Journal Article,N,N,,46,,https://europepmc.org/article/MED/4852778,"(TITLE:""lumbar puncture"") AND (TITLE:complication* OR TITLE:""traumatic tap"" OR TITLE:headache OR TITLE:success)"
lp_complications_outcomes,24,11437143,,10.1097/00006565-200106000-00008,Acute hemorrhagic complication of diagnostic lumbar puncture,Adler MD,Pediatric emergency care,2001,Review|Journal Article|Case Reports,N,N,,45,"<h4>Objective</h4>To present a case of an epidural hematoma after lumbar puncture in a pediatric patient without known risk factors for such a complication and to review the literature regarding this complication.<h4>Design</h4>Case report, review of the literature, and discussion.<h4>Data sources</h4>A review of MEDLINE (1966-1998) for keywords ""lumbar puncture"" and ""hemorrhage"" or ""hematoma"" was",https://europepmc.org/article/MED/11437143,"(TITLE:""lumbar puncture"") AND (TITLE:complication* OR TITLE:""traumatic tap"" OR TITLE:headache OR TITLE:success)"
lp_complications_outcomes,25,3313201,,10.1016/0304-3959(87)90017-0,Epidural blood patch in the treatment of post-lumbar puncture headache,Olsen KS.,Pain,1987,Clinical Trial|Review|Journal Article,N,N,,43,"Post-lumbar puncture headache is a common complication of dural puncture. Treatment of severe cases with an epidural 'blood patch'--injection of 10-20 ml autologous blood into the epidural space at the site of the dural puncture--is an effective and safe method with few and generally mild complications. The method has been used by anesthesiologists for many years with good results, but only rarely",https://europepmc.org/article/MED/3313201,"(TITLE:""lumbar puncture"") AND (TITLE:complication* OR TITLE:""traumatic tap"" OR TITLE:headache OR TITLE:success)"
