file_id,directory_label,filename,bytes,md5,content_type,restricted,storage_identifier,download_endpoint,local_status
270788,CT,CT_scantype_availability.csv,56120,8da5d996bfc05d0437261cd2d807895f,text/comma-separated-values,False,s3://dataverse:19889f412ca-31852562bd54,https://rdr.kuleuven.be/api/access/datafile/270788,NOT_DOWNLOADED
226367,,Demographics.csv,1688,ed91198a19b375d5f9cb0164b164aa06,text/comma-separated-values,False,s3://dataverse:19368cb2dc0-e03a77e827c6,https://rdr.kuleuven.be/api/access/datafile/226367,NOT_DOWNLOADED
226368,,README.txt,3482,e940f58d92e3cb7722741ca4ace376ab,text/plain,False,s3://dataverse:19368cb6c66-5beefc82c42a,https://rdr.kuleuven.be/api/access/datafile/226368,NOT_DOWNLOADED
226763,CT/URS01,URS01_CT_raw.zip,412271025,508cd5c5601cd75fd3689d8d0ef94701,application/zip,False,s3://dataverse:193694987c7-a090204996c9,https://rdr.kuleuven.be/api/access/datafile/226763,NOT_DOWNLOADED
226876,US/URS01,URS01_H1.zip,207467463,1c316890f75933095d4e98529f4683ec,application/zip,False,s3://dataverse:1936983eb98-4a7768709231,https://rdr.kuleuven.be/api/access/datafile/226876,NOT_DOWNLOADED
227181,US/URS01,URS01_H2.zip,116962238,39b9469229a1d4c229bb9e4b755171d8,application/zip,False,s3://dataverse:19369702fee-70329233421d,https://rdr.kuleuven.be/api/access/datafile/227181,NOT_DOWNLOADED
227021,US/URS01,URS01_H3.zip,109165246,70924d3deecf684a64e7ea018800b369,application/zip,False,s3://dataverse:1936968bc1d-eeeab4a4d2c5,https://rdr.kuleuven.be/api/access/datafile/227021,NOT_DOWNLOADED
226954,US/URS01,URS01_R1.zip,933012970,5b4b97d7868e7250d3b7c8d215f0f0f5,application/zip,False,s3://dataverse:19369b3e8d5-5a675681ee03,https://rdr.kuleuven.be/api/access/datafile/226954,NOT_DOWNLOADED
227280,US/URS01,URS01_R2.zip,681607807,85309aab0e522a4a71c8041ca4b3f28c,application/zip,False,s3://dataverse:19369c5b5d9-22fee5828320,https://rdr.kuleuven.be/api/access/datafile/227280,NOT_DOWNLOADED
227172,US/URS01,URS01_R3.zip,988339308,38525d943aeceee88382032ae361f38b,application/zip,False,s3://dataverse:193697a7cd8-d41f3c4f77bf,https://rdr.kuleuven.be/api/access/datafile/227172,NOT_DOWNLOADED
226761,CT/URS01,URS01stl.zip,15742902,af1a2c70ead83a7df090e98302b9ff2d,application/zip,False,s3://dataverse:1936943852c-235c4032ec6d,https://rdr.kuleuven.be/api/access/datafile/226761,NOT_DOWNLOADED
226748,CT/URS02,URS02_CT_raw.zip,542037699,2ebb8c0cbea74b913fa2a2c1e6282528,application/zip,False,s3://dataverse:19369443385-51568aac4223,https://rdr.kuleuven.be/api/access/datafile/226748,NOT_DOWNLOADED
227377,US/URS02,URS02_D1.zip,1003861596,8fd3ba3c32f9c2718acb9a779691a80c,application/zip,False,s3://dataverse:1936964095f-816d3a4a211e,https://rdr.kuleuven.be/api/access/datafile/227377,NOT_DOWNLOADED
227091,US/URS02,URS02_D2.zip,1185615388,a2c3c042ae5e085268038ced35f775e8,application/zip,False,s3://dataverse:19369a430a1-e2e34c8ce024,https://rdr.kuleuven.be/api/access/datafile/227091,NOT_DOWNLOADED
227398,US/URS02,URS02_H1.zip,151303935,c30aa92bd62f6e2e2fec2f21d23cc4f6,application/zip,False,s3://dataverse:19369b1cbe0-40ef34859c17,https://rdr.kuleuven.be/api/access/datafile/227398,NOT_DOWNLOADED
227127,US/URS02,URS02_H2.zip,174182023,1d68488d50177525989b8e923915739a,application/zip,False,s3://dataverse:19369c36a9a-6448a12cda21,https://rdr.kuleuven.be/api/access/datafile/227127,NOT_DOWNLOADED
227334,US/URS02,URS02_H3.zip,129954922,29f598aa58dc226748f4419aa7b2be2b,application/zip,False,s3://dataverse:19369ae8ec0-e855212ff877,https://rdr.kuleuven.be/api/access/datafile/227334,NOT_DOWNLOADED
227359,US/URS02,URS02_R1.zip,914015090,9bfdd1bb1f4b8f5105d5b1b451d6178e,application/zip,False,s3://dataverse:193697205c6-3cadcc893bfc,https://rdr.kuleuven.be/api/access/datafile/227359,NOT_DOWNLOADED
226894,US/URS02,URS02_R2.zip,798736383,17d0bfaf3177b22777d2c964cf425ff6,application/zip,False,s3://dataverse:19369be55d5-d3cf13122836,https://rdr.kuleuven.be/api/access/datafile/226894,NOT_DOWNLOADED
227033,US/URS02,URS02_R3.zip,801610838,1c4a14516a3994ed07b36e80d1664b6c,application/zip,False,s3://dataverse:19369b8892a-20be8fdc8cc5,https://rdr.kuleuven.be/api/access/datafile/227033,NOT_DOWNLOADED
226739,CT/URS02,URS02stl.zip,14323537,830e892360333d78557337bf7499d5e9,application/zip,False,s3://dataverse:19369490a82-ba0a135ae319,https://rdr.kuleuven.be/api/access/datafile/226739,NOT_DOWNLOADED
226776,CT/URS03,URS03_CT_raw.zip,413659811,f931fa8ce757185e18b1daba131dda83,application/zip,False,s3://dataverse:1936945b7a6-6f5b743a0c54,https://rdr.kuleuven.be/api/access/datafile/226776,NOT_DOWNLOADED
227002,US/URS03,URS03_D1.zip,972983378,95e5ac34133d02b1c7af8649d3a24a5b,application/zip,False,s3://dataverse:19369a755bc-e99d302ca8af,https://rdr.kuleuven.be/api/access/datafile/227002,NOT_DOWNLOADED
226986,US/URS03,URS03_D2.zip,1478154068,1213ff6f06ffc8f33a4588f4f5e52701,application/zip,False,s3://dataverse:1936960f4ce-cef29d93cfc4,https://rdr.kuleuven.be/api/access/datafile/226986,NOT_DOWNLOADED
227311,US/URS03,URS03_D3.zip,1122103106,67678e95c6fafc55871133967870ae21,application/zip,False,s3://dataverse:1936955370a-7edac4ffa349,https://rdr.kuleuven.be/api/access/datafile/227311,NOT_DOWNLOADED
227245,US/URS03,URS03_H1.zip,236655128,49327a31a9aa52797b2d1075a95e64b1,application/zip,False,s3://dataverse:1936977e1db-2c56c63185dc,https://rdr.kuleuven.be/api/access/datafile/227245,NOT_DOWNLOADED
227400,US/URS03,URS03_H2.zip,194487276,218365a88d39ba14a5b50e27811354be,application/zip,False,s3://dataverse:1936953b7be-a088ceea1694,https://rdr.kuleuven.be/api/access/datafile/227400,NOT_DOWNLOADED
226980,US/URS03,URS03_H3.zip,231351732,258f886da542776f75378178bb366505,application/zip,False,s3://dataverse:193699ca2c4-507245aa65f9,https://rdr.kuleuven.be/api/access/datafile/226980,NOT_DOWNLOADED
227000,US/URS03,URS03_R1.zip,749548214,44abfdadb6c2da44d20e0436c729e44a,application/zip,False,s3://dataverse:19369b05767-012f15027c70,https://rdr.kuleuven.be/api/access/datafile/227000,NOT_DOWNLOADED
227258,US/URS03,URS03_R2.zip,767553095,f0e5feb02f83da9b9fc6263299318c57,application/zip,False,s3://dataverse:1936954f596-d600bdec4452,https://rdr.kuleuven.be/api/access/datafile/227258,NOT_DOWNLOADED
227056,US/URS03,URS03_R3.zip,744426374,b72c5513bfd6eb67303d696b0cad9abd,application/zip,False,s3://dataverse:1936971334c-ec1c95a87bec,https://rdr.kuleuven.be/api/access/datafile/227056,NOT_DOWNLOADED
226745,CT/URS03,URS03stl.zip,14343505,04a5419c8f5c0b0b434c68f9d7ae9dd8,application/zip,False,s3://dataverse:1936942414c-96217b98b4cf,https://rdr.kuleuven.be/api/access/datafile/226745,NOT_DOWNLOADED
226798,CT/URS04,URS04_CT_raw.zip,425548705,5b7645c659d6ccd8bcbc940a7ec0da74,application/zip,False,s3://dataverse:1936949cb99-1325d34d1086,https://rdr.kuleuven.be/api/access/datafile/226798,NOT_DOWNLOADED
227175,US/URS04,URS04_D1.zip,1688666858,a742a205a238372cf9705f01808c4083,application/zip,False,s3://dataverse:1936966fb22-6d2b5075f2ff,https://rdr.kuleuven.be/api/access/datafile/227175,NOT_DOWNLOADED
226830,US/URS04,URS04_D2.zip,1239980946,fa0710529ae851933c0f7dcf19fba88c,application/zip,False,s3://dataverse:1936973818d-f70fd5e0fe9a,https://rdr.kuleuven.be/api/access/datafile/226830,NOT_DOWNLOADED
227335,US/URS04,URS04_D3.zip,1021460620,e9b8d9cad51daf43ee47fd9c26f4e979,application/zip,False,s3://dataverse:193697ad06c-441047632579,https://rdr.kuleuven.be/api/access/datafile/227335,NOT_DOWNLOADED
227254,US/URS04,URS04_H1.zip,327682445,4b72f3c4f550aa52f2de78deb9a9d596,application/zip,False,s3://dataverse:193696bca0e-daffa16c2518,https://rdr.kuleuven.be/api/access/datafile/227254,NOT_DOWNLOADED
227155,US/URS04,URS04_H2.zip,582925765,5827e4de51c7014a56cb2e277f8f5451,application/zip,False,s3://dataverse:1936989234c-ba49b4f7e828,https://rdr.kuleuven.be/api/access/datafile/227155,NOT_DOWNLOADED
226879,US/URS04,URS04_H3.zip,444157413,9254c5467c32f8a7d41225c03e16d207,application/zip,False,s3://dataverse:19369cc450c-a87370dbc971,https://rdr.kuleuven.be/api/access/datafile/226879,NOT_DOWNLOADED
227255,US/URS04,URS04_R1.zip,883159398,8b1127406219970b2ea7764b24b79cc7,application/zip,False,s3://dataverse:19369c501c5-b2e5ee8b4fc0,https://rdr.kuleuven.be/api/access/datafile/227255,NOT_DOWNLOADED
226886,US/URS04,URS04_R2.zip,853834537,e1c7016b784aeb0647a32ae67c7feaee,application/zip,False,s3://dataverse:19369bf8617-690a17ac571b,https://rdr.kuleuven.be/api/access/datafile/226886,NOT_DOWNLOADED
227071,US/URS04,URS04_R3.zip,860657064,24f073ca0cd38bd75c2ac2173e8215b2,application/zip,False,s3://dataverse:193697082ec-541a9ceb3052,https://rdr.kuleuven.be/api/access/datafile/227071,NOT_DOWNLOADED
226716,CT/URS04,URS04stl.zip,15290676,ad9804a16125faeae2c12b19bb644e50,application/zip,False,s3://dataverse:193694332b7-729f33a98694,https://rdr.kuleuven.be/api/access/datafile/226716,NOT_DOWNLOADED
226788,CT/URS05,URS05_CT_raw.zip,376298967,dfcb178c08bdcb64ba33eb9c812142f9,application/zip,False,s3://dataverse:1936948c48e-0870cd40d24d,https://rdr.kuleuven.be/api/access/datafile/226788,NOT_DOWNLOADED
227170,US/URS05,URS05_D1.zip,617734484,baea8225eaa424a516aa854691b3dcff,application/zip,False,s3://dataverse:19369c4dce5-e456b5196ef8,https://rdr.kuleuven.be/api/access/datafile/227170,NOT_DOWNLOADED
227382,US/URS05,URS05_D2.zip,934537746,13dc9f2d515ed845e89d0d939b10bedd,application/zip,False,s3://dataverse:1936986191f-31feb69aabaa,https://rdr.kuleuven.be/api/access/datafile/227382,NOT_DOWNLOADED
227270,US/URS05,URS05_D3.zip,1262580520,b0c129dee8d566d03b68cc90c2df64a8,application/zip,False,s3://dataverse:1936965f4e3-00cdf8377848,https://rdr.kuleuven.be/api/access/datafile/227270,NOT_DOWNLOADED
227303,US/URS05,URS05_H1.zip,312382554,afc5a6069ffd1f05f5ca9501b60736da,application/zip,False,s3://dataverse:1936952c110-178b51703654,https://rdr.kuleuven.be/api/access/datafile/227303,NOT_DOWNLOADED
227305,US/URS05,URS05_H2.zip,455608907,bd6daf359661fe043371db6ef6de00f2,application/zip,False,s3://dataverse:19369c95b7e-103a09e57b4c,https://rdr.kuleuven.be/api/access/datafile/227305,NOT_DOWNLOADED
227082,US/URS05,URS05_H3.zip,398750735,e02e98143a5d96eaedcdc7005c2e46ec,application/zip,False,s3://dataverse:19369b54134-0f21eb623939,https://rdr.kuleuven.be/api/access/datafile/227082,NOT_DOWNLOADED
227261,US/URS05,URS05_R1.zip,621007553,2272edffb4979af86efe5cd4bab40c43,application/zip,False,s3://dataverse:19369ba2217-d8bfb8306405,https://rdr.kuleuven.be/api/access/datafile/227261,NOT_DOWNLOADED
227173,US/URS05,URS05_R2.zip,665565199,9d25fdc1aed1367fa71f3bfa6e4d9c15,application/zip,False,s3://dataverse:1936991d129-5c998c0bc69c,https://rdr.kuleuven.be/api/access/datafile/227173,NOT_DOWNLOADED
227206,US/URS05,URS05_R3.zip,636786451,a7ecfcfb0575762592dc8dde90e00a67,application/zip,False,s3://dataverse:1936995793e-7280f4a68f08,https://rdr.kuleuven.be/api/access/datafile/227206,NOT_DOWNLOADED
226754,CT/URS05,URS05stl.zip,13988470,39f1013475bc0052ac3e01a37e0a60f9,application/zip,False,s3://dataverse:1936947e699-136f1fea49f8,https://rdr.kuleuven.be/api/access/datafile/226754,NOT_DOWNLOADED
226698,CT/URS06,URS06_CT_raw.zip,408784181,9e954b145625861fd662cd661ad4cec2,application/zip,False,s3://dataverse:19369471fc8-4345c9723899,https://rdr.kuleuven.be/api/access/datafile/226698,NOT_DOWNLOADED
227291,US/URS06,URS06_D1.zip,803432613,8a7f2dd06de0bbefbd0c428015173653,application/zip,False,s3://dataverse:19369703c11-8339a3dddbee,https://rdr.kuleuven.be/api/access/datafile/227291,NOT_DOWNLOADED
226974,US/URS06,URS06_D2.zip,765436256,f2b95a3c7290dcbcc86a8277a8f0e838,application/zip,False,s3://dataverse:193695d3869-76026aa71c5f,https://rdr.kuleuven.be/api/access/datafile/226974,NOT_DOWNLOADED
226962,US/URS06,URS06_H1.zip,387261253,3d417bbadce17c1ca98d9c1de5910b01,application/zip,False,s3://dataverse:19369503837-b03406f46024,https://rdr.kuleuven.be/api/access/datafile/226962,NOT_DOWNLOADED
227381,US/URS06,URS06_H2.zip,584876935,c5e6abbf0b77518c1ff53faeb79892ab,application/zip,False,s3://dataverse:193698745c5-a49962be044c,https://rdr.kuleuven.be/api/access/datafile/227381,NOT_DOWNLOADED
227100,US/URS06,URS06_H3.zip,713111051,436083ae1b47d805240c7b95bc2e965e,application/zip,False,s3://dataverse:1936975c332-cc1ede326cdd,https://rdr.kuleuven.be/api/access/datafile/227100,NOT_DOWNLOADED
226991,US/URS06,URS06_R1.zip,533316602,a828901aeb7ccc3a83db0c7653b5c393,application/zip,False,s3://dataverse:1936998d522-128381f7342c,https://rdr.kuleuven.be/api/access/datafile/226991,NOT_DOWNLOADED
227272,US/URS06,URS06_R2.zip,512084127,660034b16f056fb88b6480849521ffd5,application/zip,False,s3://dataverse:19369aa04bc-b1ac8716b306,https://rdr.kuleuven.be/api/access/datafile/227272,NOT_DOWNLOADED
226906,US/URS06,URS06_R3.zip,517542863,75c312eefeb66295493abe26aa95f316,application/zip,False,s3://dataverse:19369770a01-3d5b5ee1eeb9,https://rdr.kuleuven.be/api/access/datafile/226906,NOT_DOWNLOADED
226802,CT/URS06,URS06stl.zip,14312829,f924bbc621c133c013d8ff85c353f0c9,application/zip,False,s3://dataverse:193694a7962-81f33e635399,https://rdr.kuleuven.be/api/access/datafile/226802,NOT_DOWNLOADED
226738,CT/URS07,URS07_CT_raw.zip,348930014,f59e104fa68185d272e8015e35ce50c9,application/zip,False,s3://dataverse:1936942880f-69f078172183,https://rdr.kuleuven.be/api/access/datafile/226738,NOT_DOWNLOADED
227287,US/URS07,URS07_D1.zip,532262633,e62ccaf598823877c72e78ed3ad1ac16,application/zip,False,s3://dataverse:19369a97a62-64dc97c4c71c,https://rdr.kuleuven.be/api/access/datafile/227287,NOT_DOWNLOADED
227042,US/URS07,URS07_D2.zip,799619948,d1b6786478acaec4ba60d86855eb61cd,application/zip,False,s3://dataverse:19369997854-3dcc13f353f8,https://rdr.kuleuven.be/api/access/datafile/227042,NOT_DOWNLOADED
227414,US/URS07,URS07_H1.zip,366662448,5461291f5ef5463f1cd874269f18dbd5,application/zip,False,s3://dataverse:19369943ab0-61a6da5587ad,https://rdr.kuleuven.be/api/access/datafile/227414,NOT_DOWNLOADED
226915,US/URS07,URS07_H2.zip,504863269,5e5ceee8ab3153bfea55eb626e770528,application/zip,False,s3://dataverse:19369643c7a-2b119fb29cf9,https://rdr.kuleuven.be/api/access/datafile/226915,NOT_DOWNLOADED
227276,US/URS07,URS07_H3.zip,455869658,25816835fb97b1268fdb477d1d8759b3,application/zip,False,s3://dataverse:19369c22e46-ec20a427fd4a,https://rdr.kuleuven.be/api/access/datafile/227276,NOT_DOWNLOADED
227269,US/URS07,URS07_R1.zip,541178511,c8feed8abb495746f3891fa0edc39375,application/zip,False,s3://dataverse:19369c9a599-f2a04187fafd,https://rdr.kuleuven.be/api/access/datafile/227269,NOT_DOWNLOADED
226862,US/URS07,URS07_R2.zip,513941296,d928cfae9292ddd340f95f4f4eebe19f,application/zip,False,s3://dataverse:19369a8589f-2bd6e97d6419,https://rdr.kuleuven.be/api/access/datafile/226862,NOT_DOWNLOADED
227144,US/URS07,URS07_R3.zip,527106831,cedff61b5dcb3d56f8136971310923e9,application/zip,False,s3://dataverse:19369910e18-72e73bdd671d,https://rdr.kuleuven.be/api/access/datafile/227144,NOT_DOWNLOADED
226728,CT/URS07,URS07stl.zip,13894482,95aa979a8f3bd158a61e1727b973c4a7,application/zip,False,s3://dataverse:19369491038-b406545f6839,https://rdr.kuleuven.be/api/access/datafile/226728,NOT_DOWNLOADED
226697,CT/URS08,URS08_CT_raw.zip,399603444,69e570778b024d282661510c2fb137cc,application/zip,False,s3://dataverse:19369496da5-6d1208107003,https://rdr.kuleuven.be/api/access/datafile/226697,NOT_DOWNLOADED
227030,US/URS08,URS08_D1.zip,925030296,d2dfc9be9448a5a8ddb4990b252c8453,application/zip,False,s3://dataverse:19369584e00-7e6fdd08cc36,https://rdr.kuleuven.be/api/access/datafile/227030,NOT_DOWNLOADED
226875,US/URS08,URS08_D2.zip,1144764904,ea16c2569736bd80b2c686e8bbf47f7b,application/zip,False,s3://dataverse:193695fafc2-a8f5dd234a43,https://rdr.kuleuven.be/api/access/datafile/226875,NOT_DOWNLOADED
226877,US/US_labels,URS08_H1.zip,50805281,fdd28717760b2f2662730e69a99d6072,application/zip,False,s3://dataverse:1936973bcbf-921fbc4b2719,https://rdr.kuleuven.be/api/access/datafile/226877,NOT_DOWNLOADED
228068,US/US_recon,URS08_H1.zip,2495954,95e32f562546967fae205a6d06a4b00b,application/zip,False,s3://dataverse:19378009372-81c578e0a9eb,https://rdr.kuleuven.be/api/access/datafile/228068,NOT_DOWNLOADED
227237,US/URS08,URS08_H1.zip,507692891,bdce9c007660ebe93565dd9edf7c64c7,application/zip,False,s3://dataverse:19369816318-3872bff4f7b5,https://rdr.kuleuven.be/api/access/datafile/227237,NOT_DOWNLOADED
227362,US/URS08,URS08_H2.zip,630611997,a9093e73a66740458ff90cf23654fd48,application/zip,False,s3://dataverse:193695bf881-cf3e66d1ead7,https://rdr.kuleuven.be/api/access/datafile/227362,NOT_DOWNLOADED
226968,US/URS08,URS08_H3.zip,647371419,8fe12b6ee404e0f1c86fbf44fa50157b,application/zip,False,s3://dataverse:19369683a1d-d59089a62ec3,https://rdr.kuleuven.be/api/access/datafile/226968,NOT_DOWNLOADED
227279,US/URS08,URS08_R1.zip,751071790,10f8a43ebeb525392a33f745980c5859,application/zip,False,s3://dataverse:1936988b735-906644de0c93,https://rdr.kuleuven.be/api/access/datafile/227279,NOT_DOWNLOADED
226817,US/URS08,URS08_R2.zip,757513019,0e795815ec6bd9726eaddad4f9b9992d,application/zip,False,s3://dataverse:19369b189c7-c5c1c84c895c,https://rdr.kuleuven.be/api/access/datafile/226817,NOT_DOWNLOADED
228083,US/US_recon,URS08_R2.zip,2913795,17a7ac6a33ed190755594d1e76ba0612,application/zip,False,s3://dataverse:19378016472-28a509bf71ee,https://rdr.kuleuven.be/api/access/datafile/228083,NOT_DOWNLOADED
226871,US/US_labels,URS08_R2.zip,46412138,a3383fe314f3416d707eabba9bef6974,application/zip,False,s3://dataverse:19369ac0fad-84b2a3f4dda2,https://rdr.kuleuven.be/api/access/datafile/226871,NOT_DOWNLOADED
227209,US/URS08,URS08_R3.zip,745542454,799018cb16884f554001fb9b263cc400,application/zip,False,s3://dataverse:1936988eebf-bb59ff5c4fbf,https://rdr.kuleuven.be/api/access/datafile/227209,NOT_DOWNLOADED
226734,CT/URS08,URS08stl.zip,14073912,f78b53c753122cf3b2ae1aef6bf31535,application/zip,False,s3://dataverse:193694825c0-8e546b3ac545,https://rdr.kuleuven.be/api/access/datafile/226734,NOT_DOWNLOADED
226731,CT/URS09,URS09_CT_raw.zip,404230717,875515a1d47572c43e14b81fd26e0bc3,application/zip,False,s3://dataverse:1936942038c-080776395bd1,https://rdr.kuleuven.be/api/access/datafile/226731,NOT_DOWNLOADED
227146,US/URS09,URS09_D1.zip,1277706460,c8da10ce36997d3084627871a9335973,application/zip,False,s3://dataverse:193695b8fd3-a6f74dee5140,https://rdr.kuleuven.be/api/access/datafile/227146,NOT_DOWNLOADED
227055,US/URS09,URS09_D2.zip,1502083793,342b51d2f3fc677b94e37eea9677f033,application/zip,False,s3://dataverse:193696eff9a-e0b2ae01e205,https://rdr.kuleuven.be/api/access/datafile/227055,NOT_DOWNLOADED
227247,US/URS09,URS09_D3.zip,799568627,2e91a10348e291f66a46c456d9d8109b,application/zip,False,s3://dataverse:19369addaee-d2c3ecc6724f,https://rdr.kuleuven.be/api/access/datafile/227247,NOT_DOWNLOADED
226936,US/URS09,URS09_H1.zip,347852474,e0e1315e54f069c3ae1209a8dd30b6be,application/zip,False,s3://dataverse:19369af0595-e33288b67e19,https://rdr.kuleuven.be/api/access/datafile/226936,NOT_DOWNLOADED
226990,US/URS09,URS09_H2.zip,659990062,56596bf5d824182c9e40f63911227c49,application/zip,False,s3://dataverse:1936956176c-44b34204b629,https://rdr.kuleuven.be/api/access/datafile/226990,NOT_DOWNLOADED
226815,US/URS09,URS09_H3.zip,761744076,584a60a606fae18932671ce3036b16e3,application/zip,False,s3://dataverse:19369b963cf-c01c755389f3,https://rdr.kuleuven.be/api/access/datafile/226815,NOT_DOWNLOADED
227408,US/URS09,URS09_R1.zip,1029537281,a290e40bd6fff2d0fde2463d055c5f6f,application/zip,False,s3://dataverse:19369b2759e-d8e6f51aa2b5,https://rdr.kuleuven.be/api/access/datafile/227408,NOT_DOWNLOADED
226928,US/URS09,URS09_R2.zip,1015935592,3b8727a424c57feb47f0c05265e86ae1,application/zip,False,s3://dataverse:19369897a16-75ca5500cae8,https://rdr.kuleuven.be/api/access/datafile/226928,NOT_DOWNLOADED
226918,US/URS09,URS09_R3.zip,1030061919,c205ac81818f34fea31f8ab2481f8242,application/zip,False,s3://dataverse:19369badba7-c89eff57c6bf,https://rdr.kuleuven.be/api/access/datafile/226918,NOT_DOWNLOADED
226772,CT/URS09,URS09stl.zip,16443610,7d4939bada2c4d946f3c182418f264db,application/zip,False,s3://dataverse:19369428337-ed742766ec01,https://rdr.kuleuven.be/api/access/datafile/226772,NOT_DOWNLOADED
226684,CT/URS10,URS10_CT_raw.zip,348302434,e38e2452e02453f4c533d023d05273d1,application/zip,False,s3://dataverse:19369482b99-3fd9908a1c3e,https://rdr.kuleuven.be/api/access/datafile/226684,NOT_DOWNLOADED
226845,US/URS10,URS10_D1.zip,993718164,db0550b62e5989a8008afb89c399148d,application/zip,False,s3://dataverse:193696274a4-7588f6e872ab,https://rdr.kuleuven.be/api/access/datafile/226845,NOT_DOWNLOADED
227310,US/URS10,URS10_D2.zip,1189455107,6fab13ad2821005ec5b9eb308fba1bb0,application/zip,False,s3://dataverse:193699b57a2-09cecfef9ade,https://rdr.kuleuven.be/api/access/datafile/227310,NOT_DOWNLOADED
227035,US/URS10,URS10_D3.zip,1601976142,7bbd9f5fa4d027627d2950e8d15f1146,application/zip,False,s3://dataverse:193695e2050-25cd492df07c,https://rdr.kuleuven.be/api/access/datafile/227035,NOT_DOWNLOADED
227198,US/URS10,URS10_H1.zip,293400829,380103d8966890e66597b0f972a7a2d8,application/zip,False,s3://dataverse:1936955f863-1f4d16fe06fd,https://rdr.kuleuven.be/api/access/datafile/227198,NOT_DOWNLOADED
227327,US/URS10,URS10_H2.zip,116946442,0dd30ef1c46c2cdae643aa6eba9549ff,application/zip,False,s3://dataverse:19369603628-a77718717fe7,https://rdr.kuleuven.be/api/access/datafile/227327,NOT_DOWNLOADED
227239,US/URS10,URS10_H3.zip,441253020,6f0d0b10b37eacdc1d4e1006e5fd04e5,application/zip,False,s3://dataverse:19369954f90-4dc4af5def29,https://rdr.kuleuven.be/api/access/datafile/227239,NOT_DOWNLOADED
227238,US/URS10,URS10_R1.zip,748260667,d2999aed45fb26f7db091f4beb511a2c,application/zip,False,s3://dataverse:193696ebbd3-152f3f674a7d,https://rdr.kuleuven.be/api/access/datafile/227238,NOT_DOWNLOADED
227015,US/URS10,URS10_R2.zip,736182489,63136daea7232289712f6720cfe34681,application/zip,False,s3://dataverse:19369b39acc-9b4f107f2997,https://rdr.kuleuven.be/api/access/datafile/227015,NOT_DOWNLOADED
227038,US/URS10,URS10_R3.zip,293393633,85db062707236716471698be9abf0ab2,application/zip,False,s3://dataverse:19369831a51-4283a9e8de20,https://rdr.kuleuven.be/api/access/datafile/227038,NOT_DOWNLOADED
226766,CT/URS10,URS10stl.zip,11551803,e5edc4991c824d64c4f2329f6537ed2a,application/zip,False,s3://dataverse:1936947e118-e2ee36276e49,https://rdr.kuleuven.be/api/access/datafile/226766,NOT_DOWNLOADED
226780,CT/URS11,URS11_CT_raw.zip,400755539,1b923c7606848c6b9be8618c96d11759,application/zip,False,s3://dataverse:19369429c35-0daefb209d97,https://rdr.kuleuven.be/api/access/datafile/226780,NOT_DOWNLOADED
227312,US/URS11,URS11_D1.zip,1108822471,856dcd07ae7fd7ce6943a40953d7e19e,application/zip,False,s3://dataverse:19369ae4bb0-6b8a40c50c37,https://rdr.kuleuven.be/api/access/datafile/227312,NOT_DOWNLOADED
227403,US/URS11,URS11_D2.zip,1331114437,6c764e3efe2e9eacac3d35bbfcf7612e,application/zip,False,s3://dataverse:193699ce628-4cdd9c9785d8,https://rdr.kuleuven.be/api/access/datafile/227403,NOT_DOWNLOADED
227223,US/URS11,URS11_D3.zip,1688988069,502f541e4e76a911f88bc02090ed89cd,application/zip,False,s3://dataverse:193699dfd96-45ccb4038b6f,https://rdr.kuleuven.be/api/access/datafile/227223,NOT_DOWNLOADED
270787,US/URS11,URS11_H1.zip,272829440,7e5eb2ec5e93be3552cc14183e8ca0b3,application/zip,False,s3://dataverse:19889f46e27-bcba7850c523,https://rdr.kuleuven.be/api/access/datafile/270787,NOT_DOWNLOADED
227207,US/URS11,URS11_H2.zip,457792289,a8f67750e07b54b60add726233e97960,application/zip,False,s3://dataverse:19369a834fd-3f18d57a61e1,https://rdr.kuleuven.be/api/access/datafile/227207,NOT_DOWNLOADED
227072,US/URS11,URS11_H3.zip,435211457,e24ef50ce04aef6d0ed7587c7bb9e120,application/zip,False,s3://dataverse:19369c70551-034fb03d32b2,https://rdr.kuleuven.be/api/access/datafile/227072,NOT_DOWNLOADED
227096,US/URS11,URS11_R1.zip,904239419,3bd5d1a30cd89ca833f6b24fba159c85,application/zip,False,s3://dataverse:19369515219-8a30f900ef3e,https://rdr.kuleuven.be/api/access/datafile/227096,NOT_DOWNLOADED
226864,US/URS11,URS11_R2.zip,874690393,8e6c4e282067c53d4d9a5e2d5dace33e,application/zip,False,s3://dataverse:19369b7a74c-60e04e6da04c,https://rdr.kuleuven.be/api/access/datafile/226864,NOT_DOWNLOADED
226811,US/URS11,URS11_R3.zip,864828868,09f30b5359e2e1281cf84c6267c608f0,application/zip,False,s3://dataverse:1936994e384-7b4a1ca69cda,https://rdr.kuleuven.be/api/access/datafile/226811,NOT_DOWNLOADED
226794,CT/URS11,URS11stl.zip,16719070,489b1bfca6a3418d3352536be0b9e5b6,application/zip,False,s3://dataverse:19369469d11-d7572c238474,https://rdr.kuleuven.be/api/access/datafile/226794,NOT_DOWNLOADED
226789,CT/URS12,URS12_CT_raw.zip,429728914,b9259ff4da2e6afbf7bc1198fa9b8e84,application/zip,False,s3://dataverse:19369431b37-eeeeac41585e,https://rdr.kuleuven.be/api/access/datafile/226789,NOT_DOWNLOADED
227351,US/URS12,URS12_D1.zip,743395846,a3b21c40e7cce6e7c026d78558b2d373,application/zip,False,s3://dataverse:1936990dd77-639f58ee0f5f,https://rdr.kuleuven.be/api/access/datafile/227351,NOT_DOWNLOADED
227331,US/URS12,URS12_D2.zip,850872229,3a13604a270f2a1f9aa81e68d887ceda,application/zip,False,s3://dataverse:19369819e1d-214d3a8a47ba,https://rdr.kuleuven.be/api/access/datafile/227331,NOT_DOWNLOADED
226920,US/URS12,URS12_D3.zip,1123410407,b3568d02bdae8f1b195b5be441be96bf,application/zip,False,s3://dataverse:19369577402-a71c34bdaef5,https://rdr.kuleuven.be/api/access/datafile/226920,NOT_DOWNLOADED
227028,US/URS12,URS12_H1.zip,307027072,70a8fd54939de729e927d8a73e24f08c,application/zip,False,s3://dataverse:193696ea8d5-b0f52b6c1301,https://rdr.kuleuven.be/api/access/datafile/227028,NOT_DOWNLOADED
227251,US/URS12,URS12_H2.zip,605382326,3f9cc35ff4a7d3f3458e3cbbe01e95bb,application/zip,False,s3://dataverse:193697a58b1-f100b66bcd82,https://rdr.kuleuven.be/api/access/datafile/227251,NOT_DOWNLOADED
227347,US/URS12,URS12_H3.zip,506449149,f706a3f27552e5fffb85b5e74a6b9111,application/zip,False,s3://dataverse:193696c4712-36edc37b0178,https://rdr.kuleuven.be/api/access/datafile/227347,NOT_DOWNLOADED
226808,US/URS12,URS12_R1.zip,631177904,62a04d6134bd090f49ce00a6af29105d,application/zip,False,s3://dataverse:19369613b36-9fffd1f0eaa6,https://rdr.kuleuven.be/api/access/datafile/226808,NOT_DOWNLOADED
227084,US/URS12,URS12_R2.zip,600373253,683fc5d9cbd813712c0844378bd3635f,application/zip,False,s3://dataverse:1936993c65d-7cb0ca4a6868,https://rdr.kuleuven.be/api/access/datafile/227084,NOT_DOWNLOADED
227197,US/URS12,URS12_R3.zip,574946967,9d6c6e12af21441ed2504a339bab22e4,application/zip,False,s3://dataverse:19369ccbb34-fbf5fdbad53a,https://rdr.kuleuven.be/api/access/datafile/227197,NOT_DOWNLOADED
226724,CT/URS12,URS12stl.zip,15070090,f73df33b2b140d1b22e602ad97ee8f84,application/zip,False,s3://dataverse:1936943d2b8-b29a452bc07a,https://rdr.kuleuven.be/api/access/datafile/226724,NOT_DOWNLOADED
226796,CT/URS13,URS13_CT_raw.zip,362761007,41c2a22aaf3cd8aa190c162c63b63021,application/zip,False,s3://dataverse:1936946fd8d-83b1943b29db,https://rdr.kuleuven.be/api/access/datafile/226796,NOT_DOWNLOADED
227230,US/URS13,URS13_D1.zip,752377137,2053ab996f44ea422eebceb85f9b423f,application/zip,False,s3://dataverse:193696fc888-da8937c2e1df,https://rdr.kuleuven.be/api/access/datafile/227230,NOT_DOWNLOADED
227193,US/URS13,URS13_D2.zip,871409741,efe2603ef019f996e5e4375ded618cde,application/zip,False,s3://dataverse:19369a6e385-4a8ed561bb47,https://rdr.kuleuven.be/api/access/datafile/227193,NOT_DOWNLOADED
227369,US/URS13,URS13_D3.zip,1110531831,d09f58a130b45be4342646baa87fc307,application/zip,False,s3://dataverse:193699ae7c6-0b3ea640bbb1,https://rdr.kuleuven.be/api/access/datafile/227369,NOT_DOWNLOADED
226994,US/URS13,URS13_H1.zip,329320533,9457493d533aed94e7a1809794224a6d,application/zip,False,s3://dataverse:19369aecb9a-6c5e6599b566,https://rdr.kuleuven.be/api/access/datafile/226994,NOT_DOWNLOADED
227001,US/URS13,URS13_H2.zip,655577791,1f19d9ef66c98ebc74b6426c34ede3b8,application/zip,False,s3://dataverse:19369b99b08-2e79036dae8f,https://rdr.kuleuven.be/api/access/datafile/227001,NOT_DOWNLOADED
227301,US/URS13,URS13_H3.zip,736718379,3ef23ad575bd57d0d81c53e0d1cea24f,application/zip,False,s3://dataverse:19369608b7c-c8a5554af88f,https://rdr.kuleuven.be/api/access/datafile/227301,NOT_DOWNLOADED
227402,US/URS13,URS13_R1.zip,919782859,aa74a8c6993ba4c57278064aa29ce7eb,application/zip,False,s3://dataverse:19369829fe3-59493c197642,https://rdr.kuleuven.be/api/access/datafile/227402,NOT_DOWNLOADED
226971,US/URS13,URS13_R2.zip,893744967,eb91742fc0e8d555ac7ee0920a68f35e,application/zip,False,s3://dataverse:1936971b194-c2833f936554,https://rdr.kuleuven.be/api/access/datafile/226971,NOT_DOWNLOADED
226863,US/URS13,URS13_R3.zip,736723613,0d54143c5b9f6066e4734638c4b7ed3b,application/zip,False,s3://dataverse:193696dff9d-2c069b0f1b8f,https://rdr.kuleuven.be/api/access/datafile/226863,NOT_DOWNLOADED
226691,CT/URS13,URS13stl.zip,13924057,28cf1aa7bbc87677b378389e7df4bdf6,application/zip,False,s3://dataverse:1936942b33b-f8a46e1472c6,https://rdr.kuleuven.be/api/access/datafile/226691,NOT_DOWNLOADED
226689,CT/URS14,URS14_CT_raw.zip,411411033,2bb2df429b070937eed020dc2af3cc2d,application/zip,False,s3://dataverse:19369434c76-7d7189d072b4,https://rdr.kuleuven.be/api/access/datafile/226689,NOT_DOWNLOADED
227274,US/URS14,URS14_D1.zip,1349076803,e6b3b962b267a3c8005792504edd24cf,application/zip,False,s3://dataverse:1936964d5a7-12113de31edd,https://rdr.kuleuven.be/api/access/datafile/227274,NOT_DOWNLOADED
226827,US/URS14,URS14_D2.zip,1533028434,3b7242a7f803f7564d34b1e001206236,application/zip,False,s3://dataverse:19369c41219-6a19906673b4,https://rdr.kuleuven.be/api/access/datafile/226827,NOT_DOWNLOADED
226901,US/URS14,URS14_D3.zip,2102275477,d7160e8b6fc4d2d159ff27d21aa47551,application/zip,False,s3://dataverse:1936993e630-034730c49e2c,https://rdr.kuleuven.be/api/access/datafile/226901,NOT_DOWNLOADED
227412,US/URS14,URS14_H1.zip,369823591,fba73a14dc348803883a50c01316408c,application/zip,False,s3://dataverse:193696981d5-c1fbdcc2e683,https://rdr.kuleuven.be/api/access/datafile/227412,NOT_DOWNLOADED
227284,US/URS14,URS14_H2.zip,604802301,982f04b803e935f9a4252b06e0fe956e,application/zip,False,s3://dataverse:1936985c562-0cfa8baf1e07,https://rdr.kuleuven.be/api/access/datafile/227284,NOT_DOWNLOADED
227394,US/URS14,URS14_H3.zip,731603776,dfb7304e3d804c04e67850519ffa7b6e,application/zip,False,s3://dataverse:19369af3137-ce07a4591a93,https://rdr.kuleuven.be/api/access/datafile/227394,NOT_DOWNLOADED
227047,US/URS14,URS14_R1.zip,973420035,23fd6a9ca6a30c8683fb94ae3f7e7963,application/zip,False,s3://dataverse:19369a718ec-b5fa581e1fcf,https://rdr.kuleuven.be/api/access/datafile/227047,NOT_DOWNLOADED
226821,US/URS14,URS14_R2.zip,993628342,2502f4c54c5293d8d2792f087191f7d1,application/zip,False,s3://dataverse:19369a3c1ad-1f390d511515,https://rdr.kuleuven.be/api/access/datafile/226821,NOT_DOWNLOADED
227283,US/URS14,URS14_R3.zip,917498913,d61a65735a812d6500461b8e3eaabf0c,application/zip,False,s3://dataverse:193698ec7b3-ddcc7884ae5a,https://rdr.kuleuven.be/api/access/datafile/227283,NOT_DOWNLOADED
226711,CT/URS14,URS14stl.zip,17255325,11e23d45ae411f89ced4730b0da5a7ec,application/zip,False,s3://dataverse:1936948ee8a-59253fc1dea9,https://rdr.kuleuven.be/api/access/datafile/226711,NOT_DOWNLOADED
267897,CT/URS15,URS15_CT_raw.zip,427535782,b4c860997668b928e1df7bf0d4ad38b0,application/zip,False,s3://dataverse:197c560e228-310738107798,https://rdr.kuleuven.be/api/access/datafile/267897,NOT_DOWNLOADED
226957,US/URS15,URS15_D1.zip,1895731858,6817365964d1d38a56cc0ba9d6d99433,application/zip,False,s3://dataverse:19369b5a01b-f9f2092ebc32,https://rdr.kuleuven.be/api/access/datafile/226957,NOT_DOWNLOADED
226809,US/URS15,URS15_D2.zip,1904661629,4d9eea3f46d553edb9d9226a9be810d3,application/zip,False,s3://dataverse:19369c14687-82b9171557fe,https://rdr.kuleuven.be/api/access/datafile/226809,NOT_DOWNLOADED
227357,US/URS15,URS15_D3.zip,937558219,256d536d82b465c1fcb98ff694d6fa89,application/zip,False,s3://dataverse:193698e1d82-800bc5d59d5c,https://rdr.kuleuven.be/api/access/datafile/227357,NOT_DOWNLOADED
226924,US/URS15,URS15_H1.zip,420490536,d2fd396b2ab42daf8ffff9ed89f8c7e0,application/zip,False,s3://dataverse:1936985242c-ac5147bf2516,https://rdr.kuleuven.be/api/access/datafile/226924,NOT_DOWNLOADED
227374,US/URS15,URS15_H2.zip,722976498,a1f455e72164b27fc9a1f99c08654099,application/zip,False,s3://dataverse:19369ba43bc-63e9a4b16caa,https://rdr.kuleuven.be/api/access/datafile/227374,NOT_DOWNLOADED
227119,US/URS15,URS15_H3.zip,657065204,8c841a38b9ac38ce3408658bdc95d8df,application/zip,False,s3://dataverse:19369b5757f-d8a0e2b2d24a,https://rdr.kuleuven.be/api/access/datafile/227119,NOT_DOWNLOADED
227079,US/URS15,URS15_R1.zip,806319750,7764a9cc5a183aaad9c7a6ceae3e18f9,application/zip,False,s3://dataverse:19369cd0492-176af6ebc4b1,https://rdr.kuleuven.be/api/access/datafile/227079,NOT_DOWNLOADED
227316,US/URS15,URS15_R2.zip,795234832,4dae04014626e04a3f8b7a6935728b88,application/zip,False,s3://dataverse:19369c1a00a-5df29c94969a,https://rdr.kuleuven.be/api/access/datafile/227316,NOT_DOWNLOADED
226882,US/URS15,URS15_R3.zip,784530430,e2ec2e5c610c28ec29a8f66408572efd,application/zip,False,s3://dataverse:1936955bfbe-57c12ac2512f,https://rdr.kuleuven.be/api/access/datafile/226882,NOT_DOWNLOADED
227320,US/URS15,URS15_R4.zip,622995078,7c480fddd5250aaa7226d7769a00d9fe,application/zip,False,s3://dataverse:1936964b3f2-119836e8bd32,https://rdr.kuleuven.be/api/access/datafile/227320,NOT_DOWNLOADED
226756,CT/URS15,URS15stl.zip,16976243,0d5c0a6c9f1e9cd6f8b2a9b5c8a0b9b7,application/zip,False,s3://dataverse:19369490074-580713ed35d9,https://rdr.kuleuven.be/api/access/datafile/226756,NOT_DOWNLOADED
267896,CT/URS16,URS16_CT_raw.zip,415388708,47028ca0256a79915500fa17b781d7b5,application/zip,False,s3://dataverse:197c56184d0-0e4c582dbcdf,https://rdr.kuleuven.be/api/access/datafile/267896,NOT_DOWNLOADED
227040,US/URS16,URS16_D1.zip,2019076883,bb6f31594cac3e718f5edd82e63eec15,application/zip,False,s3://dataverse:193696aabc1-4900340bcd2d,https://rdr.kuleuven.be/api/access/datafile/227040,NOT_DOWNLOADED
227183,US/URS16,URS16_D2.zip,1972952033,b9d9c214689b427445c5d07093d7e65c,application/zip,False,s3://dataverse:1936958c427-dd1d9de1dd37,https://rdr.kuleuven.be/api/access/datafile/227183,NOT_DOWNLOADED
227142,US/URS16,URS16_D3.zip,1079444866,52ee6db1e4f15549842673eb541b2b80,application/zip,False,s3://dataverse:19369b6f1f8-507ec42046cb,https://rdr.kuleuven.be/api/access/datafile/227142,NOT_DOWNLOADED
227165,US/URS16,URS16_H1.zip,506586415,1fe51d0da09602ae2bc8b3bfb9cc8a51,application/zip,False,s3://dataverse:19369936038-fec7a8ee7e35,https://rdr.kuleuven.be/api/access/datafile/227165,NOT_DOWNLOADED
226887,US/URS16,URS16_H2.zip,752442440,6b2d30d473b8658a57140445661879f5,application/zip,False,s3://dataverse:19369bfc142-40646d0d13aa,https://rdr.kuleuven.be/api/access/datafile/226887,NOT_DOWNLOADED
226995,US/URS16,URS16_H3.zip,834325952,0fcf5c86e21dea92ac01e0cde302976b,application/zip,False,s3://dataverse:193695d62b8-7c6366caca63,https://rdr.kuleuven.be/api/access/datafile/226995,NOT_DOWNLOADED
228074,US/US_recon,URS16_H3.zip,1675190,b2b06d686ac796c7831c2dae208762cf,application/zip,False,s3://dataverse:193780165ad-d52a56228d8a,https://rdr.kuleuven.be/api/access/datafile/228074,NOT_DOWNLOADED
227333,US/US_labels,URS16_H3.zip,65072931,7b106d7562efe36f72963c9d2713fe59,application/zip,False,s3://dataverse:19369aa22a4-9f6ef6cac8e9,https://rdr.kuleuven.be/api/access/datafile/227333,NOT_DOWNLOADED
228070,US/US_recon,URS16_R1.zip,2520237,de29995259b4bfe3e7a47e94497c98df,application/zip,False,s3://dataverse:19378016976-7592f4a40285,https://rdr.kuleuven.be/api/access/datafile/228070,NOT_DOWNLOADED
227210,US/US_labels,URS16_R1.zip,77961126,b796083fb50eafd15c059d50708f6414,application/zip,False,s3://dataverse:193696a28f0-6efadf3d324d,https://rdr.kuleuven.be/api/access/datafile/227210,NOT_DOWNLOADED
227259,US/URS16,URS16_R1.zip,1261580807,42b47db91ebbeb2f0c8632c0541d9bfd,application/zip,False,s3://dataverse:1936966bc23-1bca3fa27bbc,https://rdr.kuleuven.be/api/access/datafile/227259,NOT_DOWNLOADED
227299,US/URS16,URS16_R2.zip,1252569048,292d31d644e805b4a6837e25b3dff013,application/zip,False,s3://dataverse:19369c71e56-4b067eb97b99,https://rdr.kuleuven.be/api/access/datafile/227299,NOT_DOWNLOADED
227185,US/URS16,URS16_R3.zip,682071016,42685c6b78c66d0af76d8ca3b0bc3188,application/zip,False,s3://dataverse:19369624f38-57ef34085eef,https://rdr.kuleuven.be/api/access/datafile/227185,NOT_DOWNLOADED
226706,CT/URS16,URS16stl.zip,18318843,fccae01597f42b67c9ed97b5ccd44dbd,application/zip,False,s3://dataverse:193694820f6-4e3acc14afa8,https://rdr.kuleuven.be/api/access/datafile/226706,NOT_DOWNLOADED
226803,CT/URS17,URS17_CT_raw.zip,380510980,936bc5b35aab8eb861fd1bf0842bb07d,application/zip,False,s3://dataverse:19369486a17-e88d0f032737,https://rdr.kuleuven.be/api/access/datafile/226803,NOT_DOWNLOADED
227234,US/URS17,URS17_H1.zip,661312122,3c51362b0d3fc7e4c411478124adc8a1,application/zip,False,s3://dataverse:1936986f4eb-a5bd1a9865d1,https://rdr.kuleuven.be/api/access/datafile/227234,NOT_DOWNLOADED
227253,US/URS17,URS17_H2.zip,706352203,43deb2549de05b54dd73329238dd989b,application/zip,False,s3://dataverse:19369820eaf-93bf9db62657,https://rdr.kuleuven.be/api/access/datafile/227253,NOT_DOWNLOADED
227174,US/URS17,URS17_H3.zip,673966960,2f1073d973ef166b2e7ec7a6bebe9990,application/zip,False,s3://dataverse:19369adb148-8afe20f6e347,https://rdr.kuleuven.be/api/access/datafile/227174,NOT_DOWNLOADED
227189,US/URS17,URS17_R1.zip,908706753,b372291f61c67ebc2addad1a4fcebc58,application/zip,False,s3://dataverse:1936950bfeb-c66d4b72b20e,https://rdr.kuleuven.be/api/access/datafile/227189,NOT_DOWNLOADED
226992,US/URS17,URS17_R2.zip,884224128,34a10ad85fa70eebd84d52a0847a3849,application/zip,False,s3://dataverse:193699b22e5-d15bb66ac88f,https://rdr.kuleuven.be/api/access/datafile/226992,NOT_DOWNLOADED
227397,US/URS17,URS17_R3.zip,692667108,2fcb6f18e24db8a17a845f760179e4fb,application/zip,False,s3://dataverse:193699dda75-faa64c1f7221,https://rdr.kuleuven.be/api/access/datafile/227397,NOT_DOWNLOADED
226769,CT/URS17,URS17stl.zip,19785657,67afebe7af5e4629e55f0a36ad5ee072,application/zip,False,s3://dataverse:1936945e36a-5840d77ea6e1,https://rdr.kuleuven.be/api/access/datafile/226769,NOT_DOWNLOADED
226782,CT/URS18,URS18_CT_raw.zip,387721660,eea4345d4ce073a438ad78457a223d02,application/zip,False,s3://dataverse:19369484f3a-f17c52fce242,https://rdr.kuleuven.be/api/access/datafile/226782,NOT_DOWNLOADED
227159,US/URS18,URS18_D1.zip,989186846,56419a29e92e3dfc154ae2316192b8a9,application/zip,False,s3://dataverse:19369ba9700-db9ac7a4dda8,https://rdr.kuleuven.be/api/access/datafile/227159,NOT_DOWNLOADED
227086,US/URS18,URS18_D2.zip,1080244955,1744c9a83e6012b455247f07fbe9fd34,application/zip,False,s3://dataverse:19369b2d1fa-7f673b2e5ca8,https://rdr.kuleuven.be/api/access/datafile/227086,NOT_DOWNLOADED
226888,US/URS18,URS18_D3.zip,1574827563,93a2dcdc454c03bbd72882989fd91460,application/zip,False,s3://dataverse:193698a0ab2-3dc73e5c9ca1,https://rdr.kuleuven.be/api/access/datafile/226888,NOT_DOWNLOADED
227115,US/URS18,URS18_H1.zip,591362367,c23e3d090a020e11cb03353551126e53,application/zip,False,s3://dataverse:193696e79a4-2a523aa29c8a,https://rdr.kuleuven.be/api/access/datafile/227115,NOT_DOWNLOADED
227415,US/URS18,URS18_H2.zip,942234690,359a99a9abc55b4a964d75b9a5134705,application/zip,False,s3://dataverse:19369aff7f7-3b7a7a9bc4d1,https://rdr.kuleuven.be/api/access/datafile/227415,NOT_DOWNLOADED
227154,US/URS18,URS18_H3.zip,844169979,043da87a4db9b67a13ecdd455f2150e5,application/zip,False,s3://dataverse:193695fe877-f0c51a46edb1,https://rdr.kuleuven.be/api/access/datafile/227154,NOT_DOWNLOADED
226934,US/URS18,URS18_R1.zip,786941429,a501d9625ce279942b6623d0e819cb83,application/zip,False,s3://dataverse:193698e6004-e644e330c1f3,https://rdr.kuleuven.be/api/access/datafile/226934,NOT_DOWNLOADED
227041,US/URS18,URS18_R2.zip,860495749,de3e40eda21630d05b16e38b1f8bee65,application/zip,False,s3://dataverse:19369ab1c91-f391ec5b720e,https://rdr.kuleuven.be/api/access/datafile/227041,NOT_DOWNLOADED
227025,US/URS18,URS18_R3.zip,829014961,b14da41145a4a251e817e668ed71805f,application/zip,False,s3://dataverse:1936951dc3f-5d0de8c9edae,https://rdr.kuleuven.be/api/access/datafile/227025,NOT_DOWNLOADED
226764,CT/URS18,URS18stl.zip,14942607,53b42e93ccd6c21d4b53e94d446aa6da,application/zip,False,s3://dataverse:193694474ba-fa6450b2f555,https://rdr.kuleuven.be/api/access/datafile/226764,NOT_DOWNLOADED
226720,CT/URS19,URS19_CT_raw.zip,416249414,e198f18fe2396a93f3da65450ef137b9,application/zip,False,s3://dataverse:193694647e5-0e5924b4f51a,https://rdr.kuleuven.be/api/access/datafile/226720,NOT_DOWNLOADED
227120,US/URS19,URS19_H1.zip,667923128,aafa3c1bb3d230a9f03e349d35dfa8d0,application/zip,False,s3://dataverse:193698cadc5-406537306a1f,https://rdr.kuleuven.be/api/access/datafile/227120,NOT_DOWNLOADED
226892,US/URS19,URS19_H2.zip,846591821,9d653cb703a4201f4ccf67a0a7dab2a3,application/zip,False,s3://dataverse:19369c8ca34-ea0f31d80260,https://rdr.kuleuven.be/api/access/datafile/226892,NOT_DOWNLOADED
227221,US/URS19,URS19_H3.zip,624824112,7e8d448e6a73992c9d33adf6ade7e6e5,application/zip,False,s3://dataverse:193697f00cc-417cc23b6a42,https://rdr.kuleuven.be/api/access/datafile/227221,NOT_DOWNLOADED
227360,US/URS19,URS19_R1.zip,1115417630,31534fbb886b6a9de66eb259d6bc4b06,application/zip,False,s3://dataverse:19369c3b175-e8eb0a4691b8,https://rdr.kuleuven.be/api/access/datafile/227360,NOT_DOWNLOADED
227109,US/URS19,URS19_R2.zip,1170418598,79673dd48fd8484f75351c00ff0c8c62,application/zip,False,s3://dataverse:19369c1f3fa-d4d89b606161,https://rdr.kuleuven.be/api/access/datafile/227109,NOT_DOWNLOADED
227016,US/URS19,URS19_R3.zip,1131204245,bb1f31e516bfcc5ce04b5952df07aff7,application/zip,False,s3://dataverse:193695d94ea-29ff0f40ee8f,https://rdr.kuleuven.be/api/access/datafile/227016,NOT_DOWNLOADED
226742,CT/URS19,URS19stl.zip,18583861,82455c08f79dfd52f9682b0448b4b3bb,application/zip,False,s3://dataverse:1936945259d-8caa9aa9be95,https://rdr.kuleuven.be/api/access/datafile/226742,NOT_DOWNLOADED
226758,CT/URS20,URS20_CT_raw.zip,367664669,2de2fac9caaaf8fca9f4089bd292598c,application/zip,False,s3://dataverse:193694262aa-267770b56f66,https://rdr.kuleuven.be/api/access/datafile/226758,NOT_DOWNLOADED
227151,US/URS20,URS20_H1.zip,523080516,81b5bb99b0b3b361ccc4afbfb931eb79,application/zip,False,s3://dataverse:1936975137f-c164a80f05dd,https://rdr.kuleuven.be/api/access/datafile/227151,NOT_DOWNLOADED
227404,US/URS20,URS20_H2.zip,967568745,2ad9c5dba7eaf1afd713c13eb6a107a5,application/zip,False,s3://dataverse:193695f7f37-de7c29ea6e2b,https://rdr.kuleuven.be/api/access/datafile/227404,NOT_DOWNLOADED
227085,US/URS20,URS20_H3.zip,1016141558,4136e184c117917fec4ca62d6bb9d5f6,application/zip,False,s3://dataverse:19369886b9f-4432ec0a68a7,https://rdr.kuleuven.be/api/access/datafile/227085,NOT_DOWNLOADED
226896,US/URS20,URS20_R1.zip,1250116502,bafca49fa3a30454cfa6ed18832df776,application/zip,False,s3://dataverse:193697c710f-db56609fea3a,https://rdr.kuleuven.be/api/access/datafile/226896,NOT_DOWNLOADED
227319,US/URS20,URS20_R2.zip,1222584436,db45b1f18fd2b875e8d1186b9f615248,application/zip,False,s3://dataverse:19369b1e672-9e08bf9ae663,https://rdr.kuleuven.be/api/access/datafile/227319,NOT_DOWNLOADED
226737,CT/URS20,URS20stl.zip,15838010,bed2b1b959f965b95999f5a19eed7464,application/zip,False,s3://dataverse:1936944dbe9-657b3b369fc7,https://rdr.kuleuven.be/api/access/datafile/226737,NOT_DOWNLOADED
226786,CT/URS21,URS21_CT_raw.zip,412980287,d01f9ed7cf0480b75fb9938fe83bf06a,application/zip,False,s3://dataverse:19369416039-3d595eef2385,https://rdr.kuleuven.be/api/access/datafile/226786,NOT_DOWNLOADED
227295,US/URS21,URS21_D1.zip,1467988978,978ceda61c69e8e6a1a3ecb637f72183,application/zip,False,s3://dataverse:19369c535c8-c2f4e67316fd,https://rdr.kuleuven.be/api/access/datafile/227295,NOT_DOWNLOADED
227321,US/URS21,URS21_D2.zip,1675670157,7e3aefebff8b0bce38d61a79a213f8ae,application/zip,False,s3://dataverse:193698f30f2-39d86c7e7510,https://rdr.kuleuven.be/api/access/datafile/227321,NOT_DOWNLOADED
227366,US/URS21,URS21_H1.zip,448329785,90c6d6bc15aad11278614b141e6d0b69,application/zip,False,s3://dataverse:193695bcaaf-f04e4b31ddad,https://rdr.kuleuven.be/api/access/datafile/227366,NOT_DOWNLOADED
227098,US/URS21,URS21_H2.zip,806334709,eac2963abdde3f0593e4718476e60072,application/zip,False,s3://dataverse:193695d0954-0a44a4a73ab1,https://rdr.kuleuven.be/api/access/datafile/227098,NOT_DOWNLOADED
226988,US/URS21,URS21_H3.zip,871187747,d0eb122cd2c13a45a70a2e24fed45653,application/zip,False,s3://dataverse:19369c9797f-1f0c91093033,https://rdr.kuleuven.be/api/access/datafile/226988,NOT_DOWNLOADED
226931,US/URS21,URS21_R1.zip,1042686465,3cec3aa90d619d19b64a77ecd9995c5a,application/zip,False,s3://dataverse:19369c572c5-6b4de8a12766,https://rdr.kuleuven.be/api/access/datafile/226931,NOT_DOWNLOADED
227129,US/URS21,URS21_R2.zip,660199561,a563ff4078e3fec66d21d00745d0238b,application/zip,False,s3://dataverse:19369ba71db-bd83a4b434ec,https://rdr.kuleuven.be/api/access/datafile/227129,NOT_DOWNLOADED
226733,CT/URS21,URS21stl.zip,16186365,c781afc6e307b586d0c2d8603c8e7b7e,application/zip,False,s3://dataverse:1936942f82f-cd211ab11a37,https://rdr.kuleuven.be/api/access/datafile/226733,NOT_DOWNLOADED
226718,CT/URS22,URS22_CT_raw.zip,429743432,97f723d4874ec44c16433d3b97fef10c,application/zip,False,s3://dataverse:193694935a4-e0acba41c973,https://rdr.kuleuven.be/api/access/datafile/226718,NOT_DOWNLOADED
227256,US/URS22,URS22_H1.zip,591803910,f4f228839e97a2e85f83840b9532598d,application/zip,False,s3://dataverse:19369c7b1e9-a3d208f76f94,https://rdr.kuleuven.be/api/access/datafile/227256,NOT_DOWNLOADED
226999,US/URS22,URS22_H2.zip,1037497832,6ca4b49cbeac7260bb13929991a288d1,application/zip,False,s3://dataverse:19369c08c83-0a9498e0115d,https://rdr.kuleuven.be/api/access/datafile/226999,NOT_DOWNLOADED
226836,US/URS22,URS22_H3.zip,847284861,ec7dc2fe58a5ffc7fa3ac932d7a447c7,application/zip,False,s3://dataverse:193697da319-9a7acdf936d0,https://rdr.kuleuven.be/api/access/datafile/226836,NOT_DOWNLOADED
271410,US/URS22,URS22_R1.zip,948712378,870384cbd24469c3d6030859f06b5965,application/zip,False,s3://dataverse:198bda96637-b65863fc4940,https://rdr.kuleuven.be/api/access/datafile/271410,NOT_DOWNLOADED
271409,US/URS22,URS22_R2.zip,1084098371,4ae529bffa1d6deef427dee29ebae266,application/zip,False,s3://dataverse:198bda99a72-e04a9aa81970,https://rdr.kuleuven.be/api/access/datafile/271409,NOT_DOWNLOADED
271418,US/URS22,URS22_R3.zip,1261176863,db301c08717a8c9db42f83defd9de1f7,application/zip,False,s3://dataverse:198bda8cb2f-f87e2d249904,https://rdr.kuleuven.be/api/access/datafile/271418,NOT_DOWNLOADED
226717,CT/URS22,URS22stl.zip,14809492,5a9c9c1998388840c36dbce8003fcf3f,application/zip,False,s3://dataverse:193694678c7-13f1066345e6,https://rdr.kuleuven.be/api/access/datafile/226717,NOT_DOWNLOADED
226760,CT/URS23,URS23_CT_raw.zip,407942380,2d2ff87b1c9cd5aebd4ab39386ba8290,application/zip,False,s3://dataverse:193694735f9-3ea296be1750,https://rdr.kuleuven.be/api/access/datafile/226760,NOT_DOWNLOADED
271413,US/URS23,URS23_D1.zip,586528683,f30a243362c50b9ccbd47c0f6df7123f,application/zip,False,s3://dataverse:198bda9d2f9-10c516f9d967,https://rdr.kuleuven.be/api/access/datafile/271413,NOT_DOWNLOADED
227135,US/URS23,URS23_D2.zip,537327817,114baa3c5a8bfd64071139c6f8d8e895,application/zip,False,s3://dataverse:19369aac4c0-da2608b45a40,https://rdr.kuleuven.be/api/access/datafile/227135,NOT_DOWNLOADED
271415,US/URS23,URS23_D3.zip,512621545,c50d1e9b4312a290310aa615cb3f8489,application/zip,False,s3://dataverse:198bdaa3877-c948207692e0,https://rdr.kuleuven.be/api/access/datafile/271415,NOT_DOWNLOADED
226839,US/URS23,URS23_H1.zip,607775993,9f2efea4d9f8df6c559db55671c5bce2,application/zip,False,s3://dataverse:19369841e6e-eed1c515d82d,https://rdr.kuleuven.be/api/access/datafile/226839,NOT_DOWNLOADED
227379,US/URS23,URS23_H2.zip,1132401970,f9adcd5c69cbb76eacf9c67b20b02bea,application/zip,False,s3://dataverse:19369bba130-dc11c0e62319,https://rdr.kuleuven.be/api/access/datafile/227379,NOT_DOWNLOADED
226943,US/URS23,URS23_H3.zip,850587616,0fa1eb11ccc6df8836d2f48f53ce3568,application/zip,False,s3://dataverse:19369951fe6-aa65856dceb0,https://rdr.kuleuven.be/api/access/datafile/226943,NOT_DOWNLOADED
271411,US/URS23,URS23_R1.zip,801059655,bd7fe4dc0435c63f958bd5f0009af211,application/zip,False,s3://dataverse:198bda9304a-97cf84675ba6,https://rdr.kuleuven.be/api/access/datafile/271411,NOT_DOWNLOADED
271416,US/URS23,URS23_R2.zip,633742507,25033fe03c547b4d1e239c95ea1d02a7,application/zip,False,s3://dataverse:198bda90ad4-05a5d739c730,https://rdr.kuleuven.be/api/access/datafile/271416,NOT_DOWNLOADED
271408,US/URS23,URS23_R3.zip,632483497,bb5f6227fbe9b78e0af0b5b3400e6789,application/zip,False,s3://dataverse:198bdaa5282-d17f185cf525,https://rdr.kuleuven.be/api/access/datafile/271408,NOT_DOWNLOADED
226757,CT/URS23,URS23stl.zip,17320136,2ac8a9076bae02bdd9ae43a8ada1e733,application/zip,False,s3://dataverse:19369450d1e-0def14df0d87,https://rdr.kuleuven.be/api/access/datafile/226757,NOT_DOWNLOADED
226792,CT/URS24,URS24_CT_raw.zip,410608347,f9939da7bee3d6e1fa7b7cf375a1ba98,application/zip,False,s3://dataverse:193694a5c7f-f104eebcc31e,https://rdr.kuleuven.be/api/access/datafile/226792,NOT_DOWNLOADED
226884,US/URS24,URS24_D1.zip,1511489857,6301768f2a34bf99174d0e64684334bf,application/zip,False,s3://dataverse:193697ba1fe-0177cd1cd9dd,https://rdr.kuleuven.be/api/access/datafile/226884,NOT_DOWNLOADED
227318,US/URS24,URS24_D2.zip,2058680959,b7af077bd582b5e035a52c5c1ffbfd5e,application/zip,False,s3://dataverse:19369a2de4e-b72efda28115,https://rdr.kuleuven.be/api/access/datafile/227318,NOT_DOWNLOADED
270792,US/URS24,URS24_H1.zip,481984707,7d4cc54682776cc5441a32f90ed255ab,application/zip,False,s3://dataverse:19889f43e18-3e631ad8dd3d,https://rdr.kuleuven.be/api/access/datafile/270792,NOT_DOWNLOADED
227073,US/URS24,URS24_H2.zip,950479794,19c21ae16d2c3242a8a2b68da62a45a0,application/zip,False,s3://dataverse:193699cb326-582d4d8b22e2,https://rdr.kuleuven.be/api/access/datafile/227073,NOT_DOWNLOADED
227192,US/URS24,URS24_H3.zip,1028133679,a9df07d862fab77848ebc332c288da2d,application/zip,False,s3://dataverse:19369ac847d-0c255def49f8,https://rdr.kuleuven.be/api/access/datafile/227192,NOT_DOWNLOADED
227046,US/URS24,URS24_R1.zip,1198622125,336ccf7a78789bfcf7f1de0ab0cbbe8b,application/zip,False,s3://dataverse:19369c24d68-7cda0e8c1ad4,https://rdr.kuleuven.be/api/access/datafile/227046,NOT_DOWNLOADED
226963,US/URS24,URS24_R2.zip,1190187133,c37770ce775c08b4f4b7fe6f6f7d5943,application/zip,False,s3://dataverse:19369723777-bfae6f89432f,https://rdr.kuleuven.be/api/access/datafile/226963,NOT_DOWNLOADED
227290,US/URS24,URS24_R3.zip,1194150148,8d910b3950a320e761720c736b40c579,application/zip,False,s3://dataverse:19369787dbf-6ff0f2b89e7f,https://rdr.kuleuven.be/api/access/datafile/227290,NOT_DOWNLOADED
226721,CT/URS24,URS24stl.zip,17710342,c20e0375af73e284b194463f18d2099f,application/zip,False,s3://dataverse:19369452b54-b9551a46bc0c,https://rdr.kuleuven.be/api/access/datafile/226721,NOT_DOWNLOADED
226709,CT/URS25,URS25_CT_raw.zip,397273255,d73632ae83f9fffcaed922b08b8ac054,application/zip,False,s3://dataverse:1936946628f-ca67df734463,https://rdr.kuleuven.be/api/access/datafile/226709,NOT_DOWNLOADED
226848,US/URS25,URS25_D1.zip,1629077318,99665ffd2a2f72d23c50245fc5d7d7f1,application/zip,False,s3://dataverse:1936963583c-caf3dcf5d628,https://rdr.kuleuven.be/api/access/datafile/226848,NOT_DOWNLOADED
227171,US/URS25,URS25_H1.zip,597884065,81ad092d39744364e51aaf581e57be46,application/zip,False,s3://dataverse:1936972844a-bc73749c3a9f,https://rdr.kuleuven.be/api/access/datafile/227171,NOT_DOWNLOADED
226942,US/URS25,URS25_H2.zip,873542540,ef1aca34ee9f44de9ef4a853fa2f91cd,application/zip,False,s3://dataverse:193698447af-1c1dd0481375,https://rdr.kuleuven.be/api/access/datafile/226942,NOT_DOWNLOADED
227346,US/URS25,URS25_H3.zip,1092654387,c1a0d746cd5efbe8f3caed5dadec61f8,application/zip,False,s3://dataverse:193695f1eb5-7ab887bbe183,https://rdr.kuleuven.be/api/access/datafile/227346,NOT_DOWNLOADED
227348,US/URS25,URS25_R1.zip,1069470447,e17a6a5c71ba64394e628fc7e9c6c829,application/zip,False,s3://dataverse:19369bb1208-9fde22015648,https://rdr.kuleuven.be/api/access/datafile/227348,NOT_DOWNLOADED
227401,US/URS25,URS25_R2.zip,974147259,cbed4f4efe305babeea61aae8c5af6f1,application/zip,False,s3://dataverse:19369b50cea-df524903f8a2,https://rdr.kuleuven.be/api/access/datafile/227401,NOT_DOWNLOADED
226690,CT/URS25,URS25stl.zip,20417159,17a43c2408434991b9f10c20baa754f5,application/zip,False,s3://dataverse:1936946ace8-fcd41ff2bfb4,https://rdr.kuleuven.be/api/access/datafile/226690,NOT_DOWNLOADED
226725,CT/URS26,URS26_CT_raw.zip,415163451,bbe06008a672bdf682658189a026e2c1,application/zip,False,s3://dataverse:193694a12df-d9665719fc3c,https://rdr.kuleuven.be/api/access/datafile/226725,NOT_DOWNLOADED
226946,US/URS26,URS26_D1.zip,1428700674,eaa68be4d6a30248d50f90684054c92d,application/zip,False,s3://dataverse:193699c6286-77a5263c58c1,https://rdr.kuleuven.be/api/access/datafile/226946,NOT_DOWNLOADED
227326,US/URS26,URS26_D2.zip,2243440295,48ba0bb3c8e4605777343869f369e869,application/zip,False,s3://dataverse:193696b5959-bb24094a0a53,https://rdr.kuleuven.be/api/access/datafile/227326,NOT_DOWNLOADED
226989,US/URS26,URS26_D3.zip,1644738241,3b224d145c5382911899b2d8d84e04fd,application/zip,False,s3://dataverse:1936974c605-97f2b5c4f89d,https://rdr.kuleuven.be/api/access/datafile/226989,NOT_DOWNLOADED
226933,US/URS26,URS26_H1.zip,537011795,bdcb35e5e9bcf3276000b0861ff24e44,application/zip,False,s3://dataverse:19369abf30c-fc772fac0207,https://rdr.kuleuven.be/api/access/datafile/226933,NOT_DOWNLOADED
226907,US/URS26,URS26_H2.zip,864873623,490815e1e14a10ea407a5195cb77759a,application/zip,False,s3://dataverse:193696d9dcf-7e1d7f3c72d0,https://rdr.kuleuven.be/api/access/datafile/226907,NOT_DOWNLOADED
227176,US/URS26,URS26_H3.zip,811866018,7ac44f88cca809bdc110be3bbf817453,application/zip,False,s3://dataverse:1936997d181-5d785f31cd66,https://rdr.kuleuven.be/api/access/datafile/227176,NOT_DOWNLOADED
226883,US/US_labels,URS26_H3.zip,69409052,ab8cdf76ab213d39b8c4ad84b2c2873d,application/zip,False,s3://dataverse:193699bcb6e-d4ce21e3f446,https://rdr.kuleuven.be/api/access/datafile/226883,NOT_DOWNLOADED
228080,US/US_recon,URS26_H3.zip,2911568,b33500892d2d6db471be00cd90166608,application/zip,False,s3://dataverse:19378016b9a-6fd92d03b44c,https://rdr.kuleuven.be/api/access/datafile/228080,NOT_DOWNLOADED
226873,US/US_labels,URS26_R1.zip,82763949,76716fb9121a807adc356674ee0369c1,application/zip,False,s3://dataverse:19369b9ece5-8db4078ca488,https://rdr.kuleuven.be/api/access/datafile/226873,NOT_DOWNLOADED
228076,US/US_recon,URS26_R1.zip,3441491,8f1d527bcdb1f7e0694fcff42c5de7a2,application/zip,False,s3://dataverse:193780179b1-da09cdf92b43,https://rdr.kuleuven.be/api/access/datafile/228076,NOT_DOWNLOADED
226850,US/URS26,URS26_R1.zip,1068667127,aec17dbd224ede9dffb91362c138534f,application/zip,False,s3://dataverse:19369aa2a11-b0597537e754,https://rdr.kuleuven.be/api/access/datafile/226850,NOT_DOWNLOADED
227074,US/URS26,URS26_R2.zip,892961528,19470013fae64b3e46cc75c611706cfa,application/zip,False,s3://dataverse:193695088b5-eb2be56eea60,https://rdr.kuleuven.be/api/access/datafile/227074,NOT_DOWNLOADED
227106,US/URS26,URS26_R3.zip,1013243590,a598f78565ae008d53fe1d359c757e9f,application/zip,False,s3://dataverse:1936983b088-448b751c0e88,https://rdr.kuleuven.be/api/access/datafile/227106,NOT_DOWNLOADED
226753,CT/URS26,URS26stl.zip,21770860,aad7e483e28b33427b41ffa468fef9ea,application/zip,False,s3://dataverse:1936941b15e-2a86175aac70,https://rdr.kuleuven.be/api/access/datafile/226753,NOT_DOWNLOADED
226768,CT/URS27,URS27_CT_raw.zip,385628759,af1d920c0fd949ec23cfaa4ce04b5b8d,application/zip,False,s3://dataverse:193694112d2-c6ba79990612,https://rdr.kuleuven.be/api/access/datafile/226768,NOT_DOWNLOADED
227161,US/URS27,URS27_D1.zip,1156087347,3e78b8c868a01c76407300f1904b1f36,application/zip,False,s3://dataverse:193695a3bd5-33cfb4b4e672,https://rdr.kuleuven.be/api/access/datafile/227161,NOT_DOWNLOADED
226985,US/URS27,URS27_D2.zip,1407511995,b0c97f6e0970b304aabaa5b0939f2b9b,application/zip,False,s3://dataverse:19369a87ea5-b38af71b0116,https://rdr.kuleuven.be/api/access/datafile/226985,NOT_DOWNLOADED
227307,US/URS27,URS27_D3.zip,1906815378,ee396620cf7ce2f146bddc76c66c6c57,application/zip,False,s3://dataverse:19369bdcccb-c3b367ae86b5,https://rdr.kuleuven.be/api/access/datafile/227307,NOT_DOWNLOADED
227289,US/URS27,URS27_H1.zip,471968655,942bc424a1de875f46841e582c13ac9f,application/zip,False,s3://dataverse:19369b3cd28-a626a5b91086,https://rdr.kuleuven.be/api/access/datafile/227289,NOT_DOWNLOADED
226981,US/URS27,URS27_H2.zip,716857968,cf4c60241fb45216a5d33d5f647464af,application/zip,False,s3://dataverse:1936965543f-3e30340cafbd,https://rdr.kuleuven.be/api/access/datafile/226981,NOT_DOWNLOADED
227235,US/URS27,URS27_H3.zip,783891902,530f4985c2b3b0e6a46f4404be2027ba,application/zip,False,s3://dataverse:193699c3298-33221d3731f1,https://rdr.kuleuven.be/api/access/datafile/227235,NOT_DOWNLOADED
226822,US/URS27,URS27_R1.zip,917126990,83d42ce6e1c05e1a8fb74085052b2375,application/zip,False,s3://dataverse:193694fab5c-ddaeb9cf6aae,https://rdr.kuleuven.be/api/access/datafile/226822,NOT_DOWNLOADED
227078,US/URS27,URS27_R2.zip,866494178,dd3c2a547b78229574be54940210e70e,application/zip,False,s3://dataverse:193696f9081-2021857f66ac,https://rdr.kuleuven.be/api/access/datafile/227078,NOT_DOWNLOADED
227039,US/URS27,URS27_R3.zip,931075347,8c0e050b6f733cf16400c5ff8aa79e40,application/zip,False,s3://dataverse:1936997a12e-18f4bc38c0d6,https://rdr.kuleuven.be/api/access/datafile/227039,NOT_DOWNLOADED
226729,CT/URS27,URS27stl.zip,16108256,2e4f57b4be93a9d4c28586da366c7fb3,application/zip,False,s3://dataverse:19369484995-0607b20aa37f,https://rdr.kuleuven.be/api/access/datafile/226729,NOT_DOWNLOADED
226713,CT/URS28,URS28_CT_raw.zip,419069604,7e1f7e92ac162b78274ec7f632f19a83,application/zip,False,s3://dataverse:1936945967f-5a73df9d4d97,https://rdr.kuleuven.be/api/access/datafile/226713,NOT_DOWNLOADED
226818,US/URS28,URS28_D1.zip,1104679408,659fb7fd82bb3d20f7a141876a31f5d7,application/zip,False,s3://dataverse:193696a3949-a66781fdee00,https://rdr.kuleuven.be/api/access/datafile/226818,NOT_DOWNLOADED
227060,US/URS28,URS28_D2.zip,1867038069,68135ee5de4310cfa7e175ed59ba2699,application/zip,False,s3://dataverse:193696771ea-b5e930a4d473,https://rdr.kuleuven.be/api/access/datafile/227060,NOT_DOWNLOADED
227070,US/URS28,URS28_D3.zip,1375273926,86154c750887f821cede4c9475960afd,application/zip,False,s3://dataverse:193697e0d52-0bbe698bfa27,https://rdr.kuleuven.be/api/access/datafile/227070,NOT_DOWNLOADED
227123,US/URS28,URS28_H1.zip,522912904,7d102a5a82a56a0ed1ce695b3c954810,application/zip,False,s3://dataverse:19369a46cbc-d53da2c3cdab,https://rdr.kuleuven.be/api/access/datafile/227123,NOT_DOWNLOADED
227005,US/URS28,URS28_H2.zip,936051604,214e107c8f916e46bfd94d761d11e18a,application/zip,False,s3://dataverse:193698fbdd7-385898355a1f,https://rdr.kuleuven.be/api/access/datafile/227005,NOT_DOWNLOADED
227029,US/URS28,URS28_H3.zip,977348109,d30b5ddbb619a84c6c5aa6957b678712,application/zip,False,s3://dataverse:19369a26fd3-a6a229468266,https://rdr.kuleuven.be/api/access/datafile/227029,NOT_DOWNLOADED
227250,US/URS28,URS28_H4.zip,528584742,bcf3ebae81a7a7bdd8a6794355524c70,application/zip,False,s3://dataverse:1936969603a-588091232564,https://rdr.kuleuven.be/api/access/datafile/227250,NOT_DOWNLOADED
226823,US/URS28,URS28_H5.zip,1028664031,03f7552967418d5100e4f59cae63b818,application/zip,False,s3://dataverse:1936976562c-961bd5c9cd16,https://rdr.kuleuven.be/api/access/datafile/226823,NOT_DOWNLOADED
226832,US/URS28,URS28_H6.zip,862265280,626c2b22d60a4d8a19180e98cee539a6,application/zip,False,s3://dataverse:193698c7329-eae67da1742a,https://rdr.kuleuven.be/api/access/datafile/226832,NOT_DOWNLOADED
227365,US/URS28,URS28_R1.zip,803217802,7ad36912253a683e8f6fff72ca3ae3f3,application/zip,False,s3://dataverse:19369b0839f-745b883bd783,https://rdr.kuleuven.be/api/access/datafile/227365,NOT_DOWNLOADED
227099,US/URS28,URS28_R2.zip,763582193,1595130c41c9099d31a5d950bf57aba8,application/zip,False,s3://dataverse:193698a78ba-d71af3e28696,https://rdr.kuleuven.be/api/access/datafile/227099,NOT_DOWNLOADED
227095,US/URS28,URS28_R3.zip,787984691,5512efd83bdd708ff5f288bb3e05973e,application/zip,False,s3://dataverse:19369c65269-074227fed704,https://rdr.kuleuven.be/api/access/datafile/227095,NOT_DOWNLOADED
226787,CT/URS28,URS28stl.zip,18482166,46c103ca972ff361b21978b5366a7297,application/zip,False,s3://dataverse:193694a5650-e1cc8a6452e0,https://rdr.kuleuven.be/api/access/datafile/226787,NOT_DOWNLOADED
226747,CT/URS29,URS29_CT_raw.zip,430734882,d9873cb9ed4f86b25813c7d30814d8e9,application/zip,False,s3://dataverse:193694530ef-848634832a80,https://rdr.kuleuven.be/api/access/datafile/226747,NOT_DOWNLOADED
227133,US/URS29,URS29_D1.zip,1258982753,2bd55b8d78f16130c39c72f06b9e7117,application/zip,False,s3://dataverse:193697d4c65-4fb881ed1b16,https://rdr.kuleuven.be/api/access/datafile/227133,NOT_DOWNLOADED
227083,US/URS29,URS29_D2.zip,1547199327,d2e410cee09f4110b9794d4d10d57026,application/zip,False,s3://dataverse:193695e90cc-d5b654993e52,https://rdr.kuleuven.be/api/access/datafile/227083,NOT_DOWNLOADED
228090,US/URS29,URS29_D3.zip,2077031642,98d4819002f6eb5fd262461b6cc90625,application/zip,False,s3://dataverse:19378962969-8377e4e4f414,https://rdr.kuleuven.be/api/access/datafile/228090,NOT_DOWNLOADED
227087,US/URS29,URS29_H1.zip,604722052,aa8230ab54563e35019b7f985db6bf56,application/zip,False,s3://dataverse:193697b10fc-b9951cb1ee62,https://rdr.kuleuven.be/api/access/datafile/227087,NOT_DOWNLOADED
226869,US/URS29,URS29_H2.zip,874524794,841c06e2522a11ba966eeb7c3085e04d,application/zip,False,s3://dataverse:1936962ef32-b43591e5bae5,https://rdr.kuleuven.be/api/access/datafile/226869,NOT_DOWNLOADED
226903,US/URS29,URS29_H3.zip,817469960,616e724a941c217fee127f9345f570f3,application/zip,False,s3://dataverse:19369a3f4b9-046e84a4dbd5,https://rdr.kuleuven.be/api/access/datafile/226903,NOT_DOWNLOADED
227163,US/URS29,URS29_R1.zip,967160004,620386ceb272915c2eb62cb0b835179f,application/zip,False,s3://dataverse:193695c1896-b51456ae6f66,https://rdr.kuleuven.be/api/access/datafile/227163,NOT_DOWNLOADED
226912,US/URS29,URS29_R2.zip,944538484,bc59f819177313b8b422e70b58fbf68c,application/zip,False,s3://dataverse:193699f8818-f72aaaa76d97,https://rdr.kuleuven.be/api/access/datafile/226912,NOT_DOWNLOADED
227177,US/URS29,URS29_R3.zip,924606691,86ce63711ca3fb0e7433194c62d38e20,application/zip,False,s3://dataverse:193699065f5-a5e55d0354ad,https://rdr.kuleuven.be/api/access/datafile/227177,NOT_DOWNLOADED
226692,CT/URS29,URS29stl.zip,21234246,75bcc5c6e95efbfc64066357a3254594,application/zip,False,s3://dataverse:19369448057-4a0846d92bbb,https://rdr.kuleuven.be/api/access/datafile/226692,NOT_DOWNLOADED
226704,CT/URS30,URS30_CT_raw.zip,336045900,3de8aed71acefef16d02b8277eddfacd,application/zip,False,s3://dataverse:1936944aebb-8df8fafe0ee5,https://rdr.kuleuven.be/api/access/datafile/226704,NOT_DOWNLOADED
227188,US/URS30,URS30_D1.zip,805404082,4cc6805ad5d622e610f6568f7c401d6e,application/zip,False,s3://dataverse:19369ccd981-3dc2500ca845,https://rdr.kuleuven.be/api/access/datafile/227188,NOT_DOWNLOADED
227228,US/URS30,URS30_D2.zip,1044538143,6a5bfa3fbf53807d62291fba141e0b07,application/zip,False,s3://dataverse:19369980304-0e50bdc0392f,https://rdr.kuleuven.be/api/access/datafile/227228,NOT_DOWNLOADED
227043,US/URS30,URS30_D3.zip,1303996238,c9069206588646f5cf973bd0310f7920,application/zip,False,s3://dataverse:193695993f7-dbf269c3ba0b,https://rdr.kuleuven.be/api/access/datafile/227043,NOT_DOWNLOADED
227218,US/URS30,URS30_H1.zip,466849621,8543f460368b7b69e92c5ce7b836da7d,application/zip,False,s3://dataverse:19369a17559-aef06730c594,https://rdr.kuleuven.be/api/access/datafile/227218,NOT_DOWNLOADED
226982,US/URS30,URS30_H2.zip,889453813,0fb259368376943cf4db7f630dbd09a6,application/zip,False,s3://dataverse:19369b8f97e-b66a1a6db89d,https://rdr.kuleuven.be/api/access/datafile/226982,NOT_DOWNLOADED
227407,US/URS30,URS30_H3.zip,969971918,37facee86f7703ae3258cf74b99bda81,application/zip,False,s3://dataverse:1936961df26-a1465c34f252,https://rdr.kuleuven.be/api/access/datafile/227407,NOT_DOWNLOADED
227342,US/URS30,URS30_R1.zip,655347492,28f4ad9f908706308f3e43b70440c133,application/zip,False,s3://dataverse:193695dcb1a-03fd2109a987,https://rdr.kuleuven.be/api/access/datafile/227342,NOT_DOWNLOADED
226976,US/URS30,URS30_R2.zip,613835750,5b0c4d52af5cac1e2b210186ebcfe35b,application/zip,False,s3://dataverse:19369c7d919-bdddb67a830b,https://rdr.kuleuven.be/api/access/datafile/226976,NOT_DOWNLOADED
226846,US/URS30,URS30_R3.zip,631530878,11c209b4db48f99b3033403d173b9b6a,application/zip,False,s3://dataverse:193695e6365-d3f2a43e60ab,https://rdr.kuleuven.be/api/access/datafile/226846,NOT_DOWNLOADED
226795,CT/URS30,URS30stl.zip,14674654,68b7f746aeed427a1087179a7d0162f5,application/zip,False,s3://dataverse:1936947648c-dbe9ff07968a,https://rdr.kuleuven.be/api/access/datafile/226795,NOT_DOWNLOADED
226740,CT/URS31,URS31_CT_raw.zip,427951168,f6633be7ab7025b26d5499b7705785d6,application/zip,False,s3://dataverse:1936942dc58-df220a3bbdd3,https://rdr.kuleuven.be/api/access/datafile/226740,NOT_DOWNLOADED
271412,US/URS31,URS31_D1.zip,1593579877,02aa44495d862a154705c606e231717a,application/zip,False,s3://dataverse:198bda9f572-6719f27172bb,https://rdr.kuleuven.be/api/access/datafile/271412,NOT_DOWNLOADED
227069,US/US_labels,URS31_D2.zip,113475216,a32f22724207d0f40edc12a59d4e8381,application/zip,False,s3://dataverse:193699fc0e1-11e88ee2f4b8,https://rdr.kuleuven.be/api/access/datafile/227069,NOT_DOWNLOADED
226937,US/URS31,URS31_D2.zip,2058347405,5d8431eb2d688ff1093f9da08c51af78,application/zip,False,s3://dataverse:19369aa603b-50027248a589,https://rdr.kuleuven.be/api/access/datafile/226937,NOT_DOWNLOADED
228072,US/US_recon,URS31_D2.zip,4005138,7af3dec8dbbbde61bd34fcaa3a2f48f0,application/zip,False,s3://dataverse:19378016aa1-5b87acbd7d57,https://rdr.kuleuven.be/api/access/datafile/228072,NOT_DOWNLOADED
227031,US/URS31,URS31_D3.zip,1547827198,0f5f8c6ac51364f429cd135a9a3d4e6d,application/zip,False,s3://dataverse:1936983436c-d48574bec729,https://rdr.kuleuven.be/api/access/datafile/227031,NOT_DOWNLOADED
227137,US/URS31,URS31_H1.zip,587637614,1f299d4d060a327f11d0a63534f36026,application/zip,False,s3://dataverse:19369c75da4-f36405df6edc,https://rdr.kuleuven.be/api/access/datafile/227137,NOT_DOWNLOADED
227076,US/URS31,URS31_H2.zip,1319170890,9ad1888b6130714f6b72caaae8678ce9,application/zip,False,s3://dataverse:193695818a4-d0650c2401d1,https://rdr.kuleuven.be/api/access/datafile/227076,NOT_DOWNLOADED
227354,US/URS31,URS31_H3.zip,1046601876,54e400bced0c9ff9639704532b62dfb9,application/zip,False,s3://dataverse:1936968042e-2fb8dfbc82ae,https://rdr.kuleuven.be/api/access/datafile/227354,NOT_DOWNLOADED
227013,US/URS31,URS31_R1.zip,1248073837,6b381b995b659a8be138cce79fdf3a04,application/zip,False,s3://dataverse:1936979a2d4-af587b18d3ca,https://rdr.kuleuven.be/api/access/datafile/227013,NOT_DOWNLOADED
226964,US/US_labels,URS31_R2.zip,113948402,797c241e3c24831e952dac1d0b15110f,application/zip,False,s3://dataverse:193697e649c-9fe85026a411,https://rdr.kuleuven.be/api/access/datafile/226964,NOT_DOWNLOADED
226826,US/URS31,URS31_R2.zip,1240988574,1e3d243770226ac5ecf0856187cf4671,application/zip,False,s3://dataverse:19369a003bf-6f665cfd0cd9,https://rdr.kuleuven.be/api/access/datafile/226826,NOT_DOWNLOADED
228171,US/US_recon,URS31_R2.zip,1832412,3110572af8aa80318f14a20cd7765013,application/zip,False,s3://dataverse:19391dffc9a-9bbc33e88c2f,https://rdr.kuleuven.be/api/access/datafile/228171,NOT_DOWNLOADED
226820,US/URS31,URS31_R3.zip,1194641406,b6f3bd29b8ca88b3dd790df0cb6c4615,application/zip,False,s3://dataverse:19369557b85-bfa9b5f4e534,https://rdr.kuleuven.be/api/access/datafile/226820,NOT_DOWNLOADED
226693,CT/URS31,URS31stl.zip,17586175,97ed2c13aaabddbd367ddb356148fc71,application/zip,False,s3://dataverse:1936943804c-20acb21bb44a,https://rdr.kuleuven.be/api/access/datafile/226693,NOT_DOWNLOADED
226699,CT/URS32,URS32_CT_raw.zip,432344920,7bd92d3e3be26c41f8476d25c6fe0baa,application/zip,False,s3://dataverse:193694888aa-95a754e3ac37,https://rdr.kuleuven.be/api/access/datafile/226699,NOT_DOWNLOADED
228173,US/URS32,URS32_D1.zip,2689161859,f670434539921b948e36b1bf8ac82f6b,application/zip,False,s3://dataverse:19391e695ed-45560c04ad6e,https://rdr.kuleuven.be/api/access/datafile/228173,NOT_DOWNLOADED
228174,US/URS32,URS32_D2.zip,2017142059,4e2d499aa3c61f7c5676fb3b9e21974a,application/zip,False,s3://dataverse:19391e6fa1b-204cf8402fd5,https://rdr.kuleuven.be/api/access/datafile/228174,NOT_DOWNLOADED
228175,US/URS32,URS32_D3.zip,1629047275,cb8c920337072fdf35f3f2ce58ef008c,application/zip,False,s3://dataverse:19391e75646-d409ab29cf6b,https://rdr.kuleuven.be/api/access/datafile/228175,NOT_DOWNLOADED
227162,US/URS32,URS32_H1.zip,455082800,aae83506d1e40ca3bd431d3fc8a5f4af,application/zip,False,s3://dataverse:19369517f45-3c313ed3ebd0,https://rdr.kuleuven.be/api/access/datafile/227162,NOT_DOWNLOADED
227058,US/URS32,URS32_H2.zip,998437930,068785b3c5fef77b54652aaac20f176d,application/zip,False,s3://dataverse:1936960b842-88784e3224d5,https://rdr.kuleuven.be/api/access/datafile/227058,NOT_DOWNLOADED
227325,US/URS32,URS32_H3.zip,934419604,24a87167bf82a21f5fa2c8a4af0e601a,application/zip,False,s3://dataverse:19369651f62-7b7eba4be2f1,https://rdr.kuleuven.be/api/access/datafile/227325,NOT_DOWNLOADED
227118,US/URS32,URS32_R1.zip,1186280696,472cc69b7415b2540013bd8f7b02204c,application/zip,False,s3://dataverse:19369b35c08-f9bc059ca0c3,https://rdr.kuleuven.be/api/access/datafile/227118,NOT_DOWNLOADED
227131,US/URS32,URS32_R2.zip,1159106935,e8ed1e4fc5b9d50ca23e2e29c20d4b1e,application/zip,False,s3://dataverse:19369527d5c-edb10db2e868,https://rdr.kuleuven.be/api/access/datafile/227131,NOT_DOWNLOADED
226900,US/URS32,URS32_R3.zip,1204360334,5b4ff29de3dbbbb2a7d2276739dd162f,application/zip,False,s3://dataverse:193697dd2f0-2c34d61519c6,https://rdr.kuleuven.be/api/access/datafile/226900,NOT_DOWNLOADED
226751,CT/URS32,URS32stl.zip,23235773,6ff2738927d5a8661953345092dfc1d9,application/zip,False,s3://dataverse:193694641b6-3d49652e5d8e,https://rdr.kuleuven.be/api/access/datafile/226751,NOT_DOWNLOADED
226775,CT/URS33,URS33_CT_raw.zip,378144499,80e782809e32bc179d16e7018878415d,application/zip,False,s3://dataverse:19369457b50-08847ad577ee,https://rdr.kuleuven.be/api/access/datafile/226775,NOT_DOWNLOADED
226987,US/URS33,URS33_D1.zip,1575262277,0ff6b5c59f1221668826165114840af6,application/zip,False,s3://dataverse:19369c45fcd-8bee8f2943b5,https://rdr.kuleuven.be/api/access/datafile/226987,NOT_DOWNLOADED
227104,US/URS33,URS33_D2.zip,2636117673,aecbd1b0f82552aba31dcdf5a4a1e25a,application/zip,False,s3://dataverse:193698d7d2c-82281065aa1c,https://rdr.kuleuven.be/api/access/datafile/227104,NOT_DOWNLOADED
227211,US/URS33,URS33_H1.zip,653195310,7f06bf84bf9bd7ef6458378ca3a09c9d,application/zip,False,s3://dataverse:1936977390f-1cda54382ce1,https://rdr.kuleuven.be/api/access/datafile/227211,NOT_DOWNLOADED
226940,US/URS33,URS33_H2.zip,1334549915,149d606b4cd47e489a162fa03528a552,application/zip,False,s3://dataverse:193698015e8-d4bcc9af57ed,https://rdr.kuleuven.be/api/access/datafile/226940,NOT_DOWNLOADED
227186,US/URS33,URS33_H3.zip,1018538321,06accf30a67c6dca2a545a91c4d6a42f,application/zip,False,s3://dataverse:193695199b1-306d01ac45f6,https://rdr.kuleuven.be/api/access/datafile/227186,NOT_DOWNLOADED
226853,US/URS33,URS33_R1.zip,1135617429,613a3bf9632a316047fcb98312453eeb,application/zip,False,s3://dataverse:19369853fdd-4f287d64b218,https://rdr.kuleuven.be/api/access/datafile/226853,NOT_DOWNLOADED
227341,US/URS33,URS33_R2.zip,1143928345,a345a9100081831550427fdd15193b98,application/zip,False,s3://dataverse:193696cbc66-82deadf78e72,https://rdr.kuleuven.be/api/access/datafile/227341,NOT_DOWNLOADED
227128,US/URS33,URS33_R3.zip,1125269724,961c1494d4c2c595d1723ff368f61c6a,application/zip,False,s3://dataverse:19369a13688-9d29b269548c,https://rdr.kuleuven.be/api/access/datafile/227128,NOT_DOWNLOADED
226801,CT/URS33,URS33stl.zip,15604467,b0454fd15f64ea1d09da0199c8b3b571,application/zip,False,s3://dataverse:193694a7e05-3064afa635ca,https://rdr.kuleuven.be/api/access/datafile/226801,NOT_DOWNLOADED
226783,CT/URS34,URS34_CT_raw.zip,400819152,24e75cc7b615de66107ab15b25f342a9,application/zip,False,s3://dataverse:1936947f275-139a335ab464,https://rdr.kuleuven.be/api/access/datafile/226783,NOT_DOWNLOADED
226810,US/URS34,URS34_D1.zip,1637377925,9d08e520d7d26a7a97edf03fda116cc9,application/zip,False,s3://dataverse:19369b75d3e-4aa8ea91425d,https://rdr.kuleuven.be/api/access/datafile/226810,NOT_DOWNLOADED
227271,US/URS34,URS34_D2.zip,2061846122,82686d2716f0d5f3f25a8810f33e0f7b,application/zip,False,s3://dataverse:19369a57b2a-abebac6ae358,https://rdr.kuleuven.be/api/access/datafile/227271,NOT_DOWNLOADED
226973,US/URS34,URS34_D3.zip,902369280,323a4b2aae37c1634d69cd496926013b,application/zip,False,s3://dataverse:19369abc5a5-58794c47ccf8,https://rdr.kuleuven.be/api/access/datafile/226973,NOT_DOWNLOADED
227113,US/URS34,URS34_H1.zip,706214559,ba0122ecc64d409023f69ad503ee4450,application/zip,False,s3://dataverse:19369c78b5e-1c05003160c5,https://rdr.kuleuven.be/api/access/datafile/227113,NOT_DOWNLOADED
226959,US/URS34,URS34_H2.zip,1151123942,e37346b1e77fd437c1e098a370ec33c0,application/zip,False,s3://dataverse:193698aa9d5-05d4391fc88f,https://rdr.kuleuven.be/api/access/datafile/226959,NOT_DOWNLOADED
227090,US/URS34,URS34_H3.zip,1119035028,f1701c65d9263f425013a7017959eb0f,application/zip,False,s3://dataverse:19369c8fc84-67bfb366c625,https://rdr.kuleuven.be/api/access/datafile/227090,NOT_DOWNLOADED
227352,US/URS34,URS34_R1.zip,1162464696,224fafb59d668f5be191a9252546eca3,application/zip,False,s3://dataverse:19369588757-7a421663c0ab,https://rdr.kuleuven.be/api/access/datafile/227352,NOT_DOWNLOADED
227111,US/URS34,URS34_R2.zip,1171112761,b5478b81043d4432b71e00697cdf4923,application/zip,False,s3://dataverse:19369571d4a-cfe42837ec00,https://rdr.kuleuven.be/api/access/datafile/227111,NOT_DOWNLOADED
227145,US/URS34,URS34_R3.zip,1170279217,c3aecdac597eada08c1ed1f36605eeb0,application/zip,False,s3://dataverse:19369510f4b-38178a908f5e,https://rdr.kuleuven.be/api/access/datafile/227145,NOT_DOWNLOADED
226685,CT/URS34,URS34stl.zip,14208017,fe437cc081245a25f5ccbf7a76d0dbdd,application/zip,False,s3://dataverse:19369487eda-dce5cfc71a61,https://rdr.kuleuven.be/api/access/datafile/226685,NOT_DOWNLOADED
226750,CT/URS35,URS35_CT_raw.zip,399441078,99265ad1a150f436c231fc7eaf05c73d,application/zip,False,s3://dataverse:19369419693-703187b778c8,https://rdr.kuleuven.be/api/access/datafile/226750,NOT_DOWNLOADED
226979,US/URS35,URS35_D1.zip,1300408989,0a367e7b929a93c784cd5b0ee00a6990,application/zip,False,s3://dataverse:19369658216-a6dd11a0cfc5,https://rdr.kuleuven.be/api/access/datafile/226979,NOT_DOWNLOADED
226867,US/URS35,URS35_D2.zip,1571091575,81301b39942e3f38cc6cbe73619ea21b,application/zip,False,s3://dataverse:19369a1d3d9-95e32c730648,https://rdr.kuleuven.be/api/access/datafile/226867,NOT_DOWNLOADED
227349,US/URS35,URS35_D3.zip,2184489464,a8959d03472469d48a47b9c3a5818cea,application/zip,False,s3://dataverse:19369bd2980-6cf2871b72ed,https://rdr.kuleuven.be/api/access/datafile/227349,NOT_DOWNLOADED
226922,US/URS35,URS35_H1.zip,619825811,5f4d9da7bfa6b6979a3e2f56b732c2e3,application/zip,False,s3://dataverse:19369601613-5ee8da0946fe,https://rdr.kuleuven.be/api/access/datafile/226922,NOT_DOWNLOADED
227027,US/URS35,URS35_H2.zip,961085577,a8ebf1e2b6a0ad31588b623adb60a698,application/zip,False,s3://dataverse:19369b8c73c-b99b06aa607b,https://rdr.kuleuven.be/api/access/datafile/227027,NOT_DOWNLOADED
270802,US/URS35,URS35_H3.zip,52087881,b1f2844b0c0fc7c26a453d2e67eace52,application/zip,False,s3://dataverse:19889f4fccd-52801448ee52,https://rdr.kuleuven.be/api/access/datafile/270802,NOT_DOWNLOADED
227390,US/URS35,URS35_H4.zip,868620121,fdb4037a00a4ae2156c4a51c31911b1d,application/zip,False,s3://dataverse:19369864d7d-6976483f0464,https://rdr.kuleuven.be/api/access/datafile/227390,NOT_DOWNLOADED
227201,US/URS35,URS35_R1.zip,932041026,172a6f751673086c7b89fb3576226f76,application/zip,False,s3://dataverse:19369c287e8-4209700cff9c,https://rdr.kuleuven.be/api/access/datafile/227201,NOT_DOWNLOADED
227339,US/URS35,URS35_R2.zip,947144152,1fe3e0758a074e2f127e08ec250bcdd5,application/zip,False,s3://dataverse:19369809b85-e86ca21221b6,https://rdr.kuleuven.be/api/access/datafile/227339,NOT_DOWNLOADED
227358,US/URS35,URS35_R3.zip,973492054,b5953551278c0db1a7192e0ab9b084fe,application/zip,False,s3://dataverse:193695c715d-18394c010481,https://rdr.kuleuven.be/api/access/datafile/227358,NOT_DOWNLOADED
226752,CT/URS35,URS35stl.zip,17093892,1eaf98427cc1f9662cfa8ed74e115df3,application/zip,False,s3://dataverse:1936941acaf-b2d56e842285,https://rdr.kuleuven.be/api/access/datafile/226752,NOT_DOWNLOADED
226797,CT/URS36,URS36_CT_raw.zip,375682025,f4582eb735f3c4e38400b886ac2b3be3,application/zip,False,s3://dataverse:1936943efee-09bed7e752a1,https://rdr.kuleuven.be/api/access/datafile/226797,NOT_DOWNLOADED
227363,US/URS36,URS36_D1.zip,1119652273,3f04765c3742a623c6ba41132cd3a98d,application/zip,False,s3://dataverse:19369b43adf-a56bc90c7f5a,https://rdr.kuleuven.be/api/access/datafile/227363,NOT_DOWNLOADED
227286,US/URS36,URS36_D2.zip,1384738148,e02112c1673d99a79d2ae40fee079ce8,application/zip,False,s3://dataverse:19369b4d288-d7c4a939efd5,https://rdr.kuleuven.be/api/access/datafile/227286,NOT_DOWNLOADED
226975,US/US_labels,URS36_D2.zip,108964439,636fdbc5e306d0fd8fcc775918ec2c07,application/zip,False,s3://dataverse:19369786bb4-64c00c5b1e3b,https://rdr.kuleuven.be/api/access/datafile/226975,NOT_DOWNLOADED
228081,US/US_recon,URS36_D2.zip,2187384,fc344bdcf699c5e510bc39fb70220f24,application/zip,False,s3://dataverse:193780171df-c9a1cfd4f7ac,https://rdr.kuleuven.be/api/access/datafile/228081,NOT_DOWNLOADED
226908,US/URS36,URS36_D3.zip,1937184847,82d86b70bfab32c387c3e415cce851d4,application/zip,False,s3://dataverse:1936995e918-ab5f592b40d2,https://rdr.kuleuven.be/api/access/datafile/226908,NOT_DOWNLOADED
227384,US/URS36,URS36_H1.zip,453705728,85278ebd6a40c966775d294eb3b0dc82,application/zip,False,s3://dataverse:19369b86a49-092e41d73a28,https://rdr.kuleuven.be/api/access/datafile/227384,NOT_DOWNLOADED
227136,US/US_labels,URS36_H2.zip,116333161,5549a03c540f604c8e40154658c12a15,application/zip,False,s3://dataverse:1936962e501-174f0f9e8d52,https://rdr.kuleuven.be/api/access/datafile/227136,NOT_DOWNLOADED
228082,US/US_recon,URS36_H2.zip,1577127,0dfa22febd4591dc51e3b6f8fb9e44b5,application/zip,False,s3://dataverse:19378017438-eea1216fe354,https://rdr.kuleuven.be/api/access/datafile/228082,NOT_DOWNLOADED
227313,US/URS36,URS36_H2.zip,842408214,cda9b6a537c757e95505a8ced4854b2a,application/zip,False,s3://dataverse:19369ac326c-78fce0a94a6c,https://rdr.kuleuven.be/api/access/datafile/227313,NOT_DOWNLOADED
226847,US/URS36,URS36_H3.zip,794115837,99eb3bdaa072310e68500add7d860c73,application/zip,False,s3://dataverse:19369c9cb7f-b9086a221780,https://rdr.kuleuven.be/api/access/datafile/226847,NOT_DOWNLOADED
227391,US/URS36,URS36_H4.zip,596992478,3ef2b979ed1b52a643257c61deb5083b,application/zip,False,s3://dataverse:193695ee15b-5b624d983c8c,https://rdr.kuleuven.be/api/access/datafile/227391,NOT_DOWNLOADED
227152,US/URS36,URS36_R1.zip,817657362,7a7d7f3710dc1ba301eb3e1dcd3c1b62,application/zip,False,s3://dataverse:1936969c976-2b1f4f9147dc,https://rdr.kuleuven.be/api/access/datafile/227152,NOT_DOWNLOADED
226961,US/URS36,URS36_R2.zip,807451764,d01093e25b42f5641df0cfb45611fcb9,application/zip,False,s3://dataverse:193695f56e1-aec80df04a0a,https://rdr.kuleuven.be/api/access/datafile/226961,NOT_DOWNLOADED
227252,US/URS36,URS36_R3.zip,845430006,cc5fcc02310af237b08d3427eabd74bf,application/zip,False,s3://dataverse:19369b02a81-a285afdd23f2,https://rdr.kuleuven.be/api/access/datafile/227252,NOT_DOWNLOADED
226702,CT/URS36,URS36stl.zip,17324910,aed2316529aa5b069a6675920facb606,application/zip,False,s3://dataverse:1936944c189-e5a6ff81e108,https://rdr.kuleuven.be/api/access/datafile/226702,NOT_DOWNLOADED
267905,CT/URS37,URS37_CT_raw.zip,342695392,521606ce0a4df90ffed902a5c9bdb695,application/zip,False,s3://dataverse:197c5619d3f-177c81e0a756,https://rdr.kuleuven.be/api/access/datafile/267905,NOT_DOWNLOADED
227226,US/URS37,URS37_D1.zip,1113837993,72e4f9747c93dbd709e8b5f2c5baf240,application/zip,False,s3://dataverse:19369cd2e2d-b5c013122274,https://rdr.kuleuven.be/api/access/datafile/227226,NOT_DOWNLOADED
227182,US/URS37,URS37_D2.zip,1425761153,a607d7d6a4ce31e112ac7f1bf4e39f10,application/zip,False,s3://dataverse:19369a7a988-00d8be2d8b78,https://rdr.kuleuven.be/api/access/datafile/227182,NOT_DOWNLOADED
227246,US/URS37,URS37_D3.zip,1915136317,a286cf2d96eb5c1392475ec40e862723,application/zip,False,s3://dataverse:19369bb47ee-feb9bec96651,https://rdr.kuleuven.be/api/access/datafile/227246,NOT_DOWNLOADED
227231,US/URS37,URS37_H1.zip,622215680,0433039e041e59caee30fe1729cffd66,application/zip,False,s3://dataverse:1936953c6d8-b07568314177,https://rdr.kuleuven.be/api/access/datafile/227231,NOT_DOWNLOADED
227180,US/URS37,URS37_H2.zip,862278137,93989de3c3b74e0364fe597fbe873c7b,application/zip,False,s3://dataverse:19369cc5e78-6d454bce2b50,https://rdr.kuleuven.be/api/access/datafile/227180,NOT_DOWNLOADED
226855,US/URS37,URS37_H3.zip,875065709,789b738b86d321642e6e24b626dd702b,application/zip,False,s3://dataverse:193696dca65-175106eccdf6,https://rdr.kuleuven.be/api/access/datafile/226855,NOT_DOWNLOADED
227372,US/URS37,URS37_H4.zip,312354189,6d0e134d4299db86cc8701756c871bd5,application/zip,False,s3://dataverse:19369944f80-c7d0936575f0,https://rdr.kuleuven.be/api/access/datafile/227372,NOT_DOWNLOADED
227275,US/URS37,URS37_R1.zip,813587175,9a45f5f39eac43102cf0b8d5d81c4987,application/zip,False,s3://dataverse:19369a9da47-2aae0308e120,https://rdr.kuleuven.be/api/access/datafile/227275,NOT_DOWNLOADED
226858,US/URS37,URS37_R2.zip,665543159,1640aa70dd385dcbd3f93eb697df2d8a,application/zip,False,s3://dataverse:1936969f99d-ddd0eef78f32,https://rdr.kuleuven.be/api/access/datafile/226858,NOT_DOWNLOADED
226917,US/URS37,URS37_R3.zip,810719813,058fa03a54ce288f41a803dedb34d3b0,application/zip,False,s3://dataverse:193699b9770-3c866006439c,https://rdr.kuleuven.be/api/access/datafile/226917,NOT_DOWNLOADED
226715,CT/URS37,URS37stl.zip,13081601,f8fa99a0eddd4a410b1b5c2b9dc2e07d,application/zip,False,s3://dataverse:193694a2a85-947f446ef4fa,https://rdr.kuleuven.be/api/access/datafile/226715,NOT_DOWNLOADED
226710,CT/URS38,URS38_CT_raw.zip,373953452,585408c0c43cde5f4a2d2e9ccff7235c,application/zip,False,s3://dataverse:1936949a559-63811c073f09,https://rdr.kuleuven.be/api/access/datafile/226710,NOT_DOWNLOADED
227126,US/URS38,URS38_D1.zip,1601263705,5443bae1232a014dabe3fe133b630b6a,application/zip,False,s3://dataverse:1936973d236-c2e5ab4c4647,https://rdr.kuleuven.be/api/access/datafile/227126,NOT_DOWNLOADED
227160,US/URS38,URS38_D2.zip,1411319530,85b695ddfbdedfdc9a6405bfd166e482,application/zip,False,s3://dataverse:19369cb8a50-fe23ea439560,https://rdr.kuleuven.be/api/access/datafile/227160,NOT_DOWNLOADED
226970,US/URS38,URS38_D3.zip,2062966879,25d721c049bcc9e05e19ed229c3ff70c,application/zip,False,s3://dataverse:193698b9781-f7d4deadbaca,https://rdr.kuleuven.be/api/access/datafile/226970,NOT_DOWNLOADED
227296,US/URS38,URS38_H1.zip,629304505,e74c34695241e01f30649ea7ce13bb60,application/zip,False,s3://dataverse:19369564a79-cad41aa05667,https://rdr.kuleuven.be/api/access/datafile/227296,NOT_DOWNLOADED
226960,US/URS38,URS38_H2.zip,1153192211,4eb75a12f353b02b0da05dc7be715114,application/zip,False,s3://dataverse:19369ce8b20-555545fb1faf,https://rdr.kuleuven.be/api/access/datafile/226960,NOT_DOWNLOADED
226902,US/URS38,URS38_H3.zip,1174294108,d014f944afb16d74ffc9716d1999913f,application/zip,False,s3://dataverse:19369741ced-b9969eec34a9,https://rdr.kuleuven.be/api/access/datafile/226902,NOT_DOWNLOADED
226905,US/URS38,URS38_H4.zip,719517858,73db6acbdced8e21b6d25983a72fec55,application/zip,False,s3://dataverse:19369aee017-2ea50adb8779,https://rdr.kuleuven.be/api/access/datafile/226905,NOT_DOWNLOADED
226829,US/URS38,URS38_R1.zip,845577165,c161fb334f2393f6e0522a960b88bbec,application/zip,False,s3://dataverse:19369b14d32-716534bbb2df,https://rdr.kuleuven.be/api/access/datafile/226829,NOT_DOWNLOADED
227062,US/URS38,URS38_R2.zip,1209357538,0ca5aec755b4e6b6350af2cd47f592dc,application/zip,False,s3://dataverse:19369a8ba56-a6df417b4ea5,https://rdr.kuleuven.be/api/access/datafile/227062,NOT_DOWNLOADED
227248,US/URS38,URS38_R3.zip,1145242445,443893cd32cccccc2140f82dac41516d,application/zip,False,s3://dataverse:19369a5f2bc-1c484b230bd0,https://rdr.kuleuven.be/api/access/datafile/227248,NOT_DOWNLOADED
226770,CT/URS38,URS38stl.zip,12768977,850e2bd5f1aeb41d72adfef00055a981,application/zip,False,s3://dataverse:1936945754b-d8f99a48f1e9,https://rdr.kuleuven.be/api/access/datafile/226770,NOT_DOWNLOADED
226701,CT/URS39,URS39_CT_raw.zip,414625678,a6505d0d9026ab29723cb6eec08c1797,application/zip,False,s3://dataverse:1936946bce7-5d8db065b383,https://rdr.kuleuven.be/api/access/datafile/226701,NOT_DOWNLOADED
226841,US/URS39,URS39_D1.zip,1105567234,a5c9b6b6ef32fb11db04b4c6a022f1ff,application/zip,False,s3://dataverse:19369bd9231-ea8aaec8a8f5,https://rdr.kuleuven.be/api/access/datafile/226841,NOT_DOWNLOADED
226861,US/URS39,URS39_H1.zip,624734007,7e1510efcda7cad4761d13c20673e407,application/zip,False,s3://dataverse:19369bf5a3b-dbc62189a5b9,https://rdr.kuleuven.be/api/access/datafile/226861,NOT_DOWNLOADED
226948,US/URS39,URS39_H2.zip,1373956525,adfdad3e190a6b2a60e3e6530d25653d,application/zip,False,s3://dataverse:19369546eed-c3b910a7e7b9,https://rdr.kuleuven.be/api/access/datafile/226948,NOT_DOWNLOADED
226837,US/URS39,URS39_H3.zip,1035703228,4927a2ffbe432ea22f51186bb85690d3,application/zip,False,s3://dataverse:193695a8b2c-bcd2bcd5d718,https://rdr.kuleuven.be/api/access/datafile/226837,NOT_DOWNLOADED
227413,US/URS39,URS39_H4.zip,702157807,739ffe1f8bd68cb947ef179c4df64db2,application/zip,False,s3://dataverse:19369c06738-e2031719a27a,https://rdr.kuleuven.be/api/access/datafile/227413,NOT_DOWNLOADED
227019,US/URS39,URS39_R1.zip,1013161162,544e0bff3697a246e6b5697eefdd0af8,application/zip,False,s3://dataverse:19369a99b49-aa6d3abfee81,https://rdr.kuleuven.be/api/access/datafile/227019,NOT_DOWNLOADED
226952,US/URS39,URS39_R2.zip,874767916,9b2bc442003727e1336151b685e8d611,application/zip,False,s3://dataverse:19369afb742-2d45bdc25394,https://rdr.kuleuven.be/api/access/datafile/226952,NOT_DOWNLOADED
227122,US/URS39,URS39_R3.zip,791130784,65db6fe2e75deaaba00e74b2160e22e1,application/zip,False,s3://dataverse:19369811fe9-cd60449edd68,https://rdr.kuleuven.be/api/access/datafile/227122,NOT_DOWNLOADED
226686,CT/URS39,URS39stl.zip,17476361,7c012247acd40c44499f37cd1f899369,application/zip,False,s3://dataverse:193694982d7-b5e3286cadab,https://rdr.kuleuven.be/api/access/datafile/226686,NOT_DOWNLOADED
226800,CT/URS40,URS40_CT_raw.zip,330824393,6d9bb4e951b951f578bf515b8fcf94a2,application/zip,False,s3://dataverse:1936945ea36-d72aaae80a97,https://rdr.kuleuven.be/api/access/datafile/226800,NOT_DOWNLOADED
226890,US/URS40,URS40_D1.zip,957579161,33e899426a1b7252f3495466018f5d55,application/zip,False,s3://dataverse:193699bde00-6075b8da01a7,https://rdr.kuleuven.be/api/access/datafile/226890,NOT_DOWNLOADED
226844,US/URS40,URS40_D2.zip,977577709,44223471924eb218d620baaa934cc462,application/zip,False,s3://dataverse:19369b80a66-ca01068665cf,https://rdr.kuleuven.be/api/access/datafile/226844,NOT_DOWNLOADED
227199,US/URS40,URS40_H1.zip,391094566,56b653ffa155f0af2d133a60cac8a46b,application/zip,False,s3://dataverse:19369a81f07-eb4a61e54260,https://rdr.kuleuven.be/api/access/datafile/227199,NOT_DOWNLOADED
227285,US/URS40,URS40_H2.zip,684671851,3db01f23ed5039b13527d575b5bc5b1f,application/zip,False,s3://dataverse:19369c82f65-d663da007ded,https://rdr.kuleuven.be/api/access/datafile/227285,NOT_DOWNLOADED
227220,US/URS40,URS40_H3.zip,526842778,a8a5918cf290b1cea9a20e3b675d8292,application/zip,False,s3://dataverse:1936970c29b-087fa940cd60,https://rdr.kuleuven.be/api/access/datafile/227220,NOT_DOWNLOADED
228075,US/US_recon,URS40_H4.zip,786518,3e3f054fb352a3cc9a30dd6e866cbb27,application/zip,False,s3://dataverse:19378017882-e2264247fcd7,https://rdr.kuleuven.be/api/access/datafile/228075,NOT_DOWNLOADED
227343,US/US_labels,URS40_H4.zip,107723067,f9c6b79ed6296afdd1eef6856d827193,application/zip,False,s3://dataverse:1936984c2e2-020eda228c11,https://rdr.kuleuven.be/api/access/datafile/227343,NOT_DOWNLOADED
227205,US/URS40,URS40_H4.zip,433919318,5c27d9ac704d6d24b55b32ae64c34660,application/zip,False,s3://dataverse:19369a790f1-f4057ec6a590,https://rdr.kuleuven.be/api/access/datafile/227205,NOT_DOWNLOADED
227052,US/URS40,URS40_R1.zip,871891701,7326842842ccc2f0d0f0e36aa95dd388,application/zip,False,s3://dataverse:193698c42a3-dbb5ef901da1,https://rdr.kuleuven.be/api/access/datafile/227052,NOT_DOWNLOADED
227007,US/US_labels,URS40_R1.zip,89625988,97f1528d9d9340f8a504b2177a29f1f1,application/zip,False,s3://dataverse:1936982918e-6013f1dd3a90,https://rdr.kuleuven.be/api/access/datafile/227007,NOT_DOWNLOADED
228077,US/US_recon,URS40_R1.zip,2028227,a1b18f1fa5749935169cad908fe49dea,application/zip,False,s3://dataverse:1937801775d-29b497701d49,https://rdr.kuleuven.be/api/access/datafile/228077,NOT_DOWNLOADED
227112,US/URS40,URS40_R2.zip,713551556,e26d086530ac046865ca67d9182b00f7,application/zip,False,s3://dataverse:19369963af5-6017f4533fa9,https://rdr.kuleuven.be/api/access/datafile/227112,NOT_DOWNLOADED
226944,US/URS40,URS40_R3.zip,681100603,304b48eb6393689442c1699630ebd450,application/zip,False,s3://dataverse:193697faed7-6cd38034cb12,https://rdr.kuleuven.be/api/access/datafile/226944,NOT_DOWNLOADED
226762,CT/URS40,URS40stl.zip,14458057,9a3f5074cf5825331344259cf661b5fc,application/zip,False,s3://dataverse:193694a4c40-014fb9e954ae,https://rdr.kuleuven.be/api/access/datafile/226762,NOT_DOWNLOADED
226705,CT/URS41,URS41_CT_raw.zip,358027292,ea7584c4d2ebee8f1b272d0c73a84d94,application/zip,False,s3://dataverse:19369455ba7-8a002bf63c94,https://rdr.kuleuven.be/api/access/datafile/226705,NOT_DOWNLOADED
227107,US/URS41,URS41_D1.zip,1561678421,74f977e7b32a2532d531a4ff6183cdea,application/zip,False,s3://dataverse:1936994a02f-2628e2e79e48,https://rdr.kuleuven.be/api/access/datafile/227107,NOT_DOWNLOADED
227317,US/URS41,URS41_D2.zip,1227918852,2e995454785dd51367209e4bf8d6bfde,application/zip,False,s3://dataverse:193697900dc-485f3d814a48,https://rdr.kuleuven.be/api/access/datafile/227317,NOT_DOWNLOADED
227389,US/URS41,URS41_D3.zip,1163954884,2bb2b4223146ee6fdc8b8cae4ee6a1ad,application/zip,False,s3://dataverse:193699d611c-b47762650cde,https://rdr.kuleuven.be/api/access/datafile/227389,NOT_DOWNLOADED
226939,US/URS41,URS41_D4.zip,1168477852,d8677b63260406b02778e9fbe786b9e9,application/zip,False,s3://dataverse:19369795bf3-e1b7b55df82b,https://rdr.kuleuven.be/api/access/datafile/226939,NOT_DOWNLOADED
226843,US/URS41,URS41_H1.zip,399617641,0d02e99456261b1f845ef57257ac554f,application/zip,False,s3://dataverse:193696ee638-ecceb3d18533,https://rdr.kuleuven.be/api/access/datafile/226843,NOT_DOWNLOADED
227411,US/URS41,URS41_H2.zip,814769499,e8e0f604806f00620a0dec45f1dd90a9,application/zip,False,s3://dataverse:19369cd6caf-e2160f2ab585,https://rdr.kuleuven.be/api/access/datafile/227411,NOT_DOWNLOADED
227049,US/URS41,URS41_H3.zip,433949493,eb884be49d011bb1f1217ebd65a15bfa,application/zip,False,s3://dataverse:19369591b4f-6f09968ade18,https://rdr.kuleuven.be/api/access/datafile/227049,NOT_DOWNLOADED
227215,US/URS41,URS41_H4.zip,528107861,70d248d25e51d054e5bece11343f101e,application/zip,False,s3://dataverse:1936984cef1-c3a8a383a850,https://rdr.kuleuven.be/api/access/datafile/227215,NOT_DOWNLOADED
227026,US/URS41,URS41_R1.zip,1109370276,5fc1673b90230da2d050119d556ae441,application/zip,False,s3://dataverse:1936995b284-ae6c28e3e9ce,https://rdr.kuleuven.be/api/access/datafile/227026,NOT_DOWNLOADED
227371,US/URS41,URS41_R2.zip,960969167,c736098692e9ea3dba564296b15b7ac4,application/zip,False,s3://dataverse:19369bfe973-502984e7c20d,https://rdr.kuleuven.be/api/access/datafile/227371,NOT_DOWNLOADED
227214,US/URS41,URS41_R3.zip,925137875,6df9f57eb89bff37cd20c980bf026b57,application/zip,False,s3://dataverse:19369c4ac93-3e1bf2f0b098,https://rdr.kuleuven.be/api/access/datafile/227214,NOT_DOWNLOADED
226726,CT/URS41,URS41stl.zip,16029349,4f60f3816c29fbbba8d5405f10bd74e7,application/zip,False,s3://dataverse:1936942b958-0f9e564e1bce,https://rdr.kuleuven.be/api/access/datafile/226726,NOT_DOWNLOADED
226683,CT/URS42,URS42_CT_raw.zip,373634553,bffc20504425cec49188685f6dfa2e63,application/zip,False,s3://dataverse:1936943921e-f2581d588892,https://rdr.kuleuven.be/api/access/datafile/226683,NOT_DOWNLOADED
227117,US/URS42,URS42_D1.zip,2038669689,9cba1b5f6269ff82bcf333afb46770de,application/zip,False,s3://dataverse:1936957b44d-f0c981ecd969,https://rdr.kuleuven.be/api/access/datafile/227117,NOT_DOWNLOADED
227208,US/URS42,URS42_D2.zip,1168591237,6022cf15cf86f606c679c1f266c4b9f2,application/zip,False,s3://dataverse:19369504efa-5e41f31ace14,https://rdr.kuleuven.be/api/access/datafile/227208,NOT_DOWNLOADED
226813,US/URS42,URS42_D3.zip,2868016879,a9dcd8b45dcea1c3e519777e367d88a7,application/zip,False,s3://dataverse:193695b1ec2-c8e3b8554a50,https://rdr.kuleuven.be/api/access/datafile/226813,NOT_DOWNLOADED
228092,US/URS42,URS42_D4.zip,2679309858,2044c4545e3de3eb7c966f6913bf30e9,application/zip,False,s3://dataverse:19378968d75-4bdf8f1f6031,https://rdr.kuleuven.be/api/access/datafile/228092,NOT_DOWNLOADED
227216,US/URS42,URS42_H1.zip,726518244,f9f6267423fb5fd34d1b3d9c355ac7c9,application/zip,False,s3://dataverse:19369a399be-fe88ac2bc58e,https://rdr.kuleuven.be/api/access/datafile/227216,NOT_DOWNLOADED
227229,US/URS42,URS42_H2.zip,1282229019,37324164100f659fd39a60548ecfb8b6,application/zip,False,s3://dataverse:193697f746c-4e2275eceefd,https://rdr.kuleuven.be/api/access/datafile/227229,NOT_DOWNLOADED
227023,US/URS42,URS42_H3.zip,1125834397,19f346f757f435a8d453432839916828,application/zip,False,s3://dataverse:193699f1712-c84a217cec28,https://rdr.kuleuven.be/api/access/datafile/227023,NOT_DOWNLOADED
227089,US/URS42,URS42_H4.zip,792068906,bdbcffe9aa929e496fb6563657a00311,application/zip,False,s3://dataverse:19369a339a4-737625581bcb,https://rdr.kuleuven.be/api/access/datafile/227089,NOT_DOWNLOADED
227297,US/URS42,URS42_R1.zip,1344243412,7aff5f4f5e91596a6c70cb0d639a5ffa,application/zip,False,s3://dataverse:193699d97bf-359ff7de131a,https://rdr.kuleuven.be/api/access/datafile/227297,NOT_DOWNLOADED
226925,US/URS42,URS42_R2.zip,1297074278,badc77e75ec7ae7eef4387925d5dfdca,application/zip,False,s3://dataverse:193696e2b64-e7d554769d7e,https://rdr.kuleuven.be/api/access/datafile/226925,NOT_DOWNLOADED
227329,US/URS42,URS42_R3.zip,1245455427,499759da6faca79f9243f43d922690ff,application/zip,False,s3://dataverse:193698ef6ca-89ca8861a67d,https://rdr.kuleuven.be/api/access/datafile/227329,NOT_DOWNLOADED
226765,CT/URS42,URS42stl.zip,15087169,d1b7fdac0ac538d36be34d5253be5dee,application/zip,False,s3://dataverse:1936946b1fd-12a1618d4c34,https://rdr.kuleuven.be/api/access/datafile/226765,NOT_DOWNLOADED
226719,CT/URS43,URS43_CT_raw.zip,359037668,5d97e63ca79c6890c43e224ce8fe3e06,application/zip,False,s3://dataverse:19369448618-0c9294a84ca8,https://rdr.kuleuven.be/api/access/datafile/226719,NOT_DOWNLOADED
227213,US/URS43,URS43_D1.zip,1497486847,6a1c37ede814eae7cd7e737096dfaa8f,application/zip,False,s3://dataverse:19369687d1c-81aa0f5402c6,https://rdr.kuleuven.be/api/access/datafile/227213,NOT_DOWNLOADED
227409,US/URS43,URS43_D2.zip,1939052477,eb3b9cc735a53679ee200c6fe9d8f984,application/zip,False,s3://dataverse:1936956cc54-70517c1d4906,https://rdr.kuleuven.be/api/access/datafile/227409,NOT_DOWNLOADED
226972,US/URS43,URS43_D3.zip,1545485535,d4d2f351eb22f46b9dd38d45d706f6ef,application/zip,False,s3://dataverse:19369594494-aa9f7c706937,https://rdr.kuleuven.be/api/access/datafile/226972,NOT_DOWNLOADED
227399,US/URS43,URS43_H1.zip,684305744,7cf764435e147c38c7c2c3cae5d20db9,application/zip,False,s3://dataverse:19369cdce8b-0c2f5d99f24f,https://rdr.kuleuven.be/api/access/datafile/227399,NOT_DOWNLOADED
226866,US/URS43,URS43_H2.zip,1150097350,61b23cf563d11776b78c97d6be385c66,application/zip,False,s3://dataverse:19369ce19a3-47f6bc8dfdb4,https://rdr.kuleuven.be/api/access/datafile/226866,NOT_DOWNLOADED
228091,US/URS43,URS43_H3.zip,1108885607,fe3cae6c50a190fdf4efc41be72767de,application/zip,False,s3://dataverse:1937897050a-8f9b5dbdef6a,https://rdr.kuleuven.be/api/access/datafile/228091,NOT_DOWNLOADED
227143,US/URS43,URS43_H4.zip,692435598,74c02c3499331109c89724a502a2ea92,application/zip,False,s3://dataverse:19369ca6632-791db7fd75c6,https://rdr.kuleuven.be/api/access/datafile/227143,NOT_DOWNLOADED
226816,US/URS43,URS43_M1.zip,341026866,63bb02b663ac5977071a3127fcae609b,application/zip,False,s3://dataverse:19369872efd-33a32651a3c5,https://rdr.kuleuven.be/api/access/datafile/226816,NOT_DOWNLOADED
227332,US/URS43,URS43_R1.zip,549356280,52b3471036549df46d359eeb061a4fea,application/zip,False,s3://dataverse:19369817fdd-2937731703dd,https://rdr.kuleuven.be/api/access/datafile/227332,NOT_DOWNLOADED
227288,US/URS43,URS43_R2.zip,1060431336,12f5be57a3c23daf492a628efe072eac,application/zip,False,s3://dataverse:193698b5ede-d13a9ed6cf2b,https://rdr.kuleuven.be/api/access/datafile/227288,NOT_DOWNLOADED
227344,US/URS43,URS43_R3.zip,1114401695,ac7c19af15af40677cad14a1f756c253,application/zip,False,s3://dataverse:19369be8e9e-911ea545f162,https://rdr.kuleuven.be/api/access/datafile/227344,NOT_DOWNLOADED
226695,CT/URS43,URS43stl.zip,13140110,699f0fd441ec8737b6673d470b0da2aa,application/zip,False,s3://dataverse:1936941e46e-5ef73ecabed1,https://rdr.kuleuven.be/api/access/datafile/226695,NOT_DOWNLOADED
226735,CT/URS44,URS44_CT_raw.zip,391604541,5e62d0892b24900a92eb4532ceaf5adb,application/zip,False,s3://dataverse:19369424709-b15f7626adb6,https://rdr.kuleuven.be/api/access/datafile/226735,NOT_DOWNLOADED
227037,US/URS44,URS44_D1.zip,1603839289,4e03ca58d24cb21dd600eda193ed6f88,application/zip,False,s3://dataverse:19369c01b8d-6cde374fd942,https://rdr.kuleuven.be/api/access/datafile/227037,NOT_DOWNLOADED
226895,US/URS44,URS44_D2.zip,2120889749,479afc3918f6cdd58e123fcc1c5a4cc5,application/zip,False,s3://dataverse:19369cb2d48-a5d4e04c2761,https://rdr.kuleuven.be/api/access/datafile/226895,NOT_DOWNLOADED
227393,US/URS44,URS44_D3.zip,2514299450,1750d5726518379cc0aa95df75bd2873,application/zip,False,s3://dataverse:19369a4c965-125fe022f659,https://rdr.kuleuven.be/api/access/datafile/227393,NOT_DOWNLOADED
227011,US/URS44,URS44_D4.zip,2890436666,9253506001b66ae2d79bfc98479ef3b9,application/zip,False,s3://dataverse:1936999bb40-800913e9d1d7,https://rdr.kuleuven.be/api/access/datafile/227011,NOT_DOWNLOADED
226941,US/URS44,URS44_H1.zip,778606495,af8de971f33245f4d8b2000fdf9291a7,application/zip,False,s3://dataverse:1936961b652-908953ead3c4,https://rdr.kuleuven.be/api/access/datafile/226941,NOT_DOWNLOADED
227006,US/URS44,URS44_H2.zip,1550023829,9f774f3b51b558c3d75b18cdc2c91933,application/zip,False,s3://dataverse:19369a92ffd-5f3c20e1b2d0,https://rdr.kuleuven.be/api/access/datafile/227006,NOT_DOWNLOADED
227054,US/URS44,URS44_H3.zip,988197613,0b881a9b4d38793931550a691f749891,application/zip,False,s3://dataverse:19369902e01-a4b7fba00f67,https://rdr.kuleuven.be/api/access/datafile/227054,NOT_DOWNLOADED
226993,US/URS44,URS44_H4.zip,898328427,6e1c2471b9fcf151a49296ccbc412247,application/zip,False,s3://dataverse:19369976c03-74a9cbd4733f,https://rdr.kuleuven.be/api/access/datafile/226993,NOT_DOWNLOADED
226904,US/URS44,URS44_M1.zip,380545655,72366e185f466cbf71fc50ab7ca25368,application/zip,False,s3://dataverse:193699aba7d-1febc116f285,https://rdr.kuleuven.be/api/access/datafile/226904,NOT_DOWNLOADED
227124,US/URS44,URS44_R1.zip,1364074057,6f5381faa0cf4ced72de8cd2ec598d4d,application/zip,False,s3://dataverse:19369a8ef23-5fbe1050cd01,https://rdr.kuleuven.be/api/access/datafile/227124,NOT_DOWNLOADED
227368,US/URS44,URS44_R2.zip,1228521508,6f15525a78f5c0accb6e78b149965f55,application/zip,False,s3://dataverse:19369924b37-de48d10dd65e,https://rdr.kuleuven.be/api/access/datafile/227368,NOT_DOWNLOADED
227103,US/URS44,URS44_R3.zip,1215388428,fd29e0c01a830d686a3c69fa4064e57c,application/zip,False,s3://dataverse:19369c2f8a4-df22e7fcf7b1,https://rdr.kuleuven.be/api/access/datafile/227103,NOT_DOWNLOADED
226730,CT/URS44,URS44stl.zip,17058547,a2bb7e660b824133512fc06fea9e8f1d,application/zip,False,s3://dataverse:19369414d1f-ec044be4fb4d,https://rdr.kuleuven.be/api/access/datafile/226730,NOT_DOWNLOADED
226791,CT/URS45,URS45_CT_raw.zip,393670747,8843032dc1696035dd4b757128a3f1a8,application/zip,False,s3://dataverse:1936944e5a5-0ebc4312e52e,https://rdr.kuleuven.be/api/access/datafile/226791,NOT_DOWNLOADED
227236,US/URS45,URS45_H1.zip,497891158,259d54fb1145c457601f8a68537512d1,application/zip,False,s3://dataverse:19369b2522e-396d64860361,https://rdr.kuleuven.be/api/access/datafile/227236,NOT_DOWNLOADED
228078,US/US_recon,URS45_H2.zip,2420255,13b39105857e79635e467a8d165e0f35,application/zip,False,s3://dataverse:19378017e3f-3c0a7f0620aa,https://rdr.kuleuven.be/api/access/datafile/228078,NOT_DOWNLOADED
227396,US/US_labels,URS45_H2.zip,119393727,68dd8339822a7a50a1b526ff166df26c,application/zip,False,s3://dataverse:193699adbb9-c7043394296b,https://rdr.kuleuven.be/api/access/datafile/227396,NOT_DOWNLOADED
227376,US/URS45,URS45_H2.zip,1192340257,4f353695143a06d8403231e20e3bace7,application/zip,False,s3://dataverse:19369b67538-711925000211,https://rdr.kuleuven.be/api/access/datafile/227376,NOT_DOWNLOADED
226878,US/URS45,URS45_H3.zip,944267226,cb87815bf579edd7e8c80f80a8be63ba,application/zip,False,s3://dataverse:193699d2f24-d682d29046a4,https://rdr.kuleuven.be/api/access/datafile/226878,NOT_DOWNLOADED
227034,US/URS45,URS45_H4.zip,642125739,1c1fe657cd446537254a2ae6415406d8,application/zip,False,s3://dataverse:1936985f423-556ca36d2339,https://rdr.kuleuven.be/api/access/datafile/227034,NOT_DOWNLOADED
270797,US/URS45,URS45_M1.zip,300857333,567973614d5a72f7856e1dfbdad04073,application/zip,False,s3://dataverse:19889f40170-3a42210c541b,https://rdr.kuleuven.be/api/access/datafile/270797,NOT_DOWNLOADED
226984,US/URS45,URS45_R1.zip,1156960307,41957fc63b62bdad5c30a1fe9fe14270,application/zip,False,s3://dataverse:193696f542a-4eee527d33f1,https://rdr.kuleuven.be/api/access/datafile/226984,NOT_DOWNLOADED
227066,US/US_labels,URS45_R2.zip,135247178,a0f7982bdb03a1035734e7bc36ca9bbe,application/zip,False,s3://dataverse:19369918aa4-a8a5b7099bf7,https://rdr.kuleuven.be/api/access/datafile/227066,NOT_DOWNLOADED
228085,US/US_recon,URS45_R2.zip,1505773,38c150cba8c38ec52eca8ea1b5e0578e,application/zip,False,s3://dataverse:19378018750-9959422a35de,https://rdr.kuleuven.be/api/access/datafile/228085,NOT_DOWNLOADED
227150,US/URS45,URS45_R2.zip,1069516672,e192eff364fddca75b14e86b2e0cb313,application/zip,False,s3://dataverse:193697a09e2-07a1dc15273c,https://rdr.kuleuven.be/api/access/datafile/227150,NOT_DOWNLOADED
226927,US/URS45,URS45_R3.zip,1077992096,84bf4770105f71eea54d5c1fd0598105,application/zip,False,s3://dataverse:19369c10149-06c3f63d37db,https://rdr.kuleuven.be/api/access/datafile/226927,NOT_DOWNLOADED
226682,CT/URS45,URS45stl.zip,15756324,e92d09ca9b39ce3814af6157c62df4ca,application/zip,False,s3://dataverse:193694808af-dfdbcc366d3f,https://rdr.kuleuven.be/api/access/datafile/226682,NOT_DOWNLOADED
226736,CT/URS46,URS46_CT_raw.zip,413568032,d52898e75ecd7e8281d55a9005fd80b8,application/zip,False,s3://dataverse:193694302a9-cb6cdb19ab4c,https://rdr.kuleuven.be/api/access/datafile/226736,NOT_DOWNLOADED
227323,US/URS46,URS46_D1.zip,1736160479,d89ecc51633d45589183f810f0373843,application/zip,False,s3://dataverse:1936970e2d3-8efb64d85249,https://rdr.kuleuven.be/api/access/datafile/227323,NOT_DOWNLOADED
226838,US/URS46,URS46_D2.zip,2266913018,db38c433a3ea1e16d43c4a0100d7c32e,application/zip,False,s3://dataverse:19369a629dc-a41111d8fbbd,https://rdr.kuleuven.be/api/access/datafile/226838,NOT_DOWNLOADED
226856,US/URS46,URS46_D3.zip,1711277206,e25e4b0aaecfdeb7795a3d0ec0ca8385,application/zip,False,s3://dataverse:193697796f9-596f3d33b18a,https://rdr.kuleuven.be/api/access/datafile/226856,NOT_DOWNLOADED
227097,US/URS46,URS46_D4.zip,3267664514,d9f1dea7800cd4c668841e74ebe33d40,application/zip,False,s3://dataverse:193697cb991-b5b9b59d8aff,https://rdr.kuleuven.be/api/access/datafile/227097,NOT_DOWNLOADED
227110,US/URS46,URS46_H1.zip,641497696,8bce44148e3601861b4d68c80a8a4dbb,application/zip,False,s3://dataverse:19369a0bfb0-a66effdd6302,https://rdr.kuleuven.be/api/access/datafile/227110,NOT_DOWNLOADED
226921,US/URS46,URS46_H2.zip,1122987264,406736b71fe8399ccd8788e3b3a2c85c,application/zip,False,s3://dataverse:193694ff51e-978507f70799,https://rdr.kuleuven.be/api/access/datafile/226921,NOT_DOWNLOADED
227156,US/URS46,URS46_H3.zip,1105706741,59b9e5aec8b0621a2b040775328d08dd,application/zip,False,s3://dataverse:193697fd623-073a91f5dae8,https://rdr.kuleuven.be/api/access/datafile/227156,NOT_DOWNLOADED
227260,US/URS46,URS46_H4.zip,651453336,1c7711191f2a3d117d3eae11f3a6597f,application/zip,False,s3://dataverse:193698c158b-28ed0889d179,https://rdr.kuleuven.be/api/access/datafile/227260,NOT_DOWNLOADED
227267,US/URS46,URS46_M1.zip,394023800,0785d3d70c31883b2339ebf8e2d3e823,application/zip,False,s3://dataverse:19369649b73-f94052ec1531,https://rdr.kuleuven.be/api/access/datafile/227267,NOT_DOWNLOADED
227375,US/URS46,URS46_R1.zip,1524510182,0f672cc64a4b19ffa81a0847e049b3f1,application/zip,False,s3://dataverse:19369b30b24-15831510d82e,https://rdr.kuleuven.be/api/access/datafile/227375,NOT_DOWNLOADED
227417,US/URS46,URS46_R2.zip,1299648390,ad6cbf78b3b17fd63d4c28d19ccbb0ce,application/zip,False,s3://dataverse:19369ab8690-3d7218da7dd9,https://rdr.kuleuven.be/api/access/datafile/227417,NOT_DOWNLOADED
226932,US/URS46,URS46_R3.zip,1335290038,833c017f48cfc312fc3e0138325cb079,application/zip,False,s3://dataverse:19369692814-20457543a9fa,https://rdr.kuleuven.be/api/access/datafile/226932,NOT_DOWNLOADED
226712,CT/URS46,URS46stl.zip,15857654,4d7f15c8c5f141d113ded2b739ab18a2,application/zip,False,s3://dataverse:19369471b38-9f812e9b1071,https://rdr.kuleuven.be/api/access/datafile/226712,NOT_DOWNLOADED
226680,CT/URS47,URS47_CT_raw.zip,365515606,88aa1e71cee0a771c29901e939e04ead,application/zip,False,s3://dataverse:1936941b7a6-4ab43e9787ba,https://rdr.kuleuven.be/api/access/datafile/226680,NOT_DOWNLOADED
227293,US/URS47,URS47_D1.zip,841134799,fb125e085fc869276fbb62a9d9cad38e,application/zip,False,s3://dataverse:193698381ac-273284022400,https://rdr.kuleuven.be/api/access/datafile/227293,NOT_DOWNLOADED
227314,US/URS47,URS47_D2.zip,1039265644,d2992d9fcf0cea9612eada8a5976303d,application/zip,False,s3://dataverse:19369cbe144-3d6e25e9e5f1,https://rdr.kuleuven.be/api/access/datafile/227314,NOT_DOWNLOADED
226956,US/URS47,URS47_D3.zip,1017859049,6a8c73221802c0d0593d70f0bc90895c,application/zip,False,s3://dataverse:19369c2c1c2-94d20b8fef46,https://rdr.kuleuven.be/api/access/datafile/226956,NOT_DOWNLOADED
227130,US/URS47,URS47_D4.zip,1428330798,f2b91fefa935083084b03f7dabfaa089,application/zip,False,s3://dataverse:1936998947f-c9e53540c2c6,https://rdr.kuleuven.be/api/access/datafile/227130,NOT_DOWNLOADED
226891,US/URS47,URS47_H1.zip,685066101,9ed1ad2f0541ba53f962667654d2a5d7,application/zip,False,s3://dataverse:19369894eaf-3e39986d36f7,https://rdr.kuleuven.be/api/access/datafile/226891,NOT_DOWNLOADED
227227,US/URS47,URS47_H2.zip,1338424550,f1c2ec6f7ae93577d5b25d28c9c604ba,application/zip,False,s3://dataverse:1936980557b-90ae6d1b6f10,https://rdr.kuleuven.be/api/access/datafile/227227,NOT_DOWNLOADED
227240,US/URS47,URS47_H3.zip,1058626416,fcec188416db3aea82a0ca81047fde7a,application/zip,False,s3://dataverse:19369533ed3-c059c4d2a5b2,https://rdr.kuleuven.be/api/access/datafile/227240,NOT_DOWNLOADED
227048,US/URS47,URS47_H4.zip,643007618,38a536aa51207a979d8d9378e4fa8c80,application/zip,False,s3://dataverse:19369ce520f-34fd3a7a3b47,https://rdr.kuleuven.be/api/access/datafile/227048,NOT_DOWNLOADED
226919,US/URS47,URS47_R1.zip,707171924,6ae6cfd223aa8b4f20c4292c6ed26685,application/zip,False,s3://dataverse:1936986c5e3-9ad4e12f1701,https://rdr.kuleuven.be/api/access/datafile/226919,NOT_DOWNLOADED
227158,US/URS47,URS47_R2.zip,625827640,a31945bfd47818147a387c3837538287,application/zip,False,s3://dataverse:19369b72c31-ce8718035fe2,https://rdr.kuleuven.be/api/access/datafile/227158,NOT_DOWNLOADED
227395,US/URS47,URS47_R3.zip,484516073,ceaeded6bd5b4d6ed744bae11ab573bb,application/zip,False,s3://dataverse:19369b2b4cb-c519cb8bac76,https://rdr.kuleuven.be/api/access/datafile/227395,NOT_DOWNLOADED
226707,CT/URS47,URS47stl.zip,14209859,8559cc05fe131061e26ee59e19e3c91c,application/zip,False,s3://dataverse:1936944700d-b94d1bd8a9dd,https://rdr.kuleuven.be/api/access/datafile/226707,NOT_DOWNLOADED
226799,CT/URS48,URS48_CT_raw.zip,376234695,76eb314d1e0439ac29de40263c2e107c,application/zip,False,s3://dataverse:193694546db-1e24f770a508,https://rdr.kuleuven.be/api/access/datafile/226799,NOT_DOWNLOADED
227367,US/URS48,URS48_D1.zip,753216489,9ecbfb0a7f98ae94a49f7e414d894443,application/zip,False,s3://dataverse:19369c61c3a-32bac2f50cf0,https://rdr.kuleuven.be/api/access/datafile/227367,NOT_DOWNLOADED
227149,US/URS48,URS48_D2.zip,956246318,842f57a253f4e27e652fc8ea7b946bf0,application/zip,False,s3://dataverse:1936953f481-11393e028023,https://rdr.kuleuven.be/api/access/datafile/227149,NOT_DOWNLOADED
227410,US/URS48,URS48_D3.zip,1830320734,d635ff65a7d7baa2c00fe306b9ee8572,application/zip,False,s3://dataverse:19369931419-2e68e8611f23,https://rdr.kuleuven.be/api/access/datafile/227410,NOT_DOWNLOADED
226997,US/URS48,URS48_D4.zip,1299058802,cb745a92cf7a44ced2890179dcfaf971,application/zip,False,s3://dataverse:193696a7413-f861d396d98e,https://rdr.kuleuven.be/api/access/datafile/226997,NOT_DOWNLOADED
227324,US/URS48,URS48_H1.zip,603808877,d3b1703d2082789a2836d82f5d9293f0,application/zip,False,s3://dataverse:1936990a673-7b8ec395636a,https://rdr.kuleuven.be/api/access/datafile/227324,NOT_DOWNLOADED
227051,US/URS48,URS48_H2.zip,969984259,66389d3936d4cc12bc13b703fc7da311,application/zip,False,s3://dataverse:193699edc6e-7ea444a2cc2a,https://rdr.kuleuven.be/api/access/datafile/227051,NOT_DOWNLOADED
227309,US/URS48,URS48_H3.zip,605769346,8e76c960ef7b55c2c4115d3b702ad314,application/zip,False,s3://dataverse:1936969a54d-c6cef196812a,https://rdr.kuleuven.be/api/access/datafile/227309,NOT_DOWNLOADED
227264,US/URS48,URS48_H4.zip,1126011699,ecbda9206d15d945c8e9f44a9b76c532,application/zip,False,s3://dataverse:19369caf675-39363d4049c6,https://rdr.kuleuven.be/api/access/datafile/227264,NOT_DOWNLOADED
227405,US/URS48,URS48_R1.zip,622281296,f72ae44a8ee3e186111fade97ac20bf8,application/zip,False,s3://dataverse:1936962b66e-8db64ddb67d6,https://rdr.kuleuven.be/api/access/datafile/227405,NOT_DOWNLOADED
226859,US/URS48,URS48_R2.zip,602127744,82e5020fbf032b63b94d545535ad1ffb,application/zip,False,s3://dataverse:19369ad8e90-8e7f8d25e4a5,https://rdr.kuleuven.be/api/access/datafile/226859,NOT_DOWNLOADED
227036,US/URS48,URS48_R3.zip,605178799,1d50b9e491f46e20f78fc616a38991a1,application/zip,False,s3://dataverse:19369b83f71-5bada7ff92de,https://rdr.kuleuven.be/api/access/datafile/227036,NOT_DOWNLOADED
226785,CT/URS48,URS48stl.zip,15267735,cc394043f721ebc72bc2d162ac66ab3c,application/zip,False,s3://dataverse:1936946988e-a51a041c89a2,https://rdr.kuleuven.be/api/access/datafile/226785,NOT_DOWNLOADED
226781,CT/URS49,URS49_CT_raw.zip,387431130,80aafcd953107d556dc1cdbc9a242690,application/zip,False,s3://dataverse:193694128f6-fc4cdfbdde1a,https://rdr.kuleuven.be/api/access/datafile/226781,NOT_DOWNLOADED
227244,US/URS49,URS49_D1.zip,1502967505,b219a1bf68a9e77d26f45f2d5be03c95,application/zip,False,s3://dataverse:193696d176c-97e7cfe96ee4,https://rdr.kuleuven.be/api/access/datafile/227244,NOT_DOWNLOADED
227061,US/URS49,URS49_D2.zip,1880641527,85a61972a9d79a4321d2788f137d6466,application/zip,False,s3://dataverse:1936961649c-8730aaee6ae1,https://rdr.kuleuven.be/api/access/datafile/227061,NOT_DOWNLOADED
227010,US/URS49,URS49_D3.zip,3184639299,70edcffe0f66ae6957c2e814303b339e,application/zip,False,s3://dataverse:193697be84d-35eefd1280f9,https://rdr.kuleuven.be/api/access/datafile/227010,NOT_DOWNLOADED
227108,US/URS49,URS49_H1.zip,500409184,9fa12a8e233b71ab88869a05435d8365,application/zip,False,s3://dataverse:19369793f65-3c0823fea447,https://rdr.kuleuven.be/api/access/datafile/227108,NOT_DOWNLOADED
227337,US/URS49,URS49_H2.zip,1129041007,6736cbcfd2f9c4140886a31723cf5b82,application/zip,False,s3://dataverse:19369af7dbe-86cc1689d9bc,https://rdr.kuleuven.be/api/access/datafile/227337,NOT_DOWNLOADED
227169,US/URS49,URS49_H3.zip,1224577300,9dd5078e6429c7d454d9bc970419f448,application/zip,False,s3://dataverse:19369825950-c445a327e261,https://rdr.kuleuven.be/api/access/datafile/227169,NOT_DOWNLOADED
227044,US/URS49,URS49_H4.zip,636133415,5b8205f28f91ec09acd0839c640a509c,application/zip,False,s3://dataverse:19369991bbe-7cc7d5361a6b,https://rdr.kuleuven.be/api/access/datafile/227044,NOT_DOWNLOADED
227114,US/URS49,URS49_R1.zip,1249229392,39affec2a9b7802cca112c8c3c2c8a07,application/zip,False,s3://dataverse:19369716561-189fb40e6e82,https://rdr.kuleuven.be/api/access/datafile/227114,NOT_DOWNLOADED
227373,US/URS49,URS49_R2.zip,1137134510,609301bd35647dda2cb89959954519ce,application/zip,False,s3://dataverse:19369c88b44-cb089c5d5ac5,https://rdr.kuleuven.be/api/access/datafile/227373,NOT_DOWNLOADED
226967,US/URS49,URS49_R3.zip,1106488847,9672fe9884b621255701250bf2f42d20,application/zip,False,s3://dataverse:193697f3090-31ab23368f23,https://rdr.kuleuven.be/api/access/datafile/226967,NOT_DOWNLOADED
226744,CT/URS49,URS49stl.zip,17141717,dab7c440abe6d8b1317fc08ceea73820,application/zip,False,s3://dataverse:19369483e32-2cd4492b92ca,https://rdr.kuleuven.be/api/access/datafile/226744,NOT_DOWNLOADED
267899,CT/URS50,URS50_CT_raw.zip,362915324,25377f4c88f4966cfc225a52009a8a71,application/zip,False,s3://dataverse:197c560fef5-26bbac190e6c,https://rdr.kuleuven.be/api/access/datafile/267899,NOT_DOWNLOADED
227067,US/URS50,URS50_D1.zip,1310036469,458aba48963b0028b5e1d82cffc94d85,application/zip,False,s3://dataverse:1936992a201-6653f5ee386f,https://rdr.kuleuven.be/api/access/datafile/227067,NOT_DOWNLOADED
227032,US/URS50,URS50_D2.zip,1649955289,384cd5069a43d81061beb82f2d929a26,application/zip,False,s3://dataverse:1936991f5d0-7460440a21a7,https://rdr.kuleuven.be/api/access/datafile/227032,NOT_DOWNLOADED
226949,US/URS50,URS50_D3.zip,2200460021,41bf71ea4575a589c8bf4efb0cfa26b8,application/zip,False,s3://dataverse:193699e81d1-4a8a7e1e79dc,https://rdr.kuleuven.be/api/access/datafile/226949,NOT_DOWNLOADED
227203,US/URS50,URS50_H1.zip,654383679,380f4ad9acb84a3c9377b4a9e5c3d61d,application/zip,False,s3://dataverse:19369c9385b-ea7709716de0,https://rdr.kuleuven.be/api/access/datafile/227203,NOT_DOWNLOADED
227092,US/URS50,URS50_H2.zip,883732139,622697a5020f5ac43016ac3a0a032767,application/zip,False,s3://dataverse:19369c7ff39-f2b2afa93e9d,https://rdr.kuleuven.be/api/access/datafile/227092,NOT_DOWNLOADED
227003,US/URS50,URS50_H3.zip,1145116487,4aee888e477b172a5b66744d18413d8a,application/zip,False,s3://dataverse:1936967c21f-36c88f5aed76,https://rdr.kuleuven.be/api/access/datafile/227003,NOT_DOWNLOADED
226930,US/URS50,URS50_H4.zip,752164781,4e5f9605b24ef7ee7f1b3430373c0781,application/zip,False,s3://dataverse:193699f4dd0-ae093cafe19a,https://rdr.kuleuven.be/api/access/datafile/226930,NOT_DOWNLOADED
226807,US/URS50,URS50_R1.zip,566116041,6b0f92ce615d22481b456f601746c97a,application/zip,False,s3://dataverse:19369857ab8-f5eaad3051a4,https://rdr.kuleuven.be/api/access/datafile/226807,NOT_DOWNLOADED
226923,US/URS50,URS50_R2.zip,1012760334,fce3037f7ab6087bc16e27e0b5469b87,application/zip,False,s3://dataverse:19369662b7a-032e15608fed,https://rdr.kuleuven.be/api/access/datafile/226923,NOT_DOWNLOADED
227202,US/URS50,URS50_R3.zip,1003303799,3daea14a6ed4987bf3795960705d3c79,application/zip,False,s3://dataverse:19369a03d14-33ab65cd66cc,https://rdr.kuleuven.be/api/access/datafile/227202,NOT_DOWNLOADED
226723,CT/URS50,URS50stl.zip,13066656,7ef186901d47445176874db94fedfec6,application/zip,False,s3://dataverse:19369450730-b4dc080e899a,https://rdr.kuleuven.be/api/access/datafile/226723,NOT_DOWNLOADED
226777,CT/URS51,URS51_CT_raw.zip,387559192,edf66174b5143b042b5ae6a879ecc043,application/zip,False,s3://dataverse:1936944991d-94ff382056a8,https://rdr.kuleuven.be/api/access/datafile/226777,NOT_DOWNLOADED
227004,US/URS51,URS51_D1.zip,1661184267,3e3a0fc38d9994fb1a89262085e41609,application/zip,False,s3://dataverse:19369b0bf6c-29b53334ddd8,https://rdr.kuleuven.be/api/access/datafile/227004,NOT_DOWNLOADED
228084,US/US_recon,URS51_D2.zip,3004398,80271aba62bf5a74b424073340a94b7a,application/zip,False,s3://dataverse:19378018879-dcef658fcde2,https://rdr.kuleuven.be/api/access/datafile/228084,NOT_DOWNLOADED
226893,US/US_labels,URS51_D2.zip,119884742,690433043496ef5d401ed73f1a993781,application/zip,False,s3://dataverse:19369a74a74-3c3951fb74b0,https://rdr.kuleuven.be/api/access/datafile/226893,NOT_DOWNLOADED
227353,US/URS51,URS51_D2.zip,1650150032,e643d39d90861351f088af81ddd51af9,application/zip,False,s3://dataverse:19369a52ba4-e455008af15b,https://rdr.kuleuven.be/api/access/datafile/227353,NOT_DOWNLOADED
227249,US/URS51,URS51_D3.zip,2052297880,80d0c6125e2da1a68e32795028272324,application/zip,False,s3://dataverse:193699837af-c5b064d043bb,https://rdr.kuleuven.be/api/access/datafile/227249,NOT_DOWNLOADED
227157,US/URS51,URS51_D4.zip,2984562321,a3b64439b32d53f04dc594b504c4f781,application/zip,False,s3://dataverse:19369bbd869-fa8148eeb404,https://rdr.kuleuven.be/api/access/datafile/227157,NOT_DOWNLOADED
226819,US/URS51,URS51_H1.zip,592745593,03270924ecbf8dc62ed8fb0ab544ba4c,application/zip,False,s3://dataverse:19369ac6435-71fb5553b170,https://rdr.kuleuven.be/api/access/datafile/226819,NOT_DOWNLOADED
227315,US/URS51,URS51_H2.zip,1409863396,6ae6e0246af5e8c806c59565ac8a98a3,application/zip,False,s3://dataverse:19369cefbe6-6453db47e6a4,https://rdr.kuleuven.be/api/access/datafile/227315,NOT_DOWNLOADED
226870,US/URS51,URS51_H3.zip,1327047262,f447df87dd77009676ea47a9abdc1d02,application/zip,False,s3://dataverse:1936975ec4e-467ad5ff523a,https://rdr.kuleuven.be/api/access/datafile/226870,NOT_DOWNLOADED
226835,US/URS51,URS51_H4.zip,690140869,2f5552bdc8cd51d7472d5a251816ca64,application/zip,False,s3://dataverse:19369b225e3-43d4e23b6c50,https://rdr.kuleuven.be/api/access/datafile/226835,NOT_DOWNLOADED
270795,US/URS51,URS51_M1.zip,341825994,02cf4388cc61b0892174e2c0eaaabb7d,application/zip,False,s3://dataverse:19889f47fb2-fad5c7b8d636,https://rdr.kuleuven.be/api/access/datafile/270795,NOT_DOWNLOADED
227065,US/URS51,URS51_R1.zip,1397430646,530370430ab0642956ba4f04556d35d2,application/zip,False,s3://dataverse:1936989b5a7-7235b971a50e,https://rdr.kuleuven.be/api/access/datafile/227065,NOT_DOWNLOADED
226851,US/URS51,URS51_R2.zip,1269840034,bd1f1e9c81fcd3b7d5c7664f916cf5d6,application/zip,False,s3://dataverse:193698771c8-e135244c84d4,https://rdr.kuleuven.be/api/access/datafile/226851,NOT_DOWNLOADED
228069,US/US_recon,URS51_R2.zip,1654550,40dc3848df1a1c9fa644c89a0f723d0f,application/zip,False,s3://dataverse:19378018625-543461a78858,https://rdr.kuleuven.be/api/access/datafile/228069,NOT_DOWNLOADED
226825,US/US_labels,URS51_R2.zip,115218655,eefdbe45fa7bf56941f3a4dea29f83c9,application/zip,False,s3://dataverse:1936960ea11-f89d52380022,https://rdr.kuleuven.be/api/access/datafile/226825,NOT_DOWNLOADED
227243,US/URS51,URS51_R3.zip,1250579398,82634282427d494dfc544dc898615c66,application/zip,False,s3://dataverse:19369a7e6f7-d0c1d61884d6,https://rdr.kuleuven.be/api/access/datafile/227243,NOT_DOWNLOADED
226727,CT/URS51,URS51stl.zip,17562559,7a1d42f323c868fd5263bbcccab1b1d2,application/zip,False,s3://dataverse:19369474e5f-d8bf85935fdb,https://rdr.kuleuven.be/api/access/datafile/226727,NOT_DOWNLOADED
267902,CT/URS52,URS52_CT_raw.zip,356261354,ceb0eddb038b8f35413ac1c82e70751e,application/zip,False,s3://dataverse:197c5612c26-0f4ac1c0a3ef,https://rdr.kuleuven.be/api/access/datafile/267902,NOT_DOWNLOADED
227022,US/URS52,URS52_D1.zip,819508600,fafa159fe8bec59d712d9b7d14569d45,application/zip,False,s3://dataverse:1936967470d-63cec2408ad0,https://rdr.kuleuven.be/api/access/datafile/227022,NOT_DOWNLOADED
226885,US/URS52,URS52_D2.zip,1027703455,a6716b5e155d2f102044f70ba7996c9c,application/zip,False,s3://dataverse:19369acee69-344d22cba9f5,https://rdr.kuleuven.be/api/access/datafile/226885,NOT_DOWNLOADED
227294,US/URS52,URS52_D3.zip,1370841155,82576f8c6edd1a094ec5706e365eec91,application/zip,False,s3://dataverse:19369a070e0-718c5d6faebd,https://rdr.kuleuven.be/api/access/datafile/227294,NOT_DOWNLOADED
227300,US/URS52,URS52_H1.zip,475467455,7a42e4b0b541aa0db49f390680ee6ea6,application/zip,False,s3://dataverse:19369cbc66e-af565394dfb8,https://rdr.kuleuven.be/api/access/datafile/227300,NOT_DOWNLOADED
227194,US/URS52,URS52_H2.zip,872176342,12c0c425fc44851b4b006808c120c2b2,application/zip,False,s3://dataverse:193696c145f-abfbc8364c34,https://rdr.kuleuven.be/api/access/datafile/227194,NOT_DOWNLOADED
226965,US/URS52,URS52_H3.zip,831768767,73cd64c68fbfbf7a12a023e993a2a191,application/zip,False,s3://dataverse:1936984ef91-cfea10b30ae8,https://rdr.kuleuven.be/api/access/datafile/226965,NOT_DOWNLOADED
227020,US/URS52,URS52_H4.zip,509166672,e54102b0f01f4a4e6b835e4c0641887c,application/zip,False,s3://dataverse:1936992837c-88c2f76033a7,https://rdr.kuleuven.be/api/access/datafile/227020,NOT_DOWNLOADED
226998,US/URS52,URS52_R1.zip,842490929,6dde1e57e949e36e71f6e090371338ee,application/zip,False,s3://dataverse:19369883d73-0da15cbfdd0c,https://rdr.kuleuven.be/api/access/datafile/226998,NOT_DOWNLOADED
227094,US/URS52,URS52_R2.zip,888896251,302b918b64db5ae002875b2dac45c03c,application/zip,False,s3://dataverse:193695debe8-16e6b63c9076,https://rdr.kuleuven.be/api/access/datafile/227094,NOT_DOWNLOADED
227386,US/URS52,URS52_R3.zip,594875762,ff74d1bc2d961277caa3048d42b32a78,application/zip,False,s3://dataverse:19369acb735-0c66e3c48d5c,https://rdr.kuleuven.be/api/access/datafile/227386,NOT_DOWNLOADED
226746,CT/URS52,URS52stl.zip,14944563,81d4a2fb83aefbb6282c6aba60dc6066,application/zip,False,s3://dataverse:193694590b9-cd51cd4c5831,https://rdr.kuleuven.be/api/access/datafile/226746,NOT_DOWNLOADED
226696,CT/URS53,URS53_CT_raw.zip,368629531,fe4b7534ef6ae3d2e21e92d52933d559,application/zip,False,s3://dataverse:1936946e8e5-bf558cccce31,https://rdr.kuleuven.be/api/access/datafile/226696,NOT_DOWNLOADED
226950,US/URS53,URS53_D1.zip,1149164738,548fa55e45a40730adb9ecf104d06221,application/zip,False,s3://dataverse:1936978c781-f66309b27236,https://rdr.kuleuven.be/api/access/datafile/226950,NOT_DOWNLOADED
226911,US/URS53,URS53_D2.zip,1487431400,0a03cdff8055b8f58741ae199a9500d2,application/zip,False,s3://dataverse:193697482b0-3e3c06521790,https://rdr.kuleuven.be/api/access/datafile/226911,NOT_DOWNLOADED
227219,US/URS53,URS53_D3.zip,1499372152,190e6a6fa83802e37ce2d86615c1d40a,application/zip,False,s3://dataverse:193697ec1fb-6839430b8a88,https://rdr.kuleuven.be/api/access/datafile/227219,NOT_DOWNLOADED
226854,US/URS53,URS53_D4.zip,2130226622,360f6fc44e29cd582407b2d4013b6f18,application/zip,False,s3://dataverse:193697b4116-1c362ed15207,https://rdr.kuleuven.be/api/access/datafile/226854,NOT_DOWNLOADED
226849,US/URS53,URS53_H1.zip,507131544,3430a1c15a79ad17ea62ed39b1cc58fb,application/zip,False,s3://dataverse:193696cf9aa-0174b44e54fb,https://rdr.kuleuven.be/api/access/datafile/226849,NOT_DOWNLOADED
227361,US/URS53,URS53_H2.zip,1018616733,f50184606c23b8e59eab0f3560d3fb5b,application/zip,False,s3://dataverse:19369b11717-a2866a02afc2,https://rdr.kuleuven.be/api/access/datafile/227361,NOT_DOWNLOADED
227268,US/URS53,URS53_H3.zip,777966974,3fb3bd967208bb124dcd6fafbbf06348,application/zip,False,s3://dataverse:1936996a96e-211bb1cc6af9,https://rdr.kuleuven.be/api/access/datafile/227268,NOT_DOWNLOADED
227081,US/URS53,URS53_H4.zip,536066636,fc90bb106d69d6e9c8b176d8006331b7,application/zip,False,s3://dataverse:193697ab197-9f962de6627a,https://rdr.kuleuven.be/api/access/datafile/227081,NOT_DOWNLOADED
227140,US/URS53,URS53_M1.zip,311956468,cf35a79a001ea6e6d99897d502fee576,application/zip,False,s3://dataverse:19369a6860c-34c64301914b,https://rdr.kuleuven.be/api/access/datafile/227140,NOT_DOWNLOADED
226860,US/URS53,URS53_R1.zip,1224041038,556daee1c627caf0478e0df1632c7715,application/zip,False,s3://dataverse:19369621378-3f0e5d9451e7,https://rdr.kuleuven.be/api/access/datafile/226860,NOT_DOWNLOADED
226899,US/URS53,URS53_R2.zip,873948143,e29377b8da23d8da1cff1b31afe6fbff,application/zip,False,s3://dataverse:193698f853b-169a98260779,https://rdr.kuleuven.be/api/access/datafile/226899,NOT_DOWNLOADED
227306,US/URS53,URS53_R3.zip,760911207,7ca4ee4ef2bca95fb6db0c6c830d3fea,application/zip,False,s3://dataverse:19369bd0216-18f6e2872537,https://rdr.kuleuven.be/api/access/datafile/227306,NOT_DOWNLOADED
226700,CT/URS53,URS53stl.zip,13859994,dfc5d8b14b3b636c1e93428614025023,application/zip,False,s3://dataverse:19369478269-c9e6135d9f34,https://rdr.kuleuven.be/api/access/datafile/226700,NOT_DOWNLOADED
267895,CT/URS54,URS54_CT_raw.zip,381463119,9fdbd7279ee0003d1487fa82071ccb9a,application/zip,False,s3://dataverse:197c5614185-6693fde3f198,https://rdr.kuleuven.be/api/access/datafile/267895,NOT_DOWNLOADED
228073,US/US_recon,URS54_D1.zip,1167323,77ddf94554bbdecf4963a32f0a287131,application/zip,False,s3://dataverse:19378018d97-b04bfbe08dc2,https://rdr.kuleuven.be/api/access/datafile/228073,NOT_DOWNLOADED
226951,US/US_labels,URS54_D1.zip,92069842,42ff921ba9060deb96eb7fa16b39b3c1,application/zip,False,s3://dataverse:1936953e9db-04dd334612b5,https://rdr.kuleuven.be/api/access/datafile/226951,NOT_DOWNLOADED
227298,US/URS54,URS54_D1.zip,1246006237,db06797a3f2e189ceed07f582d355d41,application/zip,False,s3://dataverse:19369bc598f-6843c7667789,https://rdr.kuleuven.be/api/access/datafile/227298,NOT_DOWNLOADED
227141,US/URS54,URS54_D2.zip,1547553733,9d09eed1c56654a289a24c42799ffcdc,application/zip,False,s3://dataverse:193699664e3-901760520232,https://rdr.kuleuven.be/api/access/datafile/227141,NOT_DOWNLOADED
227116,US/URS54,URS54_D3.zip,866661124,17f060ecc569b5494bc1982f38d8e4db,application/zip,False,s3://dataverse:19369ced1fc-4797854a94e8,https://rdr.kuleuven.be/api/access/datafile/227116,NOT_DOWNLOADED
226966,US/URS54,URS54_D4.zip,1499525107,279ffba86045764ad0297723c0045046,application/zip,False,s3://dataverse:19369b5f4b8-e600d9e24d14,https://rdr.kuleuven.be/api/access/datafile/226966,NOT_DOWNLOADED
226834,US/URS54,URS54_H1.zip,563286241,3d8fa9ed5509620c7e2d57fb804a9b7a,application/zip,False,s3://dataverse:19369af5e6f-58851f84226f,https://rdr.kuleuven.be/api/access/datafile/226834,NOT_DOWNLOADED
227121,US/URS54,URS54_H2.zip,1072890963,e09b380048ca46e86fae7282203fdef2,application/zip,False,s3://dataverse:193699a2bdd-dd23b793f66b,https://rdr.kuleuven.be/api/access/datafile/227121,NOT_DOWNLOADED
227380,US/URS54,URS54_H3.zip,922695265,da20e79b45c525ce378845047b4e276a,application/zip,False,s3://dataverse:19369cc8df1-9392cc6b2144,https://rdr.kuleuven.be/api/access/datafile/227380,NOT_DOWNLOADED
228071,US/US_recon,URS54_H3.zip,984199,4775e259a8216319fa269a368b52ad9d,application/zip,False,s3://dataverse:19378018ec5-5e5521be0287,https://rdr.kuleuven.be/api/access/datafile/228071,NOT_DOWNLOADED
226958,US/US_labels,URS54_H3.zip,80330499,51a6894b8f0564658f9c2e9ef92bcb24,application/zip,False,s3://dataverse:193696bba4c-dec95fa62f1f,https://rdr.kuleuven.be/api/access/datafile/226958,NOT_DOWNLOADED
227328,US/URS54,URS54_H4.zip,644533970,e729502701dc2807d28dbdf42d28c202,application/zip,False,s3://dataverse:19369c1d04a-ce6180ec896d,https://rdr.kuleuven.be/api/access/datafile/227328,NOT_DOWNLOADED
226916,US/URS54,URS54_R1.zip,1016634887,1848c1c57f7ec692c5ab429c8e812e1c,application/zip,False,s3://dataverse:1936982d5d9-feeeed6c8813,https://rdr.kuleuven.be/api/access/datafile/226916,NOT_DOWNLOADED
227164,US/URS54,URS54_R2.zip,943286110,a3d16e28e91d5419e5f54ae79d6669ad,application/zip,False,s3://dataverse:19369bec68b-18d144c72972,https://rdr.kuleuven.be/api/access/datafile/227164,NOT_DOWNLOADED
227282,US/URS54,URS54_R3.zip,960110667,b4d0daa8817913e099570bb64c828596,application/zip,False,s3://dataverse:193697e821e-820109f90947,https://rdr.kuleuven.be/api/access/datafile/227282,NOT_DOWNLOADED
226759,CT/URS54,URS54stl.zip,12548424,aa15309b942cfabf255abd47a542aaaa,application/zip,False,s3://dataverse:193694466c4-7e9603c057ff,https://rdr.kuleuven.be/api/access/datafile/226759,NOT_DOWNLOADED
267900,CT/URS55,URS55_CT_raw.zip,354284380,84034c77cdc5396415f2c3824766e161,application/zip,False,s3://dataverse:197c56159fc-6647f70fea65,https://rdr.kuleuven.be/api/access/datafile/267900,NOT_DOWNLOADED
227378,US/URS55,URS55_D1.zip,796075047,37b174e9f00650efdc8b01ef8c676596,application/zip,False,s3://dataverse:19369859b46-f5bd46995782,https://rdr.kuleuven.be/api/access/datafile/227378,NOT_DOWNLOADED
227080,US/URS55,URS55_D2.zip,1017492385,a6cc6bd119c3188e364ee49cd61a49f0,application/zip,False,s3://dataverse:19369c378b9-3280c9fd374a,https://rdr.kuleuven.be/api/access/datafile/227080,NOT_DOWNLOADED
227387,US/URS55,URS55_D3.zip,1385317919,7d261f37a837b3f4bb5b549da9bbab47,application/zip,False,s3://dataverse:19369523d50-0a5801c3db82,https://rdr.kuleuven.be/api/access/datafile/227387,NOT_DOWNLOADED
227364,US/URS55,URS55_D4.zip,1814165010,917da4d37e5438031381d58361558ced,application/zip,False,s3://dataverse:19369a0e6ca-26e4d1761379,https://rdr.kuleuven.be/api/access/datafile/227364,NOT_DOWNLOADED
227179,US/URS55,URS55_H1.zip,565700324,69612da2d4c9d701cd0343da0e29d7d8,application/zip,False,s3://dataverse:19369b41a77-3e8e333572f6,https://rdr.kuleuven.be/api/access/datafile/227179,NOT_DOWNLOADED
227167,US/URS55,URS55_H2.zip,943673247,076091aebff63b0a75117a394a2a20dd,application/zip,False,s3://dataverse:19369bc9492-3abde8d98e50,https://rdr.kuleuven.be/api/access/datafile/227167,NOT_DOWNLOADED
227350,US/URS55,URS55_H3.zip,953988600,3a2dcb3c3023b7bb735f93974d3b04c7,application/zip,False,s3://dataverse:19369993fd8-ff479ecc6aa4,https://rdr.kuleuven.be/api/access/datafile/227350,NOT_DOWNLOADED
227416,US/URS55,URS55_H4.zip,634464294,2dae77c56eba381d5162ff9c9793e6ff,application/zip,False,s3://dataverse:19369cdf051-35dce05da717,https://rdr.kuleuven.be/api/access/datafile/227416,NOT_DOWNLOADED
226833,US/URS55,URS55_M1.zip,174371438,cd2eefdf3ccd1afdc8e160032541c839,application/zip,False,s3://dataverse:193698c021b-6dc54425fd25,https://rdr.kuleuven.be/api/access/datafile/226833,NOT_DOWNLOADED
227147,US/URS55,URS55_R1.zip,654267061,b48d41831d486c007b37c24125a68bb6,application/zip,False,s3://dataverse:19369befac3-c7430300a6cd,https://rdr.kuleuven.be/api/access/datafile/227147,NOT_DOWNLOADED
226831,US/URS55,URS55_R2.zip,621110766,9d602d75ddbf6d7d3fb1a315fdf115e2,application/zip,False,s3://dataverse:19369cc211f-11568b5c898f,https://rdr.kuleuven.be/api/access/datafile/226831,NOT_DOWNLOADED
226898,US/URS55,URS55_R3.zip,610421193,1f94be350185399278504cb87e8e1947,application/zip,False,s3://dataverse:19369881902-e6245e2f2adc,https://rdr.kuleuven.be/api/access/datafile/226898,NOT_DOWNLOADED
226779,CT/URS55,URS55stl.zip,15060839,652055265cdb73434895eea77a383cfd,application/zip,False,s3://dataverse:1936949c719-1d37b76dd286,https://rdr.kuleuven.be/api/access/datafile/226779,NOT_DOWNLOADED
267904,CT/URS56,URS56_CT_raw.zip,374535834,f3fe933d9c4bd89dc057ef6e4577c6d3,application/zip,False,s3://dataverse:197c5616def-27bc69fece88,https://rdr.kuleuven.be/api/access/datafile/267904,NOT_DOWNLOADED
227009,US/URS56,URS56_D1.zip,1261275527,11a1771c66c4248bbaf31fd56b35be51,application/zip,False,s3://dataverse:1936987df46-49008515705b,https://rdr.kuleuven.be/api/access/datafile/227009,NOT_DOWNLOADED
227101,US/URS56,URS56_D2.zip,1998695269,7ee6376c91d655c9d9b083db3fef2a1e,application/zip,False,s3://dataverse:193699a5eca-deb03cd4db91,https://rdr.kuleuven.be/api/access/datafile/227101,NOT_DOWNLOADED
226935,US/URS56,URS56_D3.zip,1441033834,6fffd0fef3300a3c068d32826615d534,application/zip,False,s3://dataverse:193696d6151-7da5ec61c3d1,https://rdr.kuleuven.be/api/access/datafile/226935,NOT_DOWNLOADED
227241,US/URS56,URS56_H1.zip,544748313,73a21671e63388f129b57ab25e26c0d3,application/zip,False,s3://dataverse:193695af288-338e745d17ae,https://rdr.kuleuven.be/api/access/datafile/227241,NOT_DOWNLOADED
227322,US/URS56,URS56_H2.zip,1116420287,bd8118f0ec04d731ea1c6d3f666f116f,application/zip,False,s3://dataverse:193695a03dc-59c01f4e9177,https://rdr.kuleuven.be/api/access/datafile/227322,NOT_DOWNLOADED
227200,US/URS56,URS56_H3.zip,1237332402,5ccb576fab403f9afc15c92b59741a7b,application/zip,False,s3://dataverse:1936953053c-ca2434d5dec7,https://rdr.kuleuven.be/api/access/datafile/227200,NOT_DOWNLOADED
226806,US/URS56,URS56_H4.zip,645328573,4755a0c6847e5d5a3c3cebe7491efca8,application/zip,False,s3://dataverse:1936998f2f1-19904aabed59,https://rdr.kuleuven.be/api/access/datafile/226806,NOT_DOWNLOADED
227190,US/URS56,URS56_M1.zip,302280096,dc5f83562577e81be9a9f408a275d3b0,application/zip,False,s3://dataverse:1936988a07e-0bb697ab4c52,https://rdr.kuleuven.be/api/access/datafile/227190,NOT_DOWNLOADED
227262,US/URS56,URS56_R1.zip,958505641,53fc22bb3fde3ed794ef3436aa1fca08,application/zip,False,s3://dataverse:19369ab48c6-7d77249b56ec,https://rdr.kuleuven.be/api/access/datafile/227262,NOT_DOWNLOADED
227330,US/URS56,URS56_R2.zip,912053791,3b44b23a4a06ff73a5ed2de1f35f2e62,application/zip,False,s3://dataverse:193696b0814-17272bd2ba82,https://rdr.kuleuven.be/api/access/datafile/227330,NOT_DOWNLOADED
227018,US/URS56,URS56_R3.zip,916156168,dc3df5d806eac5b3a60c0c6368e53ad4,application/zip,False,s3://dataverse:193697764c0-9b99a9b447e9,https://rdr.kuleuven.be/api/access/datafile/227018,NOT_DOWNLOADED
226722,CT/URS56,URS56stl.zip,15736193,6e85262b2adf4aae440941b3d1cd825a,application/zip,False,s3://dataverse:1936944cbab-cf1bb3bcfa1b,https://rdr.kuleuven.be/api/access/datafile/226722,NOT_DOWNLOADED
267901,CT/URS57,URS57_CT_raw.zip,394036138,d402b674e9a984c338238a051ffc4ca9,application/zip,False,s3://dataverse:197c561154c-9ed4788110b9,https://rdr.kuleuven.be/api/access/datafile/267901,NOT_DOWNLOADED
226857,US/URS57,URS57_D1.zip,1175076552,2b5b19822371111f1917a9c2481e7222,application/zip,False,s3://dataverse:193698cd886-6c42d1403d1d,https://rdr.kuleuven.be/api/access/datafile/226857,NOT_DOWNLOADED
227125,US/URS57,URS57_D2.zip,1477474779,e1d70d3998afd08058aa3fce17f0acfb,application/zip,False,s3://dataverse:1936953757e-89b4696b520c,https://rdr.kuleuven.be/api/access/datafile/227125,NOT_DOWNLOADED
228088,US/URS57,URS57_D3.zip,2919532088,a3a9624d2172d16cab12291645235fca,application/zip,False,s3://dataverse:19378958b55-679730fa1949,https://rdr.kuleuven.be/api/access/datafile/228088,NOT_DOWNLOADED
227224,US/URS57,URS57_D4.zip,2093040194,4c2d3a0b2a8a93b9ad82170b84ca67d5,application/zip,False,s3://dataverse:19369ca9509-044b1841d451,https://rdr.kuleuven.be/api/access/datafile/227224,NOT_DOWNLOADED
227212,US/URS57,URS57_H1.zip,621324183,b968b367262954d82366781a8dc771fc,application/zip,False,s3://dataverse:19369a5d0a9-f80a5b26a602,https://rdr.kuleuven.be/api/access/datafile/227212,NOT_DOWNLOADED
227263,US/URS57,URS57_H2.zip,1544434485,73ebcda933b7876c407b8753b1109eee,application/zip,False,s3://dataverse:19369ae0985-7f4d0ff6690e,https://rdr.kuleuven.be/api/access/datafile/227263,NOT_DOWNLOADED
227370,US/URS57,URS57_H3.zip,1299529823,710e98fd2181de60cabdfba79f1fc107,application/zip,False,s3://dataverse:1936954be93-5651e424c75a,https://rdr.kuleuven.be/api/access/datafile/227370,NOT_DOWNLOADED
226880,US/URS57,URS57_H4.zip,560511222,d250fdc14077adaf6e84930ba77862e9,application/zip,False,s3://dataverse:1936996d7d4-79a22999cf70,https://rdr.kuleuven.be/api/access/datafile/226880,NOT_DOWNLOADED
227134,US/URS57,URS57_M1.zip,232080638,d102a871d9cdddbd9eff5fd8ab57e655,application/zip,False,s3://dataverse:1936990ce22-00672b3acc34,https://rdr.kuleuven.be/api/access/datafile/227134,NOT_DOWNLOADED
227166,US/URS57,URS57_R1.zip,893396743,4bd0e2fbb42239365ffd64e2f14523bd,application/zip,False,s3://dataverse:19369c6ab34-c720933a616f,https://rdr.kuleuven.be/api/access/datafile/227166,NOT_DOWNLOADED
227153,US/URS57,URS57_R2.zip,952611534,65e6e533fe5afc240a902240b58fe477,application/zip,False,s3://dataverse:1936977f259-68327a081feb,https://rdr.kuleuven.be/api/access/datafile/227153,NOT_DOWNLOADED
226926,US/URS57,URS57_R3.zip,899591159,5aa16b585b82dec3bed906b6f4c1f2fb,application/zip,False,s3://dataverse:193698683d5-08dac6cf4fd3,https://rdr.kuleuven.be/api/access/datafile/226926,NOT_DOWNLOADED
226774,CT/URS57,URS57stl.zip,17332817,7f63507f9b45db16f18f581ffc6c60d3,application/zip,False,s3://dataverse:1936947783c-8ae854fcbf8b,https://rdr.kuleuven.be/api/access/datafile/226774,NOT_DOWNLOADED
226681,CT/URS58,URS58_CT_raw.zip,400103701,91016bfa97e53958c6a869e63de6f47d,application/zip,False,s3://dataverse:193694a3076-f2f9d4f565d9,https://rdr.kuleuven.be/api/access/datafile/226681,NOT_DOWNLOADED
227356,US/URS58,URS58_D1.zip,1183006786,d43fe4e2c9e29142ff7120d46921c24c,application/zip,False,s3://dataverse:19369aae405-22a87f11cd55,https://rdr.kuleuven.be/api/access/datafile/227356,NOT_DOWNLOADED
227406,US/URS58,URS58_D2.zip,1520907368,66f0fe48b958a60a5485dba314410844,application/zip,False,s3://dataverse:19369645948-6bfbec92b997,https://rdr.kuleuven.be/api/access/datafile/227406,NOT_DOWNLOADED
227281,US/URS58,URS58_D3.zip,2884427003,6fa102896b9ea6c48a7eea09fb541fd8,application/zip,False,s3://dataverse:1936976928f-139065017410,https://rdr.kuleuven.be/api/access/datafile/227281,NOT_DOWNLOADED
226909,US/URS58,URS58_D4.zip,2077823465,752e5310f57db9000939bd59b1d0325d,application/zip,False,s3://dataverse:19369ad34ee-83b78baeb9ce,https://rdr.kuleuven.be/api/access/datafile/226909,NOT_DOWNLOADED
226881,US/URS58,URS58_H1.zip,620008299,e65ee7cb486edba90bb05b257361b6bb,application/zip,False,s3://dataverse:19369b9c2c3-fd717b4d2d70,https://rdr.kuleuven.be/api/access/datafile/226881,NOT_DOWNLOADED
227093,US/URS58,URS58_H2.zip,1384469836,05b482fb010733c80ed2c397c39c36ca,application/zip,False,s3://dataverse:193699e4561-a50f1492bbc9,https://rdr.kuleuven.be/api/access/datafile/227093,NOT_DOWNLOADED
227418,US/URS58,URS58_H3.zip,1318113898,5c4d453305a6c70d5837d6e34a8be2de,application/zip,False,s3://dataverse:193696ff1ef-34524d1d80ee,https://rdr.kuleuven.be/api/access/datafile/227418,NOT_DOWNLOADED
227302,US/URS58,URS58_H4.zip,766301733,195313d2f147c26265e72b5bc44e211e,application/zip,False,s3://dataverse:19369b9fbf5-8b94204d3f32,https://rdr.kuleuven.be/api/access/datafile/227302,NOT_DOWNLOADED
226983,US/URS58,URS58_M1.zip,132377270,ba87e6cea0a1551156de148d27778154,application/zip,False,s3://dataverse:19369af2723-83067b93431c,https://rdr.kuleuven.be/api/access/datafile/226983,NOT_DOWNLOADED
226872,US/URS58,URS58_R1.zip,963877764,75b911e736318613dbbdec1622aff4f3,application/zip,False,s3://dataverse:193699fd113-dcd79823e50a,https://rdr.kuleuven.be/api/access/datafile/226872,NOT_DOWNLOADED
227204,US/URS58,URS58_R2.zip,923275774,e15733d8db452029c8762646ae89251b,application/zip,False,s3://dataverse:193696bde5a-317111ac1ec6,https://rdr.kuleuven.be/api/access/datafile/227204,NOT_DOWNLOADED
226996,US/URS58,URS58_R3.zip,943362179,25ce88bc7a8c2aaa024e188475eca92b,application/zip,False,s3://dataverse:19369c9f79a-51a5ba4f15a0,https://rdr.kuleuven.be/api/access/datafile/226996,NOT_DOWNLOADED
226743,CT/URS58,URS58stl.zip,15631937,7b76f4e6e0570b08fdbce3900852fa27,application/zip,False,s3://dataverse:19369468dfa-b6be6a294317,https://rdr.kuleuven.be/api/access/datafile/226743,NOT_DOWNLOADED
270790,CT/URS59,URS59_CT_raw.zip,387287945,4d02f14ec44de77ec8b8e4228084b971,application/zip,False,s3://dataverse:19889f457ee-474fabb70470,https://rdr.kuleuven.be/api/access/datafile/270790,NOT_DOWNLOADED
227132,US/URS59,URS59_D1.zip,1242479891,01def27b5087ffcb765deb3202517e13,application/zip,False,s3://dataverse:1936996fd9b-0386aff52d7e,https://rdr.kuleuven.be/api/access/datafile/227132,NOT_DOWNLOADED
227385,US/URS59,URS59_D2.zip,1561765351,7b66353edc2421b7cdc9a6ed6190faa8,application/zip,False,s3://dataverse:193698ae4d5-ea7b127e8ba8,https://rdr.kuleuven.be/api/access/datafile/227385,NOT_DOWNLOADED
227064,US/URS59,URS59_D3.zip,2111589371,9fd07c913d45c385c76c176c1901341e,application/zip,False,s3://dataverse:193695ca4f3-a4718a228293,https://rdr.kuleuven.be/api/access/datafile/227064,NOT_DOWNLOADED
226955,US/URS59,URS59_D4.zip,3094118678,07c310c71210f396ea6ad02fc49ec64a,application/zip,False,s3://dataverse:193697533ed-940602a2ffa8,https://rdr.kuleuven.be/api/access/datafile/226955,NOT_DOWNLOADED
227225,US/URS59,URS59_D5.zip,2055639936,02e36a8e6200d3e89dd9b6b00f7bb05f,application/zip,False,s3://dataverse:19369732339-81ccdb8af7d1,https://rdr.kuleuven.be/api/access/datafile/227225,NOT_DOWNLOADED
227232,US/URS59,URS59_H1.zip,407786659,fad86cddf19569df581d3641e7ec810d,application/zip,False,s3://dataverse:1936970693f-808ea82c3030,https://rdr.kuleuven.be/api/access/datafile/227232,NOT_DOWNLOADED
227196,US/URS59,URS59_H2.zip,874748008,3aab7189eebacfce55cc5650bf4474cf,application/zip,False,s3://dataverse:193698b2af8-0c0153b23b22,https://rdr.kuleuven.be/api/access/datafile/227196,NOT_DOWNLOADED
226868,US/URS59,URS59_H3.zip,1188440946,f18c702104f7a5867d0e9d213fc92268,application/zip,False,s3://dataverse:19369be1d13-b1ac86cacf53,https://rdr.kuleuven.be/api/access/datafile/226868,NOT_DOWNLOADED
227340,US/URS59,URS59_H4.zip,634088912,c2cde119b618d2646f50bbe1bec3d37c,application/zip,False,s3://dataverse:193699742d3-76b1b55a3e31,https://rdr.kuleuven.be/api/access/datafile/227340,NOT_DOWNLOADED
227057,US/URS59,URS59_H5.zip,671628889,6ab03830ffecc166244d08853198ab1a,application/zip,False,s3://dataverse:19369939c69-bf731a337954,https://rdr.kuleuven.be/api/access/datafile/227057,NOT_DOWNLOADED
227105,US/URS59,URS59_H6.zip,1686843113,9fb9f996e0030054697f12577c305a4a,application/zip,False,s3://dataverse:1936980ccdc-05c894bf5858,https://rdr.kuleuven.be/api/access/datafile/227105,NOT_DOWNLOADED
226812,US/URS59,URS59_R1.zip,981144622,0fc8f189a6d288c58893be5d077d2be9,application/zip,False,s3://dataverse:19369b6b361-d370e73e9243,https://rdr.kuleuven.be/api/access/datafile/226812,NOT_DOWNLOADED
226897,US/URS59,URS59_R2.zip,920204770,030844a8553ee6303df2b838cdca67b6,application/zip,False,s3://dataverse:19369c0c559-7fdef6b972dd,https://rdr.kuleuven.be/api/access/datafile/226897,NOT_DOWNLOADED
226929,US/URS59,URS59_R3.zip,917874894,562486cab930ed5e00ce6701cf8e3175,application/zip,False,s3://dataverse:19369a48950-b2046e7f8e06,https://rdr.kuleuven.be/api/access/datafile/226929,NOT_DOWNLOADED
228086,US/URS59,URS59_R4.zip,914891370,d3cca43f3021b2380b40110ae956d7dc,application/zip,False,s3://dataverse:1937895fb02-5d48ffc85548,https://rdr.kuleuven.be/api/access/datafile/228086,NOT_DOWNLOADED
226687,CT/URS59,URS59stl.zip,13682730,140b4034366169d1687dd9cfaff02760,application/zip,False,s3://dataverse:1936946b720-d5de5b958c6c,https://rdr.kuleuven.be/api/access/datafile/226687,NOT_DOWNLOADED
226703,CT/URS60,URS60_CT_raw.zip,417324008,c240dda8a855f94de07f82eb8001c08d,application/zip,False,s3://dataverse:193694797d1-3d791ccc6eb4,https://rdr.kuleuven.be/api/access/datafile/226703,NOT_DOWNLOADED
227063,US/URS60,URS60_D1.zip,1261440550,07edc27e93630e03e4103b7f359becb5,application/zip,False,s3://dataverse:19369b63732-51b895596bdb,https://rdr.kuleuven.be/api/access/datafile/227063,NOT_DOWNLOADED
227338,US/URS60,URS60_D2.zip,1512157538,bd16144f909589ae163f7ca166840835,application/zip,False,s3://dataverse:19369847860-729bbee51ee4,https://rdr.kuleuven.be/api/access/datafile/227338,NOT_DOWNLOADED
227008,US/URS60,URS60_D3.zip,927805311,133d6bf66993b754906e86f1c319aadf,application/zip,False,s3://dataverse:19369919ec7-316f25de6b70,https://rdr.kuleuven.be/api/access/datafile/227008,NOT_DOWNLOADED
227222,US/URS60,URS60_D4.zip,2165745211,3020848614e0011659650c6c0a984c71,application/zip,False,s3://dataverse:1936972a7c8-832052ba6b28,https://rdr.kuleuven.be/api/access/datafile/227222,NOT_DOWNLOADED
227266,US/URS60,URS60_H1.zip,590838753,35a03d642feba62894d8a65220139a21,application/zip,False,s3://dataverse:1936965d33e-6c2b4ffe1636,https://rdr.kuleuven.be/api/access/datafile/227266,NOT_DOWNLOADED
227050,US/URS60,URS60_H2.zip,1470850880,901c4e1ffd03fc852d1144e0d55c6200,application/zip,False,s3://dataverse:19369b9288d-6d20c578d4f0,https://rdr.kuleuven.be/api/access/datafile/227050,NOT_DOWNLOADED
227012,US/URS60,URS60_H3.zip,1302144468,5337bdeeb7bbf39fa9d266d0a5234a57,application/zip,False,s3://dataverse:193696683c8-096fefc5ed89,https://rdr.kuleuven.be/api/access/datafile/227012,NOT_DOWNLOADED
226969,US/URS60,URS60_H4.zip,644408533,e791df8ae7c0469cd56a6aaf73aadfd5,application/zip,False,s3://dataverse:19369b49e1e-853dc84f38d0,https://rdr.kuleuven.be/api/access/datafile/226969,NOT_DOWNLOADED
227024,US/URS60,URS60_M1.zip,257673434,15b9bb2663f8c27fea554cd783c1f5f6,application/zip,False,s3://dataverse:19369afe392-2ba773683246,https://rdr.kuleuven.be/api/access/datafile/227024,NOT_DOWNLOADED
227077,US/URS60,URS60_R1.zip,952444606,01a5f1ed72949b28dafcde01072dd963,application/zip,False,s3://dataverse:19369ae9a57-d94e8d1da87f,https://rdr.kuleuven.be/api/access/datafile/227077,NOT_DOWNLOADED
227308,US/URS60,URS60_R2.zip,950169917,e0a6997c66b09fce0c6cca971641a570,application/zip,False,s3://dataverse:19369543c6d-fbe1040d3eba,https://rdr.kuleuven.be/api/access/datafile/227308,NOT_DOWNLOADED
227217,US/URS60,URS60_R3.zip,957140768,523e58f26c532bdca40671f6dd5e9fcd,application/zip,False,s3://dataverse:19369bf1fc9-ccd5fbde5c90,https://rdr.kuleuven.be/api/access/datafile/227217,NOT_DOWNLOADED
226784,CT/URS60,URS60stl.zip,15187287,f452b04a9893b8cf4491cd15cccc2953,application/zip,False,s3://dataverse:19369427d79-a112bfca5069,https://rdr.kuleuven.be/api/access/datafile/226784,NOT_DOWNLOADED
226749,CT/URS61,URS61_CT_raw.zip,383549229,b0acd6c12500456d9dc454d58835a502,application/zip,False,s3://dataverse:193694959b3-872448f7cc0c,https://rdr.kuleuven.be/api/access/datafile/226749,NOT_DOWNLOADED
226938,US/URS61,URS61_D1.zip,814645954,9d6561befb00304086a83a2a88ced2aa,application/zip,False,s3://dataverse:193695679ae-fefb027731de,https://rdr.kuleuven.be/api/access/datafile/226938,NOT_DOWNLOADED
227355,US/URS61,URS61_D2.zip,1037633553,16a4e416d0ede8b525d45f2babf63ecf,application/zip,False,s3://dataverse:19369a233b3-d73724212413,https://rdr.kuleuven.be/api/access/datafile/227355,NOT_DOWNLOADED
227178,US/URS61,URS61_D3.zip,1401590853,0c17e3cf81c3e9c9a250b3f35a74a30f,application/zip,False,s3://dataverse:19369a6a768-c1325a0a4e4f,https://rdr.kuleuven.be/api/access/datafile/227178,NOT_DOWNLOADED
227068,US/URS61,URS61_D4.zip,2403033908,324c87c780916d0a0a53c2776031f04b,application/zip,False,s3://dataverse:1936968c744-6d2c8579d907,https://rdr.kuleuven.be/api/access/datafile/227068,NOT_DOWNLOADED
227392,US/URS61,URS61_H1.zip,447706186,9d364293bed4f3a9b312413dfaec085f,application/zip,False,s3://dataverse:193694fdafe-7f1fe88cfb13,https://rdr.kuleuven.be/api/access/datafile/227392,NOT_DOWNLOADED
227014,US/URS61,URS61_H2.zip,853217768,06e3f2480ea997b92b9d46b0fb8316dc,application/zip,False,s3://dataverse:1936963228e-a973c231a512,https://rdr.kuleuven.be/api/access/datafile/227014,NOT_DOWNLOADED
227278,US/URS61,URS61_H3.zip,1057687733,ec8f2431bf7eb784340e442f03dbd5d7,application/zip,False,s3://dataverse:193698fedf6-25885ff85339,https://rdr.kuleuven.be/api/access/datafile/227278,NOT_DOWNLOADED
226914,US/URS61,URS61_H4.zip,577277274,211b1520b5a8e101d9033af5cc6561d3,application/zip,False,s3://dataverse:1936952099f-a0ec5cbcc359,https://rdr.kuleuven.be/api/access/datafile/226914,NOT_DOWNLOADED
226910,US/URS61,URS61_R1.zip,689203626,ba1bb78e7a5c4fcef86e0b6443716989,application/zip,False,s3://dataverse:19369665f3d-c36959414948,https://rdr.kuleuven.be/api/access/datafile/226910,NOT_DOWNLOADED
227187,US/URS61,URS61_R2.zip,621890384,9fe0a0956ad3ac01e638451f371ff568,application/zip,False,s3://dataverse:19369c6e29e-b346553fb87a,https://rdr.kuleuven.be/api/access/datafile/227187,NOT_DOWNLOADED
227045,US/URS61,URS61_R3.zip,613564938,9ee7a84e08f5445d9e4c96b4260f006a,application/zip,False,s3://dataverse:1936979e7ce-0461ea8bfcba,https://rdr.kuleuven.be/api/access/datafile/227045,NOT_DOWNLOADED
226714,CT/URS61,URS61stl.zip,13980373,cba8279901a8894d09fce549d8621916,application/zip,False,s3://dataverse:1936948faf2-11b8ed0b7bad,https://rdr.kuleuven.be/api/access/datafile/226714,NOT_DOWNLOADED
226804,CT/URS62,URS62_CT_raw.zip,370578852,c1b268194f8298f614b9f2205288b749,application/zip,False,s3://dataverse:19369480d61-a76a1cec722f,https://rdr.kuleuven.be/api/access/datafile/226804,NOT_DOWNLOADED
227304,US/URS62,URS62_D1.zip,764797998,b19b78dff6261c5835840084b97323da,application/zip,False,s3://dataverse:19369c5e7a7-08a00b945182,https://rdr.kuleuven.be/api/access/datafile/227304,NOT_DOWNLOADED
226852,US/URS62,URS62_D2.zip,917668757,6f27f96a2b1252c3aacf858097998305,application/zip,False,s3://dataverse:1936952d543-d6e1e0bda518,https://rdr.kuleuven.be/api/access/datafile/226852,NOT_DOWNLOADED
270800,US/URS62,URS62_D3.zip,1304714010,ca9df8a8edfb1e5a4c293f61602437a6,application/zip,False,s3://dataverse:19889f37148-8297d7f97984,https://rdr.kuleuven.be/api/access/datafile/270800,NOT_DOWNLOADED
227388,US/URS62,URS62_D4.zip,1780882398,d856c4108e669b4bc173314d8ef79d2a,application/zip,False,s3://dataverse:1936963b1ca-321abc2bb71d,https://rdr.kuleuven.be/api/access/datafile/227388,NOT_DOWNLOADED
227053,US/URS62,URS62_H1.zip,418938275,dadac101767ba40e76af83abc2d1bf21,application/zip,False,s3://dataverse:1936999a323-b0e91a06b064,https://rdr.kuleuven.be/api/access/datafile/227053,NOT_DOWNLOADED
227345,US/URS62,URS62_H2.zip,911917558,502ded9a5b44ae04706dff2e3a16a5f4,application/zip,False,s3://dataverse:19369c85c7c-dd070fbc42c8,https://rdr.kuleuven.be/api/access/datafile/227345,NOT_DOWNLOADED
226814,US/URS62,URS62_H3.zip,883165231,11df40f6904a8e54e32962f50354eea2,application/zip,False,s3://dataverse:19369a36a60-75355a537aa5,https://rdr.kuleuven.be/api/access/datafile/226814,NOT_DOWNLOADED
226840,US/URS62,URS62_H4.zip,447393801,0dc839dcea0cd4430e80202f7a0e2eb2,application/zip,False,s3://dataverse:19369ac184e-7429368c3f5b,https://rdr.kuleuven.be/api/access/datafile/226840,NOT_DOWNLOADED
226977,US/URS62,URS62_R1.zip,615198995,e675c333ead1590d2701e8585373cc87,application/zip,False,s3://dataverse:1936959da15-0136ed349a3b,https://rdr.kuleuven.be/api/access/datafile/226977,NOT_DOWNLOADED
227088,US/URS62,URS62_R2.zip,597678219,950a891bebf6e163891c1e4d78d539db,application/zip,False,s3://dataverse:193699c0f64-9b5866cfd31a,https://rdr.kuleuven.be/api/access/datafile/227088,NOT_DOWNLOADED
226865,US/URS62,URS62_R3.zip,602641108,291508383539d4d6cbca9f22e3a48fd9,application/zip,False,s3://dataverse:193696b36ea-8e31a88938f4,https://rdr.kuleuven.be/api/access/datafile/226865,NOT_DOWNLOADED
226790,CT/URS62,URS62stl.zip,12994556,b41e4de071be5607b3159f81c1438135,application/zip,False,s3://dataverse:1936945dd46-1a94137fed3c,https://rdr.kuleuven.be/api/access/datafile/226790,NOT_DOWNLOADED
226708,CT/URS63,URS63_CT_raw.zip,433030134,acea8d56a49ec0a79fdc5cd69bcf3886,application/zip,False,s3://dataverse:1936948d7a1-c8c14e0b8c5e,https://rdr.kuleuven.be/api/access/datafile/226708,NOT_DOWNLOADED
226978,US/URS63,URS63_D1.zip,1174002882,2d9686eb454391d0ef5cc78cbf9c23f0,application/zip,False,s3://dataverse:193699463ac-bb6a46c203af,https://rdr.kuleuven.be/api/access/datafile/226978,NOT_DOWNLOADED
227139,US/URS63,URS63_D2.zip,1507217128,ff3b03ba8207d5f32d79c27f28edb422,application/zip,False,s3://dataverse:19369ca29a8-396f7b196959,https://rdr.kuleuven.be/api/access/datafile/227139,NOT_DOWNLOADED
226874,US/URS63,URS63_D3.zip,1428340126,50fefeae20e4152e363fcb4898024c63,application/zip,False,s3://dataverse:1936981cc90-544557fe954d,https://rdr.kuleuven.be/api/access/datafile/226874,NOT_DOWNLOADED
227292,US/URS63,URS63_H1.zip,560168563,c92a6df03bdd22ad40fd9ed5ccb47bbb,application/zip,False,s3://dataverse:19369a1b4a6-8082f034bc2b,https://rdr.kuleuven.be/api/access/datafile/227292,NOT_DOWNLOADED
226842,US/URS63,URS63_H2.zip,1414794478,740b482fa16bb72b5b7d0dbdcaa00522,application/zip,False,s3://dataverse:193698e89dd-be6d96025776,https://rdr.kuleuven.be/api/access/datafile/226842,NOT_DOWNLOADED
227059,US/URS63,URS63_H3.zip,1179268357,59367ae05b430db75d505803ee9cc6c3,application/zip,False,s3://dataverse:193696c81e8-f38f55ad4636,https://rdr.kuleuven.be/api/access/datafile/227059,NOT_DOWNLOADED
227184,US/URS63,URS63_H4.zip,706571866,a5bcfddb7303f0048c56dbc6f57c6ca4,application/zip,False,s3://dataverse:19369c3e9f1-6314fd34da9a,https://rdr.kuleuven.be/api/access/datafile/227184,NOT_DOWNLOADED
227265,US/URS63,URS63_R1.zip,894874008,6e371a05c1a0c2797a9da28c2bb74764,application/zip,False,s3://dataverse:19369c67e39-ee1ebf8786fc,https://rdr.kuleuven.be/api/access/datafile/227265,NOT_DOWNLOADED
226824,US/URS63,URS63_R2.zip,891669293,849dbe9ca124ae8e5d3b7735026357b9,application/zip,False,s3://dataverse:19369b7d845-dd7a8c0d8f12,https://rdr.kuleuven.be/api/access/datafile/226824,NOT_DOWNLOADED
226947,US/URS63,URS63_R3.zip,803085542,2a233143b6f8211fbaa208792e533965,application/zip,False,s3://dataverse:193695ac760-d33b8b646c2e,https://rdr.kuleuven.be/api/access/datafile/226947,NOT_DOWNLOADED
226688,CT/URS63,URS63stl.zip,18774547,a889ce28ccb068e2c844014e49e42b29,application/zip,False,s3://dataverse:19369456f62-0ee9ff9831dd,https://rdr.kuleuven.be/api/access/datafile/226688,NOT_DOWNLOADED
358659,US,US_calibration.zip,15226,a80e0b251d7a6a8c0b1d66cde7a37d1d,application/zip,False,s3://dataverse:19e4fd52e2e-88d9b077c0fb,https://rdr.kuleuven.be/api/access/datafile/358659,NOT_DOWNLOADED
271414,US,US_scantype_availability.csv,48655,598a68c44db7d5aaa97d8f8017b8942a,text/comma-separated-values,False,s3://dataverse:198bda95f2d-8d22a354e990,https://rdr.kuleuven.be/api/access/datafile/271414,NOT_DOWNLOADED
271417,US,US_spatialtrackingvalidation.zip,20835130,6a418517aca04c91518ee4a54c8b5de8,application/zip,False,s3://dataverse:198bda96275-a544a4df26e7,https://rdr.kuleuven.be/api/access/datafile/271417,NOT_DOWNLOADED
